:020000040800F2
:1000000000000220B55A0208195A02081B5A0208B9
:100010001D5A02081F5A0208215A02080000000057
:10002000000000000000000000000000419E0208E7
:10003000235A020800000000A19E0208255A020867
:10004000055B0208055B0208055B02088D5A020881
:10005000055B0208055B0208055B0208055B0208F8
:10006000055B0208055B0208055B0208055B0208E8
:10007000055B0208055B0208055B0208055B0208D8
:10008000055B0208055B0208055B0208055B0208C8
:10009000055B0208055B0208055B0208855A020839
:1000A000055B0208055B0208055B0208055B0208A8
:1000B000055B02086D5A0208055B0208055B020831
:1000C000055B0208055B0208055B0208055B020888
:1000D000055B0208495A0208555A0208055B0208E6
:1000E000055B0208055B0208055B0208055B020868
:1000F000055B0208055B0208055B0208055B020858
:10010000055B0208055B0208055B0208055B020847
:10011000055B0208055B0208055B0208795A0208C4
:10012000055B0208055B0208055B02083D5A0208F0
:10013000055B02080000000000000000055B0208EB
:10014000055B0208055B0208055B0208055B020807
:10015000055B0208055B0208055B0208615A02089C
:10016000055B0208055B0208055B0208055B0208E7
:10017000055B0208055B02080000000000000000AB
:08018000055B0208055B0208A3
:1001900010B5054C237833B9044B13B10448AFF3C1
:1001A00000800123237010BDF80000200000000033
:1001B000A8B4020808B5034B1BB103490348AFF3C9
:1001C000008008BD00000000FC000020A8B4020868
:1001D00010F8012B11F8013B012A28BF9A42F7D0F1
:1001E000D01A7047034613F8012B002AFBD1181AC6
:1001F000013870470000000000000000000000000F
:1002000001F0FF01102A2BDB10F0070F08D010F8C7
:10021000013B013A8B422DD010F0070F42B3F6D1CB
:10022000F0B441EA012141EA014122F007047FF0E4
:1002300000070023F0E80256083C85EA010586EA3B
:10024000010685FA47F5A3FA87F586FA47F6A5FA77
:1002500087F68EB9EED1F0BC01F0FF0102F0070283
:1002600032B110F8013B013A83EA010313B1F8D12E
:100270000020704701387047002D06BF354603380F
:10028000073815F0010F07D1013015F4807F02BF48
:10029000013015F4C03F0130F0BC0138704700BF99
:1002A00053B94AB9002908BF00281CBF4FF0FF31DD
:1002B0004FF0FF3000F06AB9ADF1080C6DE904CEE3
:1002C00000F006F8DDF804E0DDE9022304B0704731
:1002D0002DE9F047089D0C46002B4ED194468C45E5
:1002E0008646B2FA82F262D94AB1C2F12003914045
:1002F00020FA03F30CFA02FC194300FA02FE4FEA5B
:100300001C471FFA8CF6B1FBF7F44FEA1E4307FBBC
:10031000141143EA014304FB06F199420AD91CEB8C
:10032000030304F1FF3080F01281994240F20F8103
:10033000023C6344591A1FFA8EF3B1FBF7F007FB36
:10034000101143EA014300FB06F69E420AD91CEB5A
:10035000030300F1FF3180F0FC809E4240F2F980FF
:10036000634402389B1B40EA044000211DB1D34086
:100370000022C5E90032BDE8F0878B4205D90DB1F6
:10038000C5E9000100210846F5E7B3FA83F1002929
:1003900046D1A34202D39042C0F0F080861A64EBAB
:1003A00003030120002DE6D0C5E90063E3E7002A3E
:1003B00040F09080A1EB0C044FEA1C481FFA8CF728
:1003C0000121B4FBF8F64FEA1E4308FB164443EA4A
:1003D000044307FB06F0984208D91CEB030306F11F
:1003E000FF3402D2984200F2CD8026461C1A1FFA32
:1003F0008EF3B4FBF8F008FB104443EA044300FB1F
:1004000007F79F4208D91CEB030300F1FF3402D227
:100410009F4200F2B0802046DB1B40EA0640A5E781
:10042000C1F120068B4022FA06F71F4320FA06FC92
:1004300004FA01F343EA0C03F44000FA01F8380C23
:100440004FEA1349B4FBF0FE1FFA87FC00FB1E4481
:1004500049EA04440EFB0CF9A14502FA01F20AD95B
:100460003C190EF1FF3A80F08480A14540F2818072
:10047000AEF1020E3C44A4EB09041FFA83F9B4FB6D
:10048000F0F300FB134449EA044403FB0CFCA445CD
:1004900007D93C1903F1FF3067D2A44565D9023B67
:1004A0003C4443EA0E40A0FB0293A4EB0C049C42A4
:1004B000CE469C4651D34ED055B1B8EB0E0364EBFB
:1004C0000C0404FA06F6CB401E43CC40C5E9006498
:1004D000002150E7C2F1200320FA03F10CFA02FCDC
:1004E00024FA03F394400C434FEA1C4800FA02FE3E
:1004F0001FFA8CF7B3FBF8F008FB1031230C43EA2A
:10050000014300FB07F1994208D91CEB030300F1FA
:10051000FF362CD299422AD9023863445B1AA4B21E
:10052000B3FBF8F108FB113344EA034401FB07F382
:10053000A34208D91CEB040401F1FF3613D2A342F5
:1005400011D902396444E41A41EA004139E704460A
:10055000F0E6084606E7C845AED2B9EB020E63EBFB
:10056000070C0138A8E73146EDE7034699E7304626
:10057000D4E7D6467FE7634402384DE70646234674
:1005800008460FE7023E634430E700BF704700BFF4
:1005900008B510B919F006FA00B1006908BD08B530
:1005A00010B919F0FFF900B1406908BD08B510B9DC
:1005B00019F0F8F900B1C06908BD08B510B919F013
:1005C000F1F900B1006A08BD08B508B919F0EAF9F7
:1005D000806808BD40B1837E8B4204D9C0680C237B
:1005E00003FB010070470020704710B50C4668B946
:1005F0004B68186860B1036943B10022E26021468C
:100600009847207EC04300F0010002E00068F1E757
:10061000012010BD70B5044600F07EFA00BB63688F
:1006200000219868FFF7D6FF0E4605462DBB2146F0
:100630002846FFF7DAFF0646E0B163682946986866
:10064000FFF7C8FF00284BD0012E14D10368002B00
:1006500033D16368013598682946FFF7BBFFF1E79E
:10066000006883680BB1217A9847237E9E0752D495
:10067000DD07D4D50026304670BD2A683AB96368D4
:10068000013698683146FFF7A5FF0546CEE795F994
:1006900008102B7A0029F2DA802B04D0217A23F07B
:1006A00080038B42EBD16B68E36020469047237E4A
:1006B000980730D4D907E2D5DCE790F90810027A20
:1006C0000029C6DB12B1217A9142C2D14268E260B0
:1006D00020469847237E9A071DD4D807B9D5C9E785
:1006E000012EC8D160684368ABB1237E590712D48C
:1006F000237A233B012B10D94FF4804100F0FCFEFC
:1007000048B1237A113BDBB21B2B06D8084A22FAE8
:1007100003F3DA0701D50126ADE763685B68636020
:100720002046FFF777FF431E5E425E41A3E700BF0E
:10073000FF270F0B10B588B0B8B10023CDE9043204
:100740009DF81C300A4C8DF80C1023F00703CDE9FE
:1007500001008DF81C3001A8236806932060FFF784
:1007600059FF069B236008B010BD0120FBE700BFC6
:10077000140100200068704740687047007A00F05C
:100780007F00704700697047C0687047074B1B685F
:1007900003B970475A68824202D01A68824203D174
:1007A0001A7E42F001021A765B69F1E7140100201B
:1007B0002DE9F8430546174698460E4601F08AF89B
:1007C000D5F8089099F81A40D9F80C000134E4B231
:1007D00089F81A4004EB4404A1001AF0DBFAAA6875
:1007E000C9F80C00D36803B9FEE7917E0C246FF0C2
:1007F0000B0214FB012418191E510772C0F8048063
:10080000BDE8F883037A013B0F2B94BF00690020F9
:100810007047037A143B052B94BF00690020704792
:10082000027A132A0B4606D10269B2F900109942E6
:10083000B8BF194611807047F8B50746002019F077
:10084000F9F800260446354634B9BDB9C6B9304674
:10085000BDE8F84019F0EEB8204600F063F9236DCA
:10086000BB4205D1022808D02646042808BF2546E9
:10087000204619F0DFF80446E6E725462846F8BD8D
:100880003546FBE72DE9F047067E16F001060546E2
:10089000884691464FD1C4684FF0010A002C41D1DF
:1008A0002B7E1A0701D4002E45D1BAF1000F42D099
:1008B0002846C0470446002E50D04FF0000A002CB6
:1008C000EED0206800F024FE0306E7D42768002F4E
:1008D00033D1EB68A3422ED073B128461E68FFF7D0
:1008E000ABFF0F2102463046FFF724FF012822D13B
:1008F000EB68186801F0EAFEEC6028462468FFF710
:100900009BFF0E2102462046FFF714FF012812D15B
:10091000EB68186801F0DAFE2B6963B12846BDE880
:10092000F047184721462846C847002E08BF2646EC
:10093000B0420446C3D1BDE8F0870121384600F03B
:10094000DBFD20B9384604F00BFE0746BFE7012166
:10095000384600F0D1FD0028BBD09FE70028EAD040
:1009600006464FF0000AACE701481C2119F0F9BE19
:10097000B8040020014B1868704700BF1801002020
:10098000014A0249FFF77EBF63A8010857A8010882
:10099000014A0249FFF776BF6BA801085DA801086C
:1009A00038B5037EC3F3C00543F0080303765B0745
:1009B000044606D4FFF7E4FF237E65F3C3032376E2
:1009C00038BDFFF7E5FFF7E770B50C46054678B38D
:1009D00019F041FF0146C8B9204600F09BFD40B127
:1009E000A3689B6853B1DB681B68A34206D1FFF77D
:1009F000D7FFA36813B9204600F06CFFA368284610
:100A00009D6019F0D1FE064638B9FEE70B68A34297
:100A10000ED0284619F025FFDCE70460284619F0BF
:100A20001AFF864204D12846BDE87040FFF7B8BFE0
:100A300070BD70B5064600F06DFD0446002838D044
:100A4000C368E3B11B68B34219D1037EDA0744BF20
:100A50006FF30003037619F0FEFEE368834229D1A9
:100A6000204619F0FBFEE368984223D10568204632
:100A7000FFF7E2FE0F2102462846FFF75BFEE36820
:100A800023B11B68B34204BF0023E360204619F082
:100A9000E2FE054668B12B68B342294620460DD1D7
:100AA00019F09EFE284619F0D9FFB3680BB1002259
:100AB0009A6070BD2046FFF773FFE0E719F0D1FEA2
:100AC000E7E710B1C06800B10068704738B5034669
:100AD000E0B1027EC2F340048C4217D061F34102C0
:100AE0000276FFF7EEFF044680B1DA681846156813
:100AF000FFF7A2FE0E2102462846FFF71BFE012843
:100B000004D12046BDE8384001F0E0BD38BD10B149
:100B1000007EC0F340007047014B1868704700BF6B
:100B20002001002008B103681878704738B50D46D9
:100B3000044600283ED0437943F002034371214B21
:100B40001B68834202BF204B00221A6003681B7897
:100B5000013B012B12D821B9016341620023A3623A
:100B60000CE0036B8B4204BF00230363436A8B4298
:100B700004BF00234362836A8B42EFD038BD4379C0
:100B800043F00203437103681B78013B012B11D82A
:100B90001DB90563456284620CE0036BAB4204BF80
:100BA00000230363436AAB4204BF00234362836AAA
:100BB000AB42F0D018F03EFF0028E0D1024B1860A5
:100BC000DCE700BF200100201C01002043796FF307
:100BD000000310B54371044618F042FFA06418F0FA
:100BE0003FFF606410BD10B90880488070470368FB
:100BF0001B7803F0FD03012B05BFB0F908300B8013
:100C00004FF6FF73B0F90A001CBF0B804FF0FF30A6
:100C1000EBE758B103681B7803F0FD03012B04D107
:100C200090F8400000F00F0070470020704740B17E
:100C300003681B7803F0FD03012B01D1C06A7047E4
:100C40000020704700230B804B8058B103681B784D
:100C500003F0FD03012B01BFB0F914300B80B0F994
:100C600016304B80704718B1437943F00803437145
:100C700070470000014B1868704700BF1C0100203E
:100C8000C0B103290BD00C2913D1B0F9223002686E
:100C9000527E0020C2F1640264211BB97047B0F992
:100CA0002030F4E7184400B2534393FBF1F31BB236
:100CB000F3E7002070472DE9F0414F680D463FB340
:100CC000384602F04FFD0646384602F0F5FC41F684
:100CD0001002804600213846FC8A03F08DFD23185F
:100CE000A3EB08039BB2EB82013B6B8341F612023C
:100CF00000213846BC8A03F07FFD0444A01B80B26B
:100D0000A882013828834BF67633EB61BDE8F08189
:100D100041F67603F9E72DE9F04F038C8DB08B4255
:100D200004468A46049300F0E38001840A4619468B
:100D300004F04CFA0390002800F0DA804FF42070A1
:100D40001AF042F84FF4207106464FF000081AF0EE
:100D500085F86FEA0A0347460893638CC3F3C5031B
:100D6000434501D9202F04D11423354603FB0767DF
:100D700097E0D4F80C9009EBC80B4FEAC805DBF8F4
:100D8000040020F07F4004F045FBE36805902B440D
:100D9000586820F07F4004F03FFB089B059A0690BE
:100DA00013420DD19BF8073013F0020308D159F814
:100DB000051091F90920002A16DA4B681A8812B931
:100DC00008F10108C9E7672A0CD15D684FF00009F6
:100DD0002B6833F80930002BF2D0202FF0D03246A8
:100DE000002339E00833E9E7CA7A002AE8D0012A6B
:100DF0000DD0486800EB820131F8025B672D02D10B
:100E000050F82350E2E701339A42F5D8D8E70B892E
:100E1000C3F30E03672BD3D14D68D7E751680B930B
:100E200008460A92099104F0F5FA099907900846D4
:100E300004F0F2FA29680A9A31F80910B2F808C0E9
:100E40000B9B8C4506D10699814203D105990798E1
:100E5000814218D9013314329F42DFD114237B43DE
:100E6000E8682968F052F2182B695380AB68D360A8
:100E700031F8093013816B681361DBF80430C3F378
:100E800017035360013709F10209A1E7686804F00C
:100E9000C3FA00950146049A5346204604F0F4F83C
:100EA0001435AF42F2D1304619F0E6FD039B012B19
:100EB00005D120460DB0BDE8F04F01F007BC039B03
:100EC000032B09D14FF6FF724FF4702120460DB06D
:100ED000BDE8F04F03F082BD039B022B08D12046F2
:100EE00001F0F4FB20460DB0BDE8F04F01F012B95F
:100EF0000DB0BDE8F08F00002DE9F043A5B0054628
:100F0000FFF73CFC06462846FFF734FC122E044649
:100F10005ED12846FFF736FC0378022B054608D041
:100F200061220021204603F067FC064620B102231F
:100F30002B7025B0BDE8F08301466022204603F007
:100F40005BFC40F60A020FFA80F83146204603F0B7
:100F500053FC40F60B0207463146204603F04CFC9A
:100F6000B4F91620B4F91AC0A18AB4F918E0BBB2DA
:100F700080B2C91A121A6044ADF848107344ADF833
:100F80004A20ADF84E0042466868ADF84C3012A9D0
:100F900019F0B6F808B90123CAE7212231462046E4
:100FA00003F02AFCC0B2FC28F5D93146682220465D
:100FB00003F022FC10F0FF06EDD140F26242314610
:100FC000204603F019FCC0B2FC28E4D92E70B0E72B
:100FD000152E40F08C802846FFF71BFC04AF064618
:100FE000384607F035F934220021204603F004FC8E
:100FF00028B19DF8333043F001038DF833303A4681
:101000000021204600F06CFD40F60A020021204637
:1010100003F0F2FB40F60B0205460021204603F0E8
:10102000EBFBB4F918E0A18AB4F91AC0B4F91620A0
:10103000ABB2C91A7344ADF80C3083B2D21AADF812
:1010400008106344314612A80025ADF80A20ADF817
:101050000E300DF1080801F050F8C74B139312AA97
:101060001A21204614951697CDF854801F95FFF746
:1010700061FB61222946204603F0BEFBDDF820908B
:1010800098B3BDF9103083B308950125424639461F
:10109000304607F003F915B3182019F095FE04F156
:1010A00014010546BDF91020002306F0C1FE04F529
:1010B0009071284606F004FDB9F1000F0FD000230F
:1010C0008DF813308DF832308DF83A308DF8463087
:1010D000CDF8209042463946304607F0DFF812AA94
:1010E0001B212046FFF726FB23E70025CEE7182E1D
:1010F0007FF41FAF2846FFF78CFB02AA064669461D
:10110000204602F0E2FE684618F0CDFE002800F00E
:10111000C18004AD284607F09BF821224FF48031AE
:10112000204603F069FBC0B202288DF8130007D9EE
:1011300020224FF48031204603F05EFBADF814000E
:1011400031224FF48031204603F056FBC0B2022812
:101150008DF8320014D941F232024FF4803120462A
:1011600003F04AFB00B20028ADF8300040F3FB80EA
:1011700030224FF48031204603F03EFBADF82E00C4
:1011800040F645024FF48031204603F035FBC0B2F3
:1011900002288DF846001DD94FF404624FF48031C7
:1011A000204603F029FB00B20028ADF83E0040F3D2
:1011B000DE8040F643024FF48031204603F01CFBF2
:1011C0004422ADF844004FF48031204603F014FB74
:1011D000ADF83C0040F262424FF48031204603F00B
:1011E0000BFBC0B2FC280BD89DF8133043431B12F5
:1011F0008DF8133043431B0A8DF832308DF846309A
:101200009DF832209DF8133013439DF84620134378
:1012100046D060224FF48031204603F0EDFA31468B
:10122000ADF8100012A800F068FF534B139302238F
:10123000149368464FF4803316951F9318F033FECD
:1012400080B112AA1A212046CDF854D0FFF772FAC5
:101250006A462946304607F021F812AA1B2120468B
:10126000FFF768FA02A818F01EFEC8B102AB12AA76
:101270001A2120461593FFF75DFA02AB1A4629465C
:101280003046159307F00AF812AA1B212046FFF7F3
:1012900051FA05E002A818F006FE00287FF439AFE5
:1012A00061220021204603F0A7FA50B104F59070A6
:1012B00006F050FC054620B106F062FC284619F005
:1012C000DBFB34220021204603F096FA00283FF48D
:1012D00030AE0DF110080025404606F0B9FF424639
:1012E000294620468DF813508DF82A508DF83A5033
:1012F0008DF8465000F0F4FB40F60A0229462046DD
:1013000003F07AFA40F60B0207462946204603F01E
:1013100073FAB4F91AC0B4F91620A18AB4F918E026
:10132000BBB280B2121AC91A60447344ADF80810F7
:10133000ADF80E00314612A8ADF80C30ADF80A2019
:1013400000F0DBFE0C4B13930123149312AA02ABA3
:101350001A212046CDF8588015931F95FFF7EAF91A
:1013600002AA4146B8E600238DF8323008E7002390
:101370008DF846302EE700BFE8B4020810B5134CD4
:1013800023780BBB19F05CFB1AF020FC19F046F82F
:1013900018F05AFCFFF7E8FA05F0A7F803F020FA76
:1013A0000B484FF4AC7119F0DCF95821094819F0D9
:1013B000D8F904F0B1FC08F06FF80A2007F0CCFC73
:1013C00011F0F8F90123237010BD00BF280100209F
:1013D000E8040020DC04002010B50146034800F0BA
:1013E000ADFA044600F035FB204610BDE8B4020813
:1013F000F0B585B00D46044600F060FF15F001071A
:10140000064602D0204601F061F9E3692B43E3610F
:1014100017B1204601F05AF9204600F04FFFB042C4
:1014200002D115F0C07F07D0204604F099F800F0F3
:101430005FFF204600F05CFFEB060CD502AA694670
:10144000204602F042FD6946204601F025F902A936
:10145000204601F021F905B0F0BD7FB50D460446E8
:1014600000F02CFFEA0606460CD502AA6946204683
:1014700002F02BFD6946204601F00EF902A9204634
:1014800001F00AF9E36923EA0503E361EB070ED5EE
:10149000204601F01BF9204600F010FF38B120462D
:1014A00004F05EF800F024FF204600F021FF204603
:1014B00000F004FFB04202D115F0C07F07D02046F3
:1014C00004F04EF804B0BDE8704000F011BF04B065
:1014D00070BD038C43EA010231EA030302D01146D6
:1014E000FFF719BC7047038C0A461A4223EA010130
:1014F00001D0FFF710BC7047C36999430CBF0120AE
:1015000000207047C369194214BF012000207047B2
:10151000008C7047806800B180687047F0B508465D
:1015200085B00D46FFF72AF906462846FFF724F94D
:10153000012E044605D1202105B0BDE8F040FFF79B
:10154000C8BF033E272E55D8DFE816F047005400E9
:1015500054005400540028000F011101540054009D
:101560005E00E90028015400540089017A0154000A
:10157000890154005400890154005400540054005F
:10158000540054005400540054004D0154005400C1
:1015900054005400540054002A014E002021FFF74B
:1015A000A2FF2846FFF7EEF8FFF741FB10BBE36907
:1015B0001E071FD5238CDD074FF00101204602D402
:1015C000FFF787FF01E0FFF78EFF00221C21204676
:1015D00005B0BDE8F040FFF7ADB82021204605B0CA
:1015E000BDE8F040FFF77FBF03F0CCFF00250646C3
:1015F000B54201D105B0F0BDA3681B6853F82500C2
:1016000000F076FE0135F3E7C369180715D52846C3
:10161000FFF7B8F8057805F0FD03112B02D1012181
:101620002046CDE7142D01D0122D03D101212046F3
:10163000FFF759FF0A2DDDD0C7E703F40163B3F5C7
:10164000016FD7D1204600F0F0F90028D2D1204612
:1016500002F088F80746204602F0EEF806462846D3
:10166000FFF790F80378122B0CD1204602F012F805
:101670000546204600F0E2FE031EB8BF033305EB2B
:10168000A3010DE0112B13D1204602F003F805460B
:10169000204600F0D3FE031E00DA0333A5EBA301BE
:1016A000002209B2204605B0BDE8F04002F0CEBBF2
:1016B000132B1CD1204601F0C7FF8107D5D0002F86
:1016C00001DC002ED1DD204601F0D2FF0546204688
:1016D00000F0AEFE031EB8BF033305EBA3010022EA
:1016E00009B2204605B0BDE8F04002F099BB142BCA
:1016F00080D1204601F0A8FF8207C5D0002F01DC71
:10170000002EC1DD204601F0B3FF0546204600F063
:101710008FFE031EB8BF0333A5EBA301DFE7C36948
:101720005B0502D5012102F0B5FB2046FFF7F2FE72
:10173000FFF7EDF90646FFF7EFF910B92846FFF776
:1017400061F8FFF7EFF9022808D0042814BF02213E
:1017500006212EB141F008012046EDE60621F8E70A
:101760002046FFF7B6FE082138E74021F4E7402184
:10177000FFF7B9FE204601F05FFF02287FF43AAF81
:1017800002AA6946204602F0A0FB6946204600F006
:1017900083FF02A9204600F07FFF2BE70E211DE703
:1017A00041F20902002103F027F841F269020546DF
:1017B0000021204603F020F880B208B9EDB215B13F
:1017C000204600F095FD204603F0DCFE002506468D
:1017D000B5423FF40FAFA3681B6853F8250000F033
:1017E00087FD0135F4E741F20102002103F004F81E
:1017F00041F2040200210646204602F0FDFF41F2BC
:10180000090200210546204602F0F6FF41F2690276
:1018100007460021204602F0EFFF80B250B9FFB228
:1018200047B936B242F2D1739E4203D02DB29D42E7
:101830007FF4E0AE204605B0BDE8F04000F058BDB2
:101840002846FEF79FFF00210546204600F0E4FBF6
:10185000B5F900308342B8BF03462B80CAE628465C
:1018600005B0BDE8F040FFF747BB000010B50846E3
:101870000C46FEF78BFF002002F0B8FF144A00214F
:10188000204603F077FA012002F0B0FF0021204645
:1018900018F00EFA2046FFF73DFE10B12046FFF784
:1018A000C8F8A3689BB1186820B119F0D7F8A368ED
:1018B00000221A60A368D86820B119F0CFF8A36895
:1018C0000022DA60A06819F0C9F80023A36010BDF7
:1018D000FFFF0F00836810B504469BB90A4A1368DE
:1018E0001C200133136019F03FFAA06000B9FEE735
:1018F0001C2119F0B3FAA268138B43F4706343F010
:101900000303138310BD00BF2401002018B1006839
:10191000431A58425841704770B505682B68044611
:1019200013B10360FFF7F8FF6B68256023B1214610
:101930002846BDE87040184770BD0000334AF8B52E
:101940000E460746014639B18D692A4202D0C5F3D9
:101950000F1502E00968F6E70D46284619F004FA6B
:10196000044610B900242046F8BD294619F076FA3D
:10197000C4E9007646BB18F015F805460028F1D0FA
:10198000C06898B9042019F0EFF90123E8600460F9
:101990006B6200256561284618F00AF8013820833B
:1019A000284618F015F801386083DCE7696A0131D0
:1019B0006962890019F0EEF96B6AE86003F180430F
:1019C000013B40F82340E4E7B36813B93046FFF722
:1019D00081FFB568286848B9042019F0C5F9B368D3
:1019E00028601A68146001225A60BCE769680131F6
:1019F0006960890019F0CEF9B268286053681268EE
:101A000003F18043013B42F82340ACE7F0FF0F00B5
:101A100010B50446206883680BB1214698472368B7
:101A20001B680BB12360F5E710BD006830B1037E81
:101A300013F00303F9D0013B584258417047006846
:101A400030B1037E13F00C03F9D0043B58425841E7
:101A5000704738B5044600F04BFC002002F0C6FE8B
:101A6000204604F023FD2046FFF756FF012002F038
:101A7000BDFE4FF6FF724FF47021204602F0AEFF1C
:101A8000204600F058FDFEF775FF024638B12046AB
:101A9000FFF7D5FF18B121461046FEF795FF204607
:101AA00003F05EFD054668B122462221FEF742FEA4
:101AB000224628462321FEF73DFE2046BDE8384059
:101AC00000F004BE38BD08B540F2624202F094FE58
:101AD000C0B208BD08B5682202F08EFEC0B208BDD3
:101AE0002DE9F0411446602206460D4602F084FEC0
:101AF0002080BDB129463046FFF7E5FF80462946E4
:101B00003046FFF7E0FF0228074602D9B8F1020F7E
:101B10000BD80023E37084F8223084F8363084F840
:101B20002A3047E14FF0FF08E9E729463046FFF742
:101B3000D1FFE378A07003B321222946304602F09A
:101B40005BFEC0B20228E07017D944F22002294699
:101B5000304602F051FE2946A0802622304602F08F
:101B60004BFE0146002800F0DD80437A5A0700F062
:101B7000D9800A22201D18F0ADFF41F23202294619
:101B8000304602F039FE00B22084F0B194F82230E1
:101B9000DBB131222946304602F02EFEC0B20228C7
:101BA00084F8220011D933222946304602F024FE5F
:101BB00094F8233060F3450384F8233044F2300274
:101BC0002946304602F018FEE08340F63A022946E4
:101BD000304602F011FE00B2E084D8B194F82A3009
:101BE000C3B140F63C022946304602F005FEC0B2C1
:101BF000022884F82A000DD940F63D0229463046D5
:101C000002F0FAFD44F23B0220852946304602F0FC
:101C1000F3FDA084A37E23B340F628022946304674
:101C200002F0EAFD2061E0B129222946304602F0A7
:101C3000E3FDC0B20228A07613D9206904F0E6FEC5
:101C4000022840F09E8041F259422946304602F077
:101C5000D3FD44F2574260612946304602F0CCFD84
:101C6000208394F836309BB34FF404622946304603
:101C700002F0C2FD00B2E08550B394F83630022B7A
:101C800026D940F645022946304602F0B5FDC0B2DD
:101C9000022884F836001BD940F641022946304616
:101CA00002F0AAFD40F6420220862946304602F0A4
:101CB000A3FD40F6430260862946304602F09CFDB3
:101CC00044F24402A0862946304602F095FDA085E4
:101CD000B8F1FC0F6CD818FB07F8C8F30727E378B6
:101CE00013FB07F3C3F30723E370A37E13FB07F390
:101CF000C3F30723A37694F8223013FB07F3C3F34F
:101D0000072384F8223094F8363013FB07F3C3F32B
:101D1000072384F8363094F82A3013FB07F3C3F313
:101D20000723FCE623222946304602F065FD637B4B
:101D300060F3020363735B0719D044F22002294663
:101D4000304602F059FD44F22202A0802946304676
:101D500002F052FD242220812946304602F04CFD3B
:101D60002522A0712946304602F046FDA0722722A6
:101D70002946304602F040FD637B60F3C503637380
:101D8000FBE644F22A022946304602F035FD2B22BA
:101D900020832946304602F02FFD2C22E07629468A
:101DA000304602F029FD003818BF0120207758E79F
:101DB000FC2F94D9BDE8F08170B514464FF48B62C6
:101DC00005460E4602F018FDC0B20228A07643D99F
:101DD00031462846FFF777FEFC289FBFA37E13FB02
:101DE00000F0C0F30720A076A37E022B34D944F282
:101DF00057423146284602F0FFFC41F25A42A08188
:101E00003146284602F0F8FC41F25B42A08231469E
:101E1000284602F0F1FC40F25C42608231462846DE
:101E200002F0EAFCA37F60F30203A3773146284661
:101E3000FFF750FEA37F60F3C503A37741F2594239
:101E40003146284602F0D8FC41F25D42206031461E
:101E5000284602F0D1FC207770BD70B514464622AA
:101E600005460E4602F0C8FCC0B20228E0723CD91A
:101E700031462846FFF727FEFC289FBFE37A13FB75
:101E800000F0C0F30720E072E37A022B2DD94FF067
:101E9000807323602B8BAA8A01339B1AC3F3C03251
:101EA00002FA83F35B10A3806B8BEA8A01339B1ADF
:101EB000C3F3C03202FA83F35B10E3804822314659
:101EC000284602F099FCC0B2A07230B144F2470239
:101ED0003146284602F090FC208131462846FFF723
:101EE000F9FD237B60F30303237370BD70B51446C3
:101EF00040F6490205460E4602F07EFC00B26080C4
:101F0000002842D04E223146284602F075FCC0B26D
:101F10000228207239D931462846FFF7D4FDFC2823
:101F20009FBF237A13FB00F0C0F307202072237AAF
:101F3000022B2AD944F24D023146284602F05CFCBD
:101F40004A2220803146284602F056FC00B2A0808A
:101F500028B14B223146284602F04EFCE0804C224C
:101F60003146284602F048FC637A003818BF012049
:101F700060F3820360F3C303637231462846FFF7C0
:101F8000A9FD637A60F30103637270BD70B51446F6
:101F90004FF4056205460E4602F02EFC00B260804A
:101FA000002838D053223146284602F025FCC0B222
:101FB000022820732FD931462846FFF784FDFC28DC
:101FC0009FBF237B13FB00F0C0F307202073237B0C
:101FD000022B20D944F252023146284602F00CFC72
:101FE000542220803146284602F006FC5122A0608F
:101FF0003146284602F000FC637B003818BF012000
:1020000060F38203637331462846FFF763FD637B09
:1020100060F30103637370BDF8B54FF404620546C5
:102020000E4602F0E9FB07B2A7BB002440F63A02D5
:102030003146284602F0E0FB07B2A7B140F63C0269
:102040003146284602F0D8FBC0B202280BD940F630
:102050003D023146284602F0CFFB07FA80F0A0424D
:10206000B8BF204604B2314640F60A02284602F0C4
:10207000C3FB40F60B0207B23146284602F0BCFB18
:1020800000B2B842B8BF38460028C4BF001904B235
:102090002046F8BD40F645023146284602F0ACFB2A
:1020A000C0B20228C1D940F643023146284602F0A8
:1020B000A3FB40F64102441C3146284602F09CFB3B
:1020C00007EBD77704EB670440F6420207B23146CC
:1020D000284602F091FB00B20028B8BF4042002F12
:1020E000B8BF7F42A4B280B2BFB2B8422CBF24189E
:1020F000E41924B224EAE47498E738B504460D469E
:10210000482118F0ABFE256038BD806808B1B0F9F1
:102110001600704737B50446FFF7F7FF0023054662
:102120000DF1060213212046ADF80630FEF702FB42
:10213000BDF90630AB4202D0204600F0C7FAA268D3
:10214000BDF906304AB1D382BDF90630AB4202D0A8
:10215000204600F0BBFA03B030BD002BF4D020467F
:10216000FFF7B8FBA368BDF80620DA82ECE708B5F4
:1021700041F26A42002102F03FFBC0B208BD08B53F
:1021800041F23202002102F037FB00B208BD08B56F
:1021900041F61302002102F02FFB00B208BD08B582
:1021A00041F61202002102F027FB00B208BD08B57B
:1021B00041F61102002102F01FFB00B208BD08B574
:1021C00041F61002002102F017FB00B208BD37B53E
:1021D00000230C4601AA41F20701054602F015FF53
:1021E000012804D1019BA34203D103B030BD0028D4
:1021F000FBD100222146284603F036F9F5E737B532
:1022000000230C4601AA41F20801054602F0FDFE3A
:10221000012804D1019BA34203D103B030BD0028A3
:10222000FBD100222146284603F024F9F5E738B512
:1022300004461546FFF7CBFF29462046BDE8384047
:10224000FFF7DDBF37B500230C4601AA41F20101BB
:10225000054602F0DAFE012804D1019BA34203D116
:1022600003B030BD0028FBD100222146284603F0F0
:10227000E9F8F5E737B500230C4601AA41F204015D
:10228000054602F0C2FE012804D1019BA34203D1FE
:1022900003B030BD0028FBD100222146284603F0C0
:1022A000DDF8F5E738B504461546FFF7CBFF2946BC
:1022B0002046BDE83840FFF7DDBF000038B50B49C8
:1022C0000546FFF71FF9044608B1002038BD28462F
:1022D00003F046F90028F8D041F26902214602F0E5
:1022E0008BFA80B2003818BF0120EFE7010006002A
:1022F00090F8222042F0010208B580F8222003F075
:1023000008F990F8222042F0020280F8222003F01F
:1023100009F9406818B1BDE8084019F06ABD08BD68
:1023200010B50022044689B203F0E7F82046BDE864
:102330001040FFF7DDBF0000F8B50C4E0C4F3368BE
:10234000013305460C4638683360D90018F022FD89
:102350000346386000B9FEE7306800F10052013AE8
:1023600003EBC20143F832504C60F8BD2C01002051
:102370009C04002070B5044615461E46002203F05A
:102380007FF8324629462046BDE87040FFF74FBF30
:10239000B0F914300B80B0F916304B80B0F918301A
:1023A0008B80B0F91A30CB80704738B5044603F003
:1023B000D7F8054690B1838AA48AE41A01F058F947
:1023C000A4B204442846FFF7EAFEA4B2241A284621
:1023D000FFF7D5FEA4B2201A00B238BDB4F914003C
:1023E000FBE738B5044603F0BBF8054690B1C38A55
:1023F000E48AE41A01F04EF9A4B204442846FFF737
:10240000DEFEA4B2241A2846FFF7B9FEA4B2201AB1
:1024100000B238BDB4F91600FBE710B50446FFF76B
:10242000E0FF638BE28A01339B1A184400B210BDAF
:10243000038B828A0133981A00B27047438BC28A99
:102440000133981A00B2704770B50446FFF7A7FE33
:1024500006462046FFF79BFE05462046FFF78FFE07
:10246000238BA28A01339B1A9B1B5B1BA3EB4000AF
:1024700000B270BD70B50446FFF7A1FE06462046C7
:10248000FFF795FE05462046FFF779FE638BE28A4B
:1024900001339B1A9B1B5B1BA3EB400000B270BD7A
:1024A00038B505460C46FFF76AFEB5F914302380AF
:1024B000B5F9163063804242B5F91830A38012B2E4
:1024C000B5F91A30E3801146204617F0FAFC284689
:1024D000FFF765FE2388184420802846FFF757FE43
:1024E000A3881B1AA3802846FFF769FE6388184457
:1024F00060802846FFF75BFEE3881B1AE38038BD47
:1025000007B5054B019301AA2C21FEF713F9BDF97C
:10251000040003B05DF804FB000001E007B54EF2D3
:10252000010301AA2C210193FEF704F9BDF906006D
:1025300003B05DF804FB38B541F201020021044606
:1025400002F05AF941F2040205B20021204602F0DD
:1025500053F942F2D1739D4200B201D0984204D1A6
:102560002046FFF7C5FE012038BD0020FCE72DE91D
:10257000F74F0E4617468046019303F003F80025F7
:1025800081461FFA86FA1FFA87FB4D4502D103B038
:10259000BDE8F08FD8F808301B6853F82540019B40
:1025A0009BB9A38A5344A382E38A5B44E382238BCF
:1025B00053442383638B5B4463833A460023314651
:1025C0002046FFF7D4FF0135DFE74FF48021204696
:1025D000FEF792FF0028E4D0F5E7F7B50D4601219C
:1025E0000446FEF789FF002843D1204602F091FF00
:1025F000064602F097FF0746FDF7CAFF864229D13B
:102600004FF400212046FEF777FFE0B92046FFF7A0
:102610007CFDB4F91620B4F91830B4F91A60A18A17
:1026200080B2121A091A03443044ADF80220ADF802
:102630000010ADF80430ADF806006A462946284679
:1026400017F05FFCA8B1204602F08AFF044698B953
:1026500001200FE03846FDF7A2FF8642D0D0384671
:10266000FDF7A4FF8642CBD03846FDF7A6FF864291
:10267000C6D0002003B0F0BD01212046FEF73CFF8C
:102680000028F6D14FF400212046FEF735FF002840
:10269000D9D104F11402D1E713B50B88ADF800309D
:1026A0004B88ADF802308B88ADF80430CB88ADF89C
:1026B000063069460446FFF790FF28B1204602F035
:1026C00031FF694603F082FC02B010BD37B5044605
:1026D00002F046FFE0B92046FFF717FDB4F91620D7
:1026E000B4F91830B4F91A50A18A80B2121A03440E
:1026F000091A2844ADF80010ADF8060069462046D6
:10270000ADF80220ADF80430FFF7C6FF03B030BDCE
:102710004FF400212046FEF7EFFE0028DBD02046D4
:1027200002F01EFFD3E72DE9FF474668044616B3C3
:1027300030468DB297B2FFF732FD82463046FFF742
:102740003EFD4FF4802181462046FEF7D5FE00284D
:102750006CD0B38A2B4403EB0A00F38A3B444B440E
:1027600005B21FB23046FFF70AFD15FA80F117FADD
:1027700080F209B212B2A38AC91AE38AD21A1FFAE6
:1027800081F81FFA82FA58EA0A030DB217B24AD04A
:102790002046FFF79BFFA38AADF80030E38AADF82F
:1027A0000230238BADF80430638BADF806306EB188
:1027B00002A93046FFF774FE002202A9684617F00E
:1027C0009FFC814620B9304601F0E8FE4FF0000939
:1027D000A38A4344A382E38A5344E382238B98442D
:1027E000638BA4F818809A44A4F81AA000233A46F0
:1027F00029462046FFF7BBFE26B12246222130465D
:10280000FDF798FF2046FFF761FF66B1002202A99D
:1028100004F1140017F074FCB9F1000F00D110B1ED
:10282000304601F0BBFE04B0BDE8F0873046B6F993
:10283000148000F01DFFD044A8EB0008304645444A
:10284000B6F9168000F026FFC844A8EB00084744FC
:102850002DB23FB286E700002DE9F04F87B08046E9
:10286000FFF72CFD0546002840F02581404602F088
:1028700077FE2946009041F20702404601F0BCFF76
:10288000294604B241F20802404601F0B5FF009B20
:1028900005B23BB92A462146404607B0BDE8F04F95
:1028A000FFF741BF0098FFF7CFFD07460098FFF7FD
:1028B000E1FD04F4C043B3F5005F06460ED124F4F5
:1028C000C043B3F5FA6F09DCB3F57A7FC8BFC3F52F
:1028D0007A737B43642293FBF2F31CB205F4C0438A
:1028E000B3F5005F0ED125F4C043B3F5FA6F09DCF0
:1028F000B3F57A7FC8BFC3F57A737343642293FB41
:10290000F2F31DB243F20C020021404601F074FFC5
:1029100043F20D020FFA80FB0021404601F06CFFEC
:10292000B8F814300193B8F81830019A01339BB20B
:10293000A3EB020A0493B8F816300293B8F81A30E1
:10294000029A01339BB2A3EB020903930BF4C04339
:10295000B3F5005F00B20FFA8AFA0FFA89F910D1C5
:102960002BF4C043B3F5FA6F0BDCB3F57A7FC8BF25
:10297000C3F57A7303FB0AF3642293FBF2F30FFAB5
:1029800083FB00F4C043B3F5005F0FD120F4C043D4
:10299000B3F5FA6F0ADCB3F57A7FC8BFC3F57A7373
:1029A00003FB09F3642293FBF2F318B25C44A3B275
:1029B000054441F2090200214046059301F01CFF45
:1029C00010F0FF001FFA85FB059B24B22DB20CD13D
:1029D00000980293FFF7CBFB0128029B7FF45AAFCC
:1029E000019A0499541A3C4421E001283FF452AF63
:1029F000023807283FF64EAF01A252F820F000BF80
:102A0000212A0008E1290008472A0008352A000881
:102A1000552A00087B2A00086F2A00088B2A000824
:102A20000AEBDA7407EBD7776410C4EB67041C4435
:102A300024B22FE70AEBDA7407EBD7776410C4EB04
:102A400067041C4424B2DDE902329D1A35445D441A
:102A50002DB21FE7019A0499541A3C441C44DDE945
:102A600002329B1A33445B4424B21DB212E7019A2E
:102A70000499521A3A4413441CB209EBD97506EB77
:102A8000D6766D10C5EB6605E1E70AEBDA7A09EB5D
:102A9000D97907EBD7774FEA6A0A06EBD6764FEA81
:102AA0006909CAEB670AC9EB66095344CB441CB2F7
:102AB0000FFA8BF5EEE607B0BDE8F08F37B50446A8
:102AC000FFF723FBB4F91610B4F91820B4F91A5023
:102AD00083B2A08AC91AC01A1A44ADF80000ADF832
:102AE00002102B4469462046ADF80420ADF80630AC
:102AF000FFF773FD03B030BD38B505460C46FEF751
:102B0000E9FEAB689C8238BD8368B0F9162070B5C9
:102B1000B0F91450B0F91840B0F91A600D804A802D
:102B20008C80CE8043B19B8AED1A1C44D21A334468
:102B30000D808C804A80CB8070BD30B5044608463D
:102B400001F4C041B1F5005F0ED120F4C041B1F5F0
:102B5000FA6F09DCB1F57A7FC8BFC1F57A716420DC
:102B6000594391FBF0F108B202F4C041B1F5005FA6
:102B70000FD122F4C045B5F5FA6F0ADCB5F57A7FBE
:102B80002A46C8BFC5F57A725343642293FBF2F319
:102B90001AB2A242A8BF22469042B8BF104630BD2A
:102BA0002DE9F04F90F8233003F00603062B8FB089
:102BB000044603D100200FB0BDE8F08F02F0D0FC36
:102BC00007460028F6D0204600F0CCFD94F823609C
:102BD000059016F0040679D0268BA38A0136F61AE2
:102BE000002336B20193204600F066FD94F823508E
:102BF000069015F0020500F09781658BE38A013598
:102C0000ED1A019B2DB2002B40F0FE81238BA28A8E
:102C100001339B1A1BB29E4206D1638BE28A0133B9
:102C20009B1A1BB29D42C5D02046FFF74FFDA38AD9
:102C3000ADF82830E38AADF82A30238BADF82C307C
:102C40000CA9638BADF82E303846FFF729FC002223
:102C50000CA90AA817F054FA04F11409804610B917
:102C6000384601F09BFCE38A013B2B4463832046FA
:102C7000FFF77DFA01280BBF238BA38A013303F1F1
:102C8000FF33B6B20BBF9B1BF618A38226830AAA9A
:102C900029212046FDF74EFD224622213846FDF728
:102CA00049FD2046FFF712FD0021204601F096FC69
:102CB00000220CA9484617F023FAB8F1000F00D102
:102CC00010B1384601F06AFC012074E7314641F248
:102CD0000102204601F090FD42F2D17305B2E91ADB
:102CE0004B424B41019305F4C043B3F5005F06D15D
:102CF00025F4C046B6F5FA6FCCBF0026012638464B
:102D0000FFF7A2FB42F2D1784545029040F0DF8008
:102D100000221146204601F083F82046FFF72FFAE3
:102D200006462046FFF733FA1FFA86F910FA86F6B0
:102D30002046FFF734FA81442046FFF7E1FBB6B2A4
:102D40001FFA89F906EB09050544204602F01AFC32
:102D500003902046FFF70BFA01282DB20FD00FFA8F
:102D600089F3DFF8F88204934FF0000A039B534580
:102D70006ED1BA4B984517D0464436B20EE033B206
:102D8000DFF8D88204934FF0000A039B534520D10B
:102D9000B24B984508D0C8440FFA88F6AF4B9E4214
:102DA00002D0B542B8BF354641F2020200212046AA
:102DB00001F022FD41F2030206B20021204601F09B
:102DC0001BFD314602B2029B2846FFF7B6FE0646BF
:102DD00009E7A368A2491B6853F82AB05846FEF7D2
:102DE00091FB90BB5846FFF769FA014660B941F282
:102DF0000902584601F000FDC0B208280ED840F282
:102E00004912C240D20709D5B4F91820BBF91430D1
:102E1000D31A01334345B8BF434614E041F20702D9
:102E20000021584601F0E8FC00B270B9BBF8182048
:102E3000BBF8143004990132D31A9AB201FA83F321
:102E4000984502DCB3180FFA83F80AF1010A9CE7EF
:102E5000A36883491B6853F82AB05846FEF752FB13
:102E600090BB5846FFF72AFA014658B941F20902C9
:102E7000584601F0C1FCC0B207280DD89322C240C9
:102E8000D30709D5BBF91830B4F914209B1A0133C4
:102E90004345B8BF434615E041F2080200215846B9
:102EA00001F0AAFC00B278B9BBF81820BBF81430C6
:102EB00004990132D31A9AB201FA83F3984503DCDC
:102EC00009EB02030FFA83F80AF1010A4EE7002E1C
:102ED0003FF46AAF97F8231011F0040117D141F2C3
:102EE0000102384601F088FC00B240450FD120466F
:102EF000FFF745F906462046FFF751F985192046A8
:102F0000FFF745F9ADB2304405442DB24CE725F446
:102F1000C045029BB5F57A7FC8BFC5F57A755D439C
:102F2000642395FBF3F5F0E741F2040229462046BD
:102F300001F062FC0FFA80F900F4C040B0F5005FC8
:102F400006D129F4C045B5F5FA6FCCBF002501259F
:102F50003846FFF78FFA42F2D178C145029040F02F
:102F60009B8000221146204600F070FF2046FFF7AC
:102F700006F905462046FFF722F91FFA85F810FAF0
:102F800085F5ABB2039320462BB20793FFF70FF9F9
:102F900080441FFA88F320460493FFF7BFFADDE967
:102FA00003329D180544204602F0ECFADFF8AC80AD
:102FB00008902DB24FF0000A089B53452BD1274BA8
:102FC000984505D0049B43441BB29D42B8BF1D46A3
:102FD00041F205020021204601F00EFC41F20602FA
:102FE0000FFA80F80021204601F006FC029B02B295
:102FF00041462846FFF7A1FD019B054623B942F251
:10300000D17399457FF402AEDDE905120023204615
:1030100000F032FFFAE5A36811491B6853F82AB0A3
:103020005846FEF76FFAA0BB5846FFF747F901462E
:1030300048B9099041F20902584601F0DDFBC0B2DF
:10304000032809990ED8BBF91A30B4F916209B1A37
:1030500001334345B8BF434619E000BF01E0FFFF1D
:103060000100040041F20802584601F0C5FB00B21D
:1030700078B9BBF81A20BBF8163007990132D31A79
:103080009AB201FA83F3984503DC039B13440FFAC9
:1030900083F80AF1010A8FE755B397F8231011F06E
:1030A000020118D141F20402384601F0A5FB00B23A
:1030B000404510D12046FFF762F880462046FFF7D2
:1030C0007EF800EB08052046FFF771F8ADB24044EA
:1030D00005442DB27CE729F4C045029BB5F57A7F03
:1030E000C8BFC5F57A755D43642395FBF3F5F0E73A
:1030F0004D466DE770B5044602F044FA00250646D9
:10310000B54228D194F82230DA072CD56FF30003AA
:1031100084F822302046FFF743FD2046FFF79CFB52
:103120000DB341F269020021204601F065FB83B234
:10313000CBB10D4A12689A4215D30C4A03F10053E1
:103140001268013B02EBC301204652F83330496854
:10315000BDE870401847A3681B6853F82500FFF7C7
:10316000C9FF0135CCE770BD2C0100209C04002074
:1031700038B50B4D2B7853B901232B7002F0C9F9E8
:10318000044694F8223013F0020201D12A7038BDAF
:103190006FF3410384F822302046FFF7ABFFF0E7DE
:1031A000290100202DE9F04F85B08A460193BDF931
:1031B0003830039304469146FFF7DAFFBAF1000F67
:1031C00003D1204602F0CCF98246204602F0C8F92D
:1031D0000546FEF7D4FF80462846FEF7E0FF1FFABB
:1031E00088F610FA88F80FFA88F328460093FEF75D
:1031F000E6FF064433B250460293FEF7C0FF07468F
:103200005046FEF7CCFF10FA87F35046BEB20FFAD5
:1032100083F89FB2FEF7D3FF321896B20FFA82FB03
:10322000B9F1000F0ED15046FEF7A1FF012878D169
:103230005046FFF709F9A38A268B013B9B1B3B44B1
:1032400003446CE009F1FF39B9F1140F2CD801A047
:1032500050F829F023330008FD320008313200080D
:10326000B13300088B330008C9330008D932000895
:10327000DD330008B33200081B340008293400088D
:10328000613400087534000881340008BB3400083C
:10329000CF340008E1340008193500083335000840
:1032A0003F3500084B3500084FF0000B4FF0000889
:1032B00037E05046FFF7C8F8238BA28A01339B1AE8
:1032C000C3F3C03202FA83F3A7EB630300EBD070C1
:1032D00003EB60030FFA83F85046FFF7CBF8628BDD
:1032E000E78A0132D21BC2F3C03707FA82F2A6EB9B
:1032F000620200EBD07002EB600262E05046FFF722
:10330000A3F8238BA68A01339B1BC3F3C03606FAAE
:1033100083F3A7EB630300EBD07003EB60030FFABA
:1033200083F82846FEF723FFBAF91430019A0128E2
:10333000B5F914001344A3EB00071FFA88F62846DA
:1033400040F0098100F078FA009B3844C01A3044FC
:1033500006B2039BBAF916701F44B5F91630284619
:10336000FF1A00F0A9F9029BC519ED1A20460022A8
:10337000012102F085F85D44ADB22AB23146204603
:1033800005B0BDE8F04FFEF752BF5046FFF75CF8BE
:10339000238BA28A01339B1AC3F3C03202FA83F350
:1033A000A7EB630300EBD07003EB60030FFA83F825
:1033B0005046FFF75FF8E28A678B013AD21B32442E
:1033C00002440FFA82FBACE75046FFF73DF8A38AB0
:1033D000228B013B9B1A3B440344E7E75046FFF72F
:1033E00033F8A38A228B013B9B1A1F4407445046A3
:1033F000FFF740F8628B0FFA87F8E78A0132D21B99
:10340000C2F3C03707FA82F2A6EB620600EBD07077
:1034100006EB60060FFA86FB83E7E28A638B013ACC
:10342000D21A0FFA82FB41E7BAF81830BAF8142022
:10343000A08A01339B1AC3F3C03202FA83F2238BB2
:1034400001331B1AC3F3C03000FA83F35B10C3EBE4
:103450006203E28A608B0FFA83F8013A121AB0E72E
:10346000228BA38A9B1ABAF818201344BAF81420A6
:103470009B1AEEE7BAF81A20BAF816300132CFE7F5
:10348000BAF81830BAF81420A08A01339B1AC3F393
:10349000C03202FA83F2238B01331B1AC3F3C0300C
:1034A00000FA83F35B10C3EB6203BAF81A200FFA39
:1034B00083F80132BAF81600D0E7228BA38A9B1A50
:1034C000BAF818201344BAF814209B1AEDE7A38A1F
:1034D000228B013B9B1A0FFA83F84FF0000B20E779
:1034E000A38A228B013B9B1ABAF81A20BAF816005D
:1034F000E68A0132121AC2F3C03000FA82F0628BFF
:103500000132921BC2F3C03606FA82F252100FFA51
:1035100083F8C2EB600254E7A38A228B013B608BE5
:103520009B1AE28A121ABAF81A000FFA83F80244B8
:10353000C0E7BAF81830BAF814200133CAE7BAF86D
:103540001830BAF814200133CDE7BAF81830BAF8B9
:1035500014200133E3E700F005F9009B3844C01A5A
:10356000064436B2F5E600BF08B541F26A4201F002
:1035700043F9C0B208BD51EA020370B504460D46D6
:1035800016461AD0FEF7A6F9A3681A8A2A441A82A8
:103590005A8A32445A822946012332462046FEF78F
:1035A000E6FF00220B212046FDF7C4F8012804D1D4
:1035B0002046BDE87040FFF789B870BD0068002262
:1035C0000A21FDF7B7B838B504460D46FEF782F973
:1035D000A268137E03F00301A94207D065F301033B
:1035E00013762046BDE83840FFF770B838BD38B5CF
:1035F00005460C46FEF76EF9AA68537E03F00F01EC
:10360000A1421CBF64F30303537638BD38B50546A9
:103610000C46FEF75FF9AB681A7E64F383021A76F4
:1036200038BD38B505460C46FEF754F9AB681A7E2E
:1036300064F305121A7638BD83681BB1187E00F05A
:10364000030070470320704783681BB1587E00F069
:103650000F0070470F207047806810B1007EC0F3E4
:1036600081007047806810B1007EC0F30110704780
:10367000806810B1008A404200B2704708B5034626
:10368000FFF7F6FF01440022184609B2BDE80840E2
:10369000FFF771BF806810B1408A404200B27047A6
:1036A00008B50346FFF7F6FF421812B2184600218C
:1036B000BDE80840FFF75FBFFFF7ECBF2DE9F84317
:1036C000064601F05FFF254DDFF894900746002481
:1036D000BC4233D141F610020021304601F08CF893
:1036E00041F6110200210446304601F085F841F20E
:1036F000320207460021304601F07EF8174B9D420A
:10370000804604D0728B3B189B1A2B441DB2304666
:10371000FEF704FF81463046FEF790FEE31903EB07
:1037200048034B441B1A3046FFF7B4FF9BB2181AEC
:1037300000B2A842B8BF2846BDE8F883B3681B684A
:1037400053F8248049464046FDF7DCFE20B9B8F91D
:103750001A309D42B8BF1D460134B9E701E0FFFFB2
:10376000010004002DE9F84F00210546FFF7FCFE9B
:10377000012806D0A86810B1008A404200B2BDE816
:10378000F88F41F613020021284601F035F841F682
:10379000120200210746284601F02EF8002141F2CE
:1037A00032020446284601F027F88046284601F0F8
:1037B000E9FE1F49824641F6FF790026B24527D12E
:1037C00041F6FF73994514BFAB8A1A4EA4B21FFA93
:1037D00088F81EBF04EB0806F618A6EB0906284673
:1037E00018BF36B2FEF78CFE81462846FEF720FE53
:1037F0003C4403462846FFF73BFF04EB48044C4497
:10380000A4B20444E01A00B2B042B8BF3046B6E7F2
:10381000AB681B6853F826B05846FDF773FE0449A1
:1038200020B9BBF914309945A8BF99460136C5E7C0
:103830000100040001E0FFFF2DE9F84300210646E6
:10384000FFF792FE012805D1B06808B1B0F9100069
:10385000BDE8F883304601F095FE254DDFF89490E1
:1038600007460024A74232D141F613020021304618
:1038700000F0C2FF41F6120200210446304600F07B
:10388000BBFF41F2320207460021304600F0B4FF90
:10389000174B9D42804604D0328B23189B1A2B4431
:1038A0001DB23046FEF72CFE81463046FEF7C0FDC5
:1038B000E31903EB48034B441B1A3046FFF7D8FECD
:1038C0009BB2181A00B2A842B8BF2846C0E7B36836
:1038D0001B6853F8248049464046FDF713FE20B983
:1038E000B8F918309D42B8BF1D460134BAE700BF91
:1038F00001E0FFFF0100040038B50C460D49054604
:1039000016F044FA68B1436A5B4218B220800A4953
:10391000284616F03BFA40B1406A404200B260804F
:1039200038BD2846FFF7A4FEF0E72846FFF7B2FEB1
:10393000F5E700BF7D360008A13600082DE9F0410B
:10394000164651EA060290B004460D465DD0012BA2
:103950005ED101F0E7FD0746684616F08FF93A4B55
:103960000094039345B3384616F022F82A46002106
:1039700040F35D0016F022FAB0F5C87F034628BF79
:103980004FF4C873C82B38BFC82320460A93FFF7EB
:103990006FFE4342CDE90733281A2C4B099001935F
:1039A0006A462B4B069309212046FCF7C3FE0128EB
:1039B0002BD1684616F0A8F93EB3384616F008F841
:1039C0003246002140F35D0016F0F8F9B0F5C87FEB
:1039D00028BF4FF4C870C82838BFC8200A902046B6
:1039E000FFF758FE4342CDE90733301A194B0990CF
:1039F00001936A46164B069309212046FCF79AFE6E
:103A0000012802D1684616F07FF910B0BDE8F081B8
:103A1000104916F04DF90D498046204616F048F938
:103A20003246074629462046FFF7A5FDB8F1000FAC
:103A300001D1002FE9D000220A21204610B0BDE8B4
:103A4000F041FCF777BE00BFBD3500087D360008A9
:103A5000D99D0108A13600082DE9F047994651EAA1
:103A6000020307460C46154658D0FFF781FB38463F
:103A7000FFF7FEFD00211FFA80F83846FFF774FDBE
:103A8000A4EB0804012824B233D0002C42DA3846D3
:103A9000FFF768FE06463846FFF7CEFE321812B230
:103AA00022EAE2725242944200DA14B23846FFF738
:103AB000F1FD86B2AD1B2DB2002D2DDA3846FFF791
:103AC000FDFD33181BB223EAE3735B429D4200DA2B
:103AD0001DB208EB0401721989B292B251EA0203D5
:103AE0001CD04B46384612B2BDE8F04709B2FFF78A
:103AF00025BF002C0EDD3846FFF734FE064638465B
:103B0000FFF79AFE064436B226EAE676B442A8BF2C
:103B10003446CBE70024C9E70025DAE7BDE8F087A3
:103B20002DE9F04F8BB00746084602919146049369
:103B300001F016FD10210546FDF7DEFC002800F01F
:103B400064812846FFF780FD00902846FFF78AFD34
:103B50008346002800F0DE80029B03F1140A41F244
:103B600032020021284600F047FE41F610020646C8
:103B70000021284600F040FEB3B241F6110210FACF
:103B800086F600212846019300F036FE019BB9F825
:103B90000280BAF806100891184483B20393B6B2B3
:103BA000EB8AA6EB08041C44BAF80230E41AA3B26C
:103BB000059318FA80F86B8B09931FFA88F8A8EB25
:103BC00003020A4412B228460792FEF737FC24B2D9
:103BD000002CDDE90721099B0690C0F2A880002A8D
:103BE000C0F29A800024BBF1020F00F0AE80BBF15E
:103BF000030F00F0B080BBF1010F05D1EC8ABAF8D9
:103C000002303444E41A24B22846FFF725FD8246E8
:103C100008B1029F143741F612020021284600F035
:103C2000EBFD019B41F6130203EB0008002128463F
:103C300000F0E2FD019BB9F80010B7F804C0184489
:103C40001FFA88F8AB8AA8EB01061E443B881FFACE
:103C500080FBF61A11FA80F02B8B80B2B2B2C11A37
:103C600036B26144002E09B2C0F29D800029C0F234
:103C70008D8000262846FEF7DBFBBAF1020F00F02C
:103C8000A080BAF1030F00F0A180BAF1010F04D1B6
:103C9000AE8A3B884644F61A36B25F49284616F08B
:103CA00007F85E490746284616F002F8002F40F054
:103CB000A480002840F0A180009BD80740F1A88094
:103CC000009B9907009B58BF06EAE6765A07009BBF
:103CD000049A58BF24EAE4741B0758BF04EAE4744A
:103CE000B9F80030002A14BF324600221344A9F864
:103CF0000030B9F8023014BF224600221344A9F85C
:103D00000230049B2246314628460BB0BDE8F04FF6
:103D1000FFF714BEBA4622E7002C3FF463AF2846F3
:103D2000FFF7B8FC059B9842BFF65DAF5AE7002A43
:103D30007FF758AFA3EB08035B1A28461CB2FFF7C6
:103D4000BDFCE0427FF54FAF4CE7039B6C8BE41A60
:103D5000BAF8063056E7039B0699BAF802203344B6
:103D6000CB1AC3F3C03101FA83F3E98A0E44B61AC1
:103D700006EB6306BAF8063001339B1AC3F3C03270
:103D800002FA83F3A6EB630634B23DE7002E3FF45C
:103D900070AF28460192FFF7E5FC019A1044002815
:103DA0003FF767AF66E700297FF763AF1B1AA3EB06
:103DB0000C0328461EB2FFF73FFDF0427FF55AAFD5
:103DC00057E72E8BBB88A6EB0B0664E7BB883A88C7
:103DD000AE8A013346449B1AB61AD844C3F3C032A4
:103DE00002FA83F3A0EB0800A6EB6306C0F3C0332E
:103DF00003FA80F006EB60064EE700220A2128460F
:103E0000FCF798FC01283FF457AF0BB0BDE8F08FEA
:103E100026EAE67654E700BFA13600087D360008A2
:103E200070B504460E460849154615F041FF204678
:103E3000FFF71EFC811B2B4620460022BDE8704088
:103E400009B2FFF709BE00BF7D36000870B5044611
:103E50000E460849154615F02BFF2046FFF71AFCC1
:103E6000821B2B46204612B2BDE870400021FFF7AE
:103E7000F3BD00BFA136000870B5054616461C46C6
:103E80001A46FFF7CDFF224631462846BDE870406E
:103E9000FFF7DCBF73B504460E46FFF769F9002350
:103EA0002046019301F05CFB2146054614340DB910
:103EB00002B070BD334601AA2046FFF731FE284606
:103EC00001F04EFB29460546F1E72DE9F04F93B08E
:103ED0004FF0FF370D4616460022114604463B467A
:103EE0002846009715F0CEFF002211463B4630468B
:103EF000009715F0C7FF10212046FDF7FDFA03904B
:103F0000002845D02046FFF797FB074600283FD002
:103F1000002015F08FFD022F824636D02046FFF795
:103F2000B9FB80462046FFF7C9FB06902046FFF705
:103F300019FC0E902046FFF77FFC07902046FFF704
:103F400083FB10F00C0983460DD0012F2FD0032FD7
:103F500021D1B8F1000F2ADC069B002BD4BF4FF013
:103F600000094FF001091BF0030F26D1B9F1000F32
:103F70000ED0002303932BE05046FCF758FE8442FA
:103F8000CCD0504615F056FD8246BAF1000FF3D161
:103F900013B0BDE8F08F022F0CD15046FCF739FE6C
:103FA000A0F10C03D3F1000949EB0309DBE7DDF8CD
:103FB0000C90D8E74FF00009D5E7012F08D0032F68
:103FC00040F0C7800E9B002B02DC079B002BCDDD51
:103FD0004FF480312046FFF7C7FA41F610020490F3
:103FE0004FF48031204600F007FC41F611020D909D
:103FF0004FF48031204600F0FFFB41F612020C9096
:104000004FF48031204600F0F7FB41F613020B908D
:104010004FF48031204600F0EFFB41F201024FF4F3
:1040200080310A90204600F0E7FB09902046BDF958
:104030002470FEF703FA82462046FEF7F9F9B9F13B
:10404000000F14BF3B4600230593039B8346002BC0
:104050004FF021024FF48031204608BF002700F0C6
:10406000CBFBC0B201287ED9B9F1000F40F08680A9
:10407000039B002B8CD01FFA8BF3079A03930E9BA4
:1040800013441FFA83F919FA8BF212B2002A3FF493
:104090007FAF638B0C99BDF92C80BDF928A05B1A0A
:1040A00009999BB2C1F10101EB800B446B80B4F91B
:1040B00014302B80B4F918300599AB80ABEB0803B2
:1040C000A3EB0A035B1A00200BFB03F393FBF2F351
:1040D0001EB215F08DFC00EB80004000EF2840F38D
:1040E0006C81002015F084FC50220A2100FB012085
:1040F000A02290FBF2F0864213DC002015F078FC41
:1041000000EB80004000EF2840F35981002015F0BB
:104110006FFC0A22502300FB0233A02293FBF2F330
:104120001EB20FFA89F2002ABDF82C10BDF82870D3
:10413000BDF814B0A08A00F34B81049B012B238BA4
:1041400040F03F810139014459442980DB1BAB8099
:104150001EE7022F7FF40AAF5046FCF75AFD0328F2
:104160007FF404AF34E731224FF48031204600F071
:1041700043FBC0B201283FF677AF09E71FFA8AF385
:104180001193069B98441FFA88F818FA8AF212B223
:10419000002A3FF46DAFB4F916307380B4F91A30C9
:1041A000F380049BBDF82410012B5AD1A38A0B98ED
:1041B00003449BB2013933800B44B380BDF93430E2
:1041C0000F93BDF9303010930F9B1099AAEB0303A6
:1041D0005B1ADB1B00200AFB03F393FBF2F30FFADD
:1041E00083F915F005FC00EB80004000EF2842DD6C
:1041F000002015F0FDFB50220A2100FB0120A02227
:1042000090FBF2F0814513DC002015F0F1FB00EB90
:1042100080004000EF2830DD002015F0E9FB0A2285
:10422000502300FB0233A02293FBF2F30FFA83F931
:10423000BDF83030E28A08930D9BBDF8341012FAB5
:1042400083F00FFA88F2002A1FFA87FA80B217DC8F
:10425000638B089A70809B1A013BA3EB0A03F380DF
:1042600006E7238B0A981B1A9BB2C1F10101B380A8
:104270000B443380A2E70120C4E74FF00109D7E7E0
:10428000089A119B8A189A1A1FFA89FEA2EB0A0251
:10429000069BA2EB0E021FFA82FC10FA82F21CFBB4
:1042A00003F090FBF8F0121A10B20EF1FF3313FA7C
:1042B00082F27080B4F91630F2800F9A1A4490425C
:1042C00034DA01EB03080FFA88F8A6F80280002020
:1042D00015F08EFB00EB80004000EF2865DD00202C
:1042E00015F086FB50230A2200FB0230A02390FB2E
:1042F000F3F0B6F906308044984517DD0020B6F893
:10430000028015F075FB00EB80004000EF284EDDC9
:10431000002015F06DFB50230A2200FB0230A02381
:1043200090FBF3F080B28044A6F80680B4F91A300E
:104330001099B6F90620DF1B7F1ABA427FF798AEB4
:10434000089A9F1AA7EB0A073FB2F780002015F0E2
:104350004FFB00EB80004000EF282ADD002015F025
:1043600047FB50230A2200FB0230A02390FBF3F00E
:10437000B6F902303F1A9F42BFF67AAE0020F788A6
:1043800015F036FB00EB80004000EF2813DD002025
:1043900015F02EFB50230A2200FB0230A02390FBD5
:1043A000F3F080B23F1A778062E60120A1E7012096
:1043B000B9E70120DCE70120F4E701209BE60126B4
:1043C000AFE6DB1B0844013B2880A3EB0B03BEE6F2
:1043D000B3B2039ECA19B21AA2EB0B02D21A079EFD
:1043E00092B212FB06F696FBF9F6921B049E013B75
:1043F0000844012E92B29BB280B27DD15844104441
:1044000002B22A80B4F9146013FA80F0059BA880E8
:10441000B0449844424530DA0E445E4436B22E80B1
:10442000002015F0E5FA00EB80004000EF285FDD8A
:10443000002015F0DDFA50230A2200FB0230A023F1
:1044400090FBF3F0B5F9043006449E4215DD0020E0
:104450002E8815F0CDFA00EB80004000EF2849DDF2
:10446000002015F0C5FA50230A2200FB0230A023D9
:1044700090FBF3F080B20644AE80B4F91840B5F971
:104480000430A4EB0A0A53457FF782ADE41B24B243
:10449000AC80002015F0ACFA00EB80004000EF2863
:1044A00078DD002015F0A4FA50230A2200FB023028
:1044B000A02390FBF3F0B5F90030241A9C42BFF61C
:1044C00067AD0020AC8815F093FA00EB8000400047
:1044D000EF2861DD002015F08BFA50230A2200FB43
:1044E0000230A02390FBF3F080B2241A2C804FE519
:1044F0000498A7E70120BEE7024410B2288013FA0F
:1045000082F2B4F91430AA80984440452FDA194455
:104510000EB22E80002015F06BFA00EB80004000F8
:10452000EF2833DD002015F063FA50230A2200FB48
:104530000230A02390FBF3F0B5F9043006449E420C
:1045400015DD00202E8815F053FA00EB80004000A6
:10455000EF281DDD002015F04BFA50230A2200FB46
:104560000230A02390FBF3F080B20644AE80B4F991
:104570001840059BB5F90420E31AA3EB0A039A42FD
:104580007FF706ADE41BA4EB0B0480E70120D3E723
:104590000120EAE701208EE70120A6E71FB502AA65
:1045A00069460446FFF791FC684615F07CFC18B993
:1045B00002A815F078FC78B1684615F074FC18B1C3
:1045C00069462046FEF768F802A815F06CFC18B1A1
:1045D00002A92046FEF760F804B010BD2DE9F041B5
:1045E0000446FFF73FF80E460546A0B92046FFF700
:1045F00051F807462046FFF761F8021E0BDA002F3C
:1046000009DD5242BA42A8BF3A46334612B22946A1
:104610002046FFF793F92046FFF71EF8804628BB97
:104620002046FFF79FF807462046FFF705F9414669
:1046300005462046FEF798FF01280FD0002D15DA19
:10464000002F13DD6D42BD42A8BF3D4633464246B2
:1046500029B22046BDE8F041FFF770B9002F05DA16
:10466000002D03DD334642463946F2E7BDE8F081CE
:10467000F8B5074600F086FF00240646B44200D194
:10468000F8BDBB681B6853F824502846FEF71EF897
:1046900000222A212846FCF74DF82846FEF716F896
:1046A0002846FFF7E5FF0134E8E7438C70B5044680
:1046B000C0680E46C3F3C5030022934203D80ED050
:1046C00000EBC20070BD00EBC201CD79AD0704D58F
:1046D0004968C1F31701B142F2D00132EDE7628CB3
:1046E000013303F03F0363F3C802D900628416F07C
:1046F00051FB628CE06002F4FC72083A0546014608
:10470000083025F071FF0821284616F0A7FB0C2081
:10471000E56816F029FBE3682860186816F092FF38
:10472000E068C37943F00203C371436866F317037B
:104730004360C7E72DE9F84F064628480D4617465F
:10474000984616F08BF84FF6FF7A04460CB9BDE890
:10475000F88F4445FBD02148214616F086F823689F
:10476000B342814601D04C46F0E7A368AB4202D089
:10477000B5F5702FF7D1A388BB422BD14FF0000BBA
:10478000718CC1F3C5018B45EDD2F06800EBCB0114
:104790004FEACB0C91F807E01EF0020F17D0B5F5E9
:1047A000702F04D04968C1F317018D420FD150F822
:1047B0000C00A18816F074FF0021204615F078FA4D
:1047C0000648214616F00CF8204616F047F90BF182
:1047D000010BD5E75745C6D1D0E700BFA0040020A4
:1047E0000148142115F0BDBFA0040020014B187032
:1047F000704700BF000000202DE9F04F87B0C2F3E2
:104800008023019312F4804FC2F3803304460E4696
:104810009346029303D022F480411FFA81FBBCB976
:10482000002E40F09C8041F201039B4504D041F2F0
:1048300004039B4540F09380236841F20102002B62
:104840007ED1934500F08180B3F9160035E0002653
:10485000584617F047F8012303FA00F7238C94F821
:10486000228000936FEA0309FFB21FFA89F9C8F3A7
:1048700080080025638CC3F3C5039D4202D34FF02B
:10488000FF3848E0E26802EBC503E80093F807C090
:104890001CF0020FF3D0B8F1000F17D15B6803F4DE
:1048A0007F039E4212D11058837A1F420ED005AA70
:1048B000594616F05FFF48B10598029B1BB10546AB
:1048C000002C50D1284607B0BDE8F08F0135D1E764
:1048D000E06800EBC5035B68C3F3170203F47F03D2
:1048E0009E422BD150F83500837A1F4226D012EA1F
:1048F000090F1FFA82FA21D1C245CDF80CA01DDDA7
:1049000005AA594616F036FFC0B1009B5345039BDC
:10491000D2D001359846638CC3F3C5039D42D7D3EB
:10492000B8F1FF3FC8D1019B002B3FF479AF002EB7
:104930008DD1204600F014FE044670E74346E8E7B8
:10494000934505D1B3F9140038B1B3F91400B4E7B5
:10495000B3F9160000287FF477AF1B686FE758465D
:1049600016F04CFFA9E7632231462046FFF744FFCB
:1049700007460028A6D00368002BA3D06422314646
:104980002046FFF739FF10F0FF029BD029463B6815
:104990003846984760F30F0594E770B50468A5683A
:1049A000A288206805F47F052946FFF725FFA68821
:1049B000E060002332462068A38029462346FFF7A3
:1049C000B9FEA1682068A680FFF76FFEE268A188A3
:1049D0000068BDE8704016F08DBF0000F8B52F4BA1
:1049E0001B7804460E461546002B56D0FDF76EFE8A
:1049F000E80406F47F060AD5B6F5702F27D1002209
:104A00002A212046FBF796FE2046FDF771FCB6F5FD
:104A1000702F00D08EBB4FF6FF739D4235D0A90496
:104A200033D42A052DD42046FDF750FE4FF6FF73F0
:104A30009D4204D06B0530D515F4C05F2DD0B6F57E
:104A4000803F2AD02046BDE8F840FFF711BE002E77
:104A5000D5D041F2040200212046FFF7CDFE42F2FC
:104A6000D17700B2B842CAD041F2010200212046FB
:104A7000FFF7C2FE00B2B842C1D04FF6FF739D42AD
:104A8000CFD12046FDF746FBCDE7204600F068FD7C
:104A90000028F2D0FDF72CFCEFE7F8BD0000002065
:104AA0002DE9F843044616460F46002331464FF6DB
:104AB000FF72FFF73FFE618CE068C1F3C5014FF064
:104AC000000949454FEAC9083DD8638C013101F01E
:104AD0003F0161F3C8036384C90016F05BF9638C7E
:104AE000E060C3F3C5035A1EC3F1020391450546B6
:104AF0004B444FEAC2004FEAC303A0F1080188BF4C
:104B0000082319441844A2EB09024FEAC2022944BF
:104B100088BF0022284425F067FD05EB0800082126
:104B200016F09CF9E26842F8087002EB080331467F
:104B30005A6866F317025A6020464FF6FF72BDE8C6
:104B4000F843FFF74BBF00EB0803DB799B07BCD0B2
:104B500009F10109B5E74A8CF8B5C2F3C50205466B
:104B60000C4600239A420CD925B1E16851F8331064
:104B7000A9420ED14FF6FF724FF470212046FFF785
:104B80002DFF204600F0FEFC00260746BE4202D163
:104B9000F8BD0133E6E7A3681B68284653F82610E2
:104BA000FFF7D9FF0136F1E70C4B1B7870B50646CD
:104BB00023B1002014F030FF044660B970BDE368F3
:104BC000304653F82510FFF7C6FF0135636AAB4244
:104BD000F5D82046EEE70025F8E700BF00000020EA
:104BE0002DE9F74F06680B46718C0446C1F3C501E9
:104BF0000022914241D9D6F80CC00CEBC200D7007C
:104C0000C579AD0705D54568A068C5F31705854288
:104C100001D00132EDE7A18863294BD030D820299B
:104C200053D0A1F1300080B217282ED80122824043
:104C30004F48024249D112F0180F26D0FE2B37DC24
:104C4000E5685CF8070001AA16F094FD002800F062
:104C50008B80019BB3EB050818BF4FF00108F36888
:104C6000A188D8592A4616F045FEB8F1000F04D0A5
:104C7000A288A1682068FFF7B1FE03B0BDE8F08FFD
:104C80006829DBD00CD86729D8D0002BD8D0FF2BCF
:104C90000ED0D4E90352521B5A4305EB2225D0E72C
:104CA00040F25742914210D041F259429142EBE713
:104CB0002569C6E7D4E903520DB91546C1E7002AB4
:104CC000BFD07F2BC8BF1546BBE7002B04DCA389F0
:104CD000002563F30F05B4E7FE2B01DD238AF7E718
:104CE00094F810B094F811A0257B607B0BF00702BC
:104CF0004FEA5A1E0EEBC20E05F007084209C3F137
:104D0000FF0902EBC8024FEAD50809FB02F24FEA9D
:104D1000DB0B09FB08F800F01F0003FB0E2203FB6E
:104D20000B880AF01F0A09FB00F048F2810E80325E
:104D300008F1800803FB0A030EFB02F20EFB08F8E1
:104D40008033C2F38265C8F3C4580EFB03F345EA0F
:104D5000C805C3F3C45345EA0325D20D45EA4232E0
:104D6000002562F30F056CE74FF0010877E700BFFD
:104D7000010890002DE9F84F04461FFA82F902F469
:104D80007F058846D1B1CE7A003E18BF0126764213
:104D9000B6B2002217464FF6FF7A638CC3F3C50301
:104DA000BB420ED8002A68D0002E66D02946204685
:104DB0004FF6FF72BDE8F84FFFF710BE4FF6FF76D3
:104DC000E7E7E06800EBC701D1454B684FEAC70B46
:104DD000C3F3170303D01FFA83FCCC450DD1B5F5FF
:104DE000702F03D003F47F03AB4206D1B8F1000F5C
:104DF00005D050F80B30434501D00137CDE7CB79D2
:104E0000990706D500234FF6FF7229462046FFF783
:104E100091FCE36803EB0B02D27992070CD053F8B4
:104E20000B0016F019FCE36853F80B0015F016FEA2
:104E3000E368002243F80B20638CD4F80CC0C3F362
:104E4000C50303F1FF3B3A4606E001320CEBC20E0C
:104E50009EE803000EE903009345F6D803F13F01F5
:104E6000638C01F03F0161F3C8036384C9006046AD
:104E700015F090FF0122E0608FE7BDE8F88F000099
:104E80002DE9F041046827482568A788254E15F0CC
:104E9000E2FC014619B96A8CC2F3C5023DE0A142A9
:104EA0000BD00A6823689A4207D18A68A3689A429D
:104EB00003D18A88A3889A4231D0304615F0D1FCBC
:104EC0000146E7E7EB6803EBC103CE00D879800722
:104ED00022D55B68A068C3F3170383421CD1214627
:104EE000104815F07DFC204615F0B8FDEC683946F9
:104EF000A05916F0D5FBEB68985904EB060816F09C
:104F0000E3FC60B1D8F80420A159284622F07F4282
:104F1000BDE8F041FFF72EBF01318A42D2D8BDE88B
:104F2000F08100BFA00400202DE9F0470F46418C1E
:104F30000546C0681E469046C1F3C50100238B425A
:104F40000DD36B8C013101F03F0161F3C8036B8419
:104F5000C90015F01FFF0246E860D8B9FEE700EB74
:104F6000C302DC0092F807C01CF0010F10D0526899
:104F7000C2F3170296420BD100594246394616F049
:104F8000B9FC3A4631462846BDE8F047FFF726BD52
:104F90000133D4E76C8CC4F3C50404F1FF3A04F187
:104FA0000054023C00EBC4044FEACA09BAF1000FF6
:104FB0001DD102EB0900082115F050FF0C20EC6810
:104FC00015F0D2FEEB6844F83A0053F83A0016F0B8
:104FD00039FBE96801EB0903DA7942F00102DA7181
:104FE0005A6866F317025A6051F83A00C5E7E37948
:104FF0009B07A4F10804DCD1D4E9020102EB090308
:1050000083E803000AF1FF3ACEE7F0B5458C0024AF
:10501000C5F3C505A54201D80020F0BDC76807EB60
:10502000C4064FEAC40C96F807E01EF0010F0AD040
:105030007668C6F317069E4205D157F80C00BDE806
:10504000F04016F097BB0134E4E770B4458C0023C0
:10505000C5F3C5059D4203D80DD1002070BC704733
:10506000C46804EBC304E679F6070AD56468C4F3A0
:105070001704944205D1C26870BC52F8330016F090
:105080000FBB0133E6E700002DE9F047984690B0EA
:1050900090F82230189E028443F0040380F82230F6
:1050A0001546328904460F46FFF7A6FB3289A4F85D
:1050B0002080824639462046FFF79EFB94F8223036
:1050C00082456FF38203814684F8223072D03289A0
:1050D000258439462046FFF78FFB39460546A4F85C
:1050E00020802046FFF7E1FA318900682A4616F051
:1050F00001FC3389602B22D147F6FF739D4201D01A
:1051000099451CD12046FDF793F900EBD07040F390
:105110004F082046FDF78CF947F6FF7200EBD0737D
:10512000954243F34F0318D198450EDA08F1010573
:1051300091452DB203D108F101080FFA88F91F48F3
:1051400015F017FB804668B9FEE75D1C91452DB24E
:10515000F5D101330FFA83F9F1E79145EFD1984585
:10516000F7DAE8E733898380C0E903590460876090
:10517000684614F083FDFF22099232880A927288F1
:105180000F4B019352420F4B0B92F268029306921F
:105190000D4B9DF83E200393002363F30002CDE9FD
:1051A000073368463369CDF800808DF83E200593BB
:1051B00014F0AAFD10B0BDE8F08700BFA0040020E5
:1051C000E14B00089B490008814E00082DE9F74398
:1051D000002507462E466FEA01086FEA02097B8C1C
:1051E000C3F3C503AB4240F2AD80FB6803EBC502DD
:1051F000E900D079840700F1A280928818EA020FB2
:105200000CBF0120002019EA020F0CBF012200226E
:10521000904200F094805C5801AA41F610012046AB
:1052200016F0A8FA002840F08C8001AA41F611017E
:10523000204616F09FFA002840F0838001AA41F62C
:105240001201204616F096FA00287AD101AA41F6FA
:105250001301204616F08EFA002872D101AA41F6F9
:105260001501204616F086FA00286AD101AA41F6F7
:105270001401204616F07EFA002862D101AA41F2FC
:105280006901204616F076FA00285AD101AA43F2A5
:105290000C01204616F06EFA002852D101AA43F202
:1052A0000D01204616F066FA00284AD101AA41F203
:1052B0000101204616F05EFA002842D101AA41F20F
:1052C0000401204616F056FA00283AD101AA41F20C
:1052D0000201204616F04EFA98BB01AA41F20301E2
:1052E000204616F047FA60BB01AA41F205012046AC
:1052F00016F040FA28BB01AA41F20601204616F03A
:1053000039FAF0B901AA41F23201204616F032FA18
:10531000B8B901AA43F60F01204616F02BFA80B95E
:1053200001AA43F60E01204616F024FA48B901AA54
:1053300040F60A01204616F01DFA38B10226013562
:105340004DE70326304603B0BDE8F08301AA40F6DE
:105350000B01204616F00EFA0028EFD101AA43F601
:105360000F01204616F006FA0028E7D101AA43F6FD
:105370000E01204616F0FEF90028DFD101AA40F602
:105380003C01204616F0F6F90028D7D101AA40F6D4
:105390003D01204616F0EEF90028CFD101AA40F6D3
:1053A0003A01204616F0E6F90028C7D101AA4FF4C9
:1053B0000461204616F0DEF90028BFD101AA40F6AC
:1053C0004501204616F0D6F90028B7D101AA40F6CB
:1053D0004101204616F0CEF90028AFD101AA40F6CF
:1053E0004201204616F0C6F90028A7D101AA40F6CE
:1053F0004301204616F0BEF900289FD101AA40F6CD
:105400004901204616F0B6F9002897D1012E38BF81
:10541000012694E780B2704700F47F00704770B5B2
:1054200041F25D4205460E46FFF7E6F941F26A4257
:10543000C4B231462846FFF7DFF9012C204638BFB9
:10544000012070BD13460A4641F20101FFF76CBD11
:1054500013460A4641F20201FFF766BD13460A46AB
:1054600041F20401FFF760BD13460A4641F207010D
:10547000FFF75ABD13460A4641F20801FFF754BD33
:1054800013460A4641F20901FFF74EBD17B4002446
:105490001346224664F31F4261F30F022021ADF848
:1054A000004003B05DF8044BFFF73EBD13460A46CB
:1054B0002121FFF739BD13460A4640F62801FFF7C0
:1054C00033BD17B400241346224664F31F4261F330
:1054D0000F0240F25741ADF8004003B05DF8044BB5
:1054E000FFF722BD13460A4641F25D41FFF71CBD9E
:1054F00013460A466021FFF717BD13460A4641F2DC
:105500006901FFF711BD13460A4641F26A41FFF7F0
:105510000BBD034620B118465B68002BFBD17047DA
:1055200070470000436810B5044613B1FFF7F1FF60
:1055300004460A4815F08FF978B1426A002305E065
:10554000C16851F82310A14207D001339A42F7D124
:105550000146024815F085F9EEE710BDE804002089
:1055600000B140687047806858B10029436801DA8B
:10557000C91805D4994203D2036853F82100704733
:1055800000207047806800B14068704770B50446DD
:10559000A0B14568A5B12846FFF7F4FF00220646F2
:1055A000964203D14FF0FF32104670BD1146284697
:1055B000FFF7D9FF8442F7D00132F1E70246F3E763
:1055C0002A46F1E72DE9F041002221210546FBF7AB
:1055D000B1F8002871D000212846FFF7C4FF064625
:1055E00070BB2846FBF796FF0746304614F022FAB8
:1055F000044648BB2846FCF70BFA6B682846002B8C
:1056000043D1FFF78FFF466AD0F80C800746B442BB
:1056100035D1013EA000321B011D9200B44288BF6B
:1056200000224144404424F0DFFF7E62B100404646
:1056300015F0B0FBF8602846BDE8F04115F00EBA51
:105640003046FFF7BFFFC6E7636A9D4202D0A36AF8
:105650009D4203D129462046FBF768FA236B9D4201
:10566000236D08BF26639F4207D1FBF703FB8542EA
:1056700003D129462046FBF759FA2046B6E758F8E9
:1056800024309D42C5D00134C1E7FFF77FFF0346B8
:105690006A6894686168206801398B4205D361604B
:1056A000890015F077FB2060C5E7013350F823200F
:1056B00000EB830040F8042CEAE7BDE8F081F8B580
:1056C0000546FDF703F8FDB16C68ECB12046FEF726
:1056D00065FF00273E462846FFF774FF84B100218E
:1056E0002046FEF77BFF2046FEF758FF00222221CE
:1056F0002046FBF71FF8002224212046FBF71AF86A
:105700000FB100233361F8BD2846FFF70BFF0646B3
:105710000028F8D007697B1B5F425F410024DAE76D
:1057200043682DE9F04104460D46002B66D0002960
:1057300064D0FCF7CBFF2846FCF7CCF8666820461F
:10574000FFF724FFD6F80880D8F80020034630463B
:10575000FFF718FF0138984243DCD8F80470013F86
:10576000C8F80470002F43D0B900104615F012FBA2
:10577000C8F80000AF68796838680131796089003D
:1057800015F008FB38602846FFF7FCFEAB6800F117
:1057900080401B680138002143F820403046656096
:1057A000FEF71CFF3046FEF7F9FE22462221304666
:1057B000FAF7C0FF002224213046FAF7BBFF224649
:1057C00022212846FAF7B6FF002223212846FAF7BD
:1057D000B1FF2046FCF78CFD2046BDE8F041FCF708
:1057E00075BF02EB8301496842F823100133AEE72D
:1057F000104615F033F9B3681F60BBE7BDE8F081D0
:1058000070B50D1E044621DA00B14068FFF7BAFEFC
:1058100005441CB16668002D1BDA70BD2646FAE708
:1058200002EB800151F8041C42F820100138854237
:10583000F6D11B68304643F8254000222221FAF7B2
:1058400079FF3046BDE87040FCF740BF0028E1D149
:1058500026463046FFF796FEA842DEDD2046FFF7DB
:1058600095FE8542D9D0B3681A68D9DB02EB800176
:10587000496842F8201001308542F7D1D9E773B565
:1058800005890C884E8843692C44ADF80040448952
:105890002644ADF802608E88C98835440C44ADF8C2
:1058A0000450ADF806406946984702B070BDF7B5A0
:1058B0000D4600221431064614F022FC10B90020D7
:1058C00003B0F0BD01212846FBF716FE0446002870
:1058D000F5D18DF800006A46122128460196FAF7A4
:1058E00029FF9DF80030022BE9D02846FFF74AFE39
:1058F0000746BC4206D19DF80030002B0CBF28465D
:105900000020DDE7AB681B68304653F82410FFF732
:10591000CEFF0028D4D10134EBE700002DE9F04F91
:10592000A64C95B00790206814F080F8079B1B6880
:105930009D6BEB6A80460BB128469847D8F800303B
:1059400053B9206806680123F268C8F810309169DD
:10595000CF0710D4002311E0D8F80430002BF0D08A
:1059600023681868D8F81030002BEAD0836A002B1F
:10597000F8D09847F4E792699407EBD5C8F814304B
:10598000D8F814300C93079B1B685A69002A00F062
:105990009B801A7C12F0300FD5E9005400F0B781DB
:1059A000510740F1B481337C03F00602062A00F06F
:1059B0008B8003F03002202A3BD1B4F804E0B4F825
:1059C0000690228861880EF1010009F10103801A16
:1059D0005B1A00B21BB24FF0FF3700FB0377434363
:1059E00005EB4303A5F1020C3846A7EB000A50452E
:1059F00015D87388013B9BB2591AA3EB0903638046
:105A00003388E180013B9BB29A1AA3EB0E03A2807C
:105A100023802A4621463046FFF731FF54E033F811
:105A200002AD3CF802BFA3F800B00138ACF800A00A
:105A3000DBE7DA0648D513F0F9FF2388B4F9042030
:105A400005930190531C0598B4F900109BB21F1ADE
:105A50000693BBB20893B4F902300D9363880293A6
:105A6000E388029801331B1A1BB2039303EAE37322
:105A70000E93337C03F03003102B3FB23BD173887D
:105A800005995A1E521AE280069A9B1A638007EB08
:105A9000D7735B1012937B1C03EBD3735B101193D2
:105AA00027EAE7735B001393089B013B4FF0000A62
:105AB0009BB2D3460B93039B53451FDCBBF1000FF6
:105AC00002D0584614F0D8FFD8F8002082B1D8F898
:105AD00004306BB107990968097CC90701D50C9995
:105AE00031B1D8F808108A4218BF1346C8F80830F8
:105AF00015B0BDE8F08F6180E280C8E7039B0E9A85
:105B0000A3EB0A039342A8BF1346019A049301230F
:105B1000BDF910901361BAF1000F40F0A180039B12
:105B20009F4200F39D80337CCDF810A003F030033A
:105B30000F93D146BDF91030129A934251DA0B9B64
:105B4000049AA3EB020E0FFA8EF309937B43109392
:105B50004FF0000C26E009980B9902EB090E07FBA9
:105B600002021098CB1A19B200FA83F3049801FBD1
:105B700007010F98302835F81E00ADF828001FD116
:105B800035F8110025F81E0035F813E025F811E06E
:105B900035F8121025F81310BDF8283025F812300A
:105BA0000CF1010C11990FFA8CF28A421FFA8CF356
:105BB000D1DB049B01330493B944BBE730010020DF
:105BC00035F8120025F81E0035F813E025F812E02C
:105BD00035F8112025F81320BDF8283025F81130AC
:105BE000DEE7337C03F03003102B2CD10D9B238098
:105BF000029B089A013B1344A380B946039A09EB20
:105C00000A039A427BDC019B9B69DB0777D5019BEA
:105C10009B69980773D50123019A21465361304649
:105C2000BBF1000F14BF5A462A46FFF728FE019B1E
:105C30001B69002B65D109FB07F3D14405EB430534
:105C40000FFA89FA37E73388029A013B9B1A059AC3
:105C50009BB20132A3801344069A9B1A2380CCE79F
:105C6000BBF1000F03D1584615F0AEF8834607FB91
:105C700009F3A3EB0902307C0992013B9B1A00F067
:105C80003000AE4600210A930AB24A4510DB337C4D
:105C9000BDF8102003F03003102B1FFA8AF123D136
:105CA000029B194489B2218001391144A180A5E7E2
:105CB000302815BF099A0A9B8A185A1A4FF0000C0F
:105CC0000FFA8CF39F4203DC139B01319E44DBE708
:105CD0003EF81C302BF8123030280CBF4A44A2EB9F
:105CE00009020CF1010CEBE733880298013B1B1A07
:105CF0005B1A9BB2A38001339B1A23807EE70023AB
:105D00008AE7B36A002B92D0304698478FE72A463D
:105D10002146184680E600BF70472DE9F0410C4649
:105D200086B0054601212046FBF7E6FB00285AD144
:105D300002A92046AE68FCF72BFB2046FCF7E5F9EC
:105D40000246014602A814F0BCF802AA3146684691
:105D500014F0D7F8002846D02A461421C5F808D0F8
:105D60002046FAF7E7FC2A4615212046FAF7E2FC1E
:105D70002A4616212046FAF7DDFC4FF40021204682
:105D8000FBF7BAFB04AFA0B1306871683B4603C3B0
:105D9000AF602046FFF7F6FB00278046474510D04E
:105DA000A3681B68284653F82710FFF7B6FF013792
:105DB000F4E704F114023146384614F0A2F8002842
:105DC000E6D12A461721C5F808D02046FAF7B2FCDA
:105DD0002A4618212046FAF7ADFC2A46192120460A
:105DE000FAF7A8FCAE6006B0BDE8F0812DE9F843F3
:105DF00006460D4629B91F4B1868FAF7C9FB054638
:105E000040B130462946FFF788FF2846FFF7A8FB38
:105E1000044608B9BDE8F8832046FFF7B3FB002726
:105E20008046B946474513D1324617212046FAF736
:105E300081FC324618212046FAF77CFC32461921B3
:105E40002046FAF777FC2046FFF78AFB2546DFE776
:105E5000A3681B6853F82710B9F1000F06D16B1A1D
:105E6000D3F1000949EB03090137DBE73046FFF7BF
:105E700054FFF9E730010020F0B5534D95B00446CA
:105E8000286813F0D3FD03680646002B4DD128681F
:105E90006668FAF77DFB01463046FFF708FD2B6880
:105EA0005E690746002E4DD1BFB9B6B9A36A002B73
:105EB0004ED006A802F0CCF92B68DA6A0A9293F861
:105EC00029208DF832205B8DADF81C308DF81B2019
:105ED000A36A626806A9204698472B68596929B1C8
:105EE000002E18BF31462046FFF780FF0FB92B6800
:105EF0001F6939462046FFF779FF2868FAF756FBF5
:105F000001462046FFF772FF2868FAF756FB014664
:105F10002046FFF76BFF286803681B7C9B0750D463
:105F200015B0BDE8F040FFF7F9BC4368002BAED1D7
:105F30002A683369002BAAD01068836A002BF8D036
:105F40009847F5E731466068FFF7B1FC0646ABE7D6
:105F50002B68D86A20B303A903F0E2F90128BCD169
:105F6000BDF80E20039BC2F34A12C3F38A23013A01
:105F700012B2013B314600921BB2324604A813F024
:105F800081FF06A800F014FD2B6893F829208DF8F6
:105F90002320DB6A04AA06A9204600F04FFD9CE7F7
:105FA00006A802F055F92B685A8DADF81C2093F81D
:105FB000293062688DF81B3006A9204602F06EF980
:105FC0008BE715B0F0BD00BF300100207FB50D4656
:105FD000044618B913F0E6FC044610B11DB9A4F844
:105FE000505104B070BD00232046009313F0E0FC34
:105FF0000138ADF80400204613F0EAFC6E46013883
:10600000ADF806003246294602A813F07AFF0028B0
:10601000E7D02068037C9B070ED596E8030004F1C7
:10602000300383E8030001236068A4F8503100289E
:10603000D7D015F0DEFED4E783690BB102A99847EB
:106040000025B4F85031AAB293420BD81F2B15D8B3
:1060500004EBC303029A1A63039A5A63B4F85031EB
:106060000133E1E7A9B20631002204EBC10102A825
:1060700014F046F801350028E3D0B2E70023A4F875
:106080005031BDF800302386BDF802306386BDF87C
:106090000430A386BDF80630E386DFE7014B1868BD
:1060A000704700BF300100202DE9F04F8DB005464C
:1060B00013F0D6FC00237F4C04900993F5B1EB68F4
:1060C0002360284615F090FE23681869FDF750F804
:1060D0002368586908B1FDF74BF82368D869FDF7C4
:1060E00047F82368186AFDF743F823681A69002AFD
:1060F00063D1A3F850210DB0BDE8F08F13F052FC2E
:106100002060E1E73B4493F83061CEB1013723686A
:10611000B3F850219742F5D3674900200860002A60
:106120004FD12068B0F85031002B40F0698114F055
:10613000B7FC13F071FB0DB0BDE8F04F01F03ABDB4
:106140004FEAC70A0AF130092068B0F850319E4280
:10615000DCD2831993F830316BBBB7422BD04FEAB6
:10616000C60B0BF1300B00EB0B01484413F0ABFFF7
:1061700008B321680AA801EB0B02494413F0ECFEB6
:106180000AA813F090FE02902068484413F08BFE9A
:1061900005462068584413F086FE029B0544AB4236
:1061A00009D223680A9903EB0A02334411630B995D
:1061B000516383F830810136C6E700274FF00108AC
:1061C000A5E702F1FF3903F5987212F8091021B121
:1061D000B9F10109F9D24FF000091B68DB681A7E9A
:1061E0006FF300021A761A7E6FF341021A760023CB
:1061F00002930DF1280AD4F80080029AB8F85031C1
:106200009A428EDA029B434493F83031002B44D1FA
:10621000D8F80010029ACB684A4502BF1A7E42F0B5
:1062200001021A761A7E6FF341021A768D6B029A7A
:106230009B682B60D6000B7C06F1300203929A0714
:106240003CD0404613F0B4FB0646206813F0C0FB78
:106250000138002200B2731E00901BB21146504656
:1062600013F010FE2368C5F804A01B681A7CDB68D5
:1062700012F0020F15D01A7E42F002021A76C5F80B
:1062800008A02846FFF7F8FD039B2068184413F088
:106290000AFE094A136803441360029B0133029308
:1062A000A9E799691A7E61F341021A76039B434478
:1062B000AB60E6E730010020340100204644404650
:1062C000B6F834B0338E728E0BF1010BABEB030BCF
:1062D000B6F9363005935F1CBF1A13F079FB059BA6
:1062E00083420FFA8BFB3FB255DB206813F070FB43
:1062F00000F1FF380FFA88F823681A68D368DB6862
:10630000B3FBFBF39F42A8BF1F46936903B300236F
:106310000A93ADF82C300FFA87FB22685B461068B1
:1063200005930BF1FF3B0FFA8BFB8269ADF82EB0A2
:1063300051469047BDF92E10BDF82A20059B01312A
:106340008A1A12B2974229DABBF1000FE5DC002766
:10635000BAB2531EB6F9320005934FF0000BC319C1
:10636000013B434521681DDDD8458DD0338EADF806
:106370002830B38EADF82C300B68ADF82A00DB68FE
:10638000ADF82E80C5E901AA9A682A601A7E42F00B
:1063900002021A7675E7B6F93680ADE7002BD6DD36
:1063A0000F46D5E7338EADF82830B38EADF82C30DC
:1063B000059B0968ADF82A001FFA80FC13FA80F0EB
:1063C000C96800B2ADF82E00C5E901AA8B682B6040
:1063D0004045D4BFBDF92EB0C346D845ADF82EB068
:1063E00002BF087E40F0020008762846CDE906C2CA
:1063F000FFF742FDDDE906C20CEB020318B2AEE77F
:1064000003681B7C9B0716D513F0D2FA054620685B
:1064100013F0DEFA421E12B26B1E00920AAD002289
:106420001BB22846114613F02DFD206803689B6BB4
:106430005D60FFF773FA20684FF48071303014F01C
:106440000DFD2068202100F5987014F007FD2368E9
:1064500004980022A3F8502113F010FB2368099040
:106460001868436A002B3FF462AE024A0999126829
:1064700098475CE63401002070B5044640680D463C
:1064800008B1FFF7F9FF236823B129462046BDE88C
:106490007040184770BD08B528B1FFF743F8BDE854
:1064A0000840FAF791B813F07DFAF8E738B50546D9
:1064B000FFF7F1FF044650B128460021044AFEF7D9
:1064C00059FC29462046BDE83840FFF7D5BF38BD06
:1064D000FFFF0F0008B5FFF7DEFF20B9BDE8084059
:1064E000112013F06FBF008A08BD704710B510214E
:1064F000044614F0B3FCFF2323734FF4803323606E
:1065000010BDF0B491F80CC0BDF81060BDF8147067
:10651000BCF1020F0AD9B1F902403CB1BE4205D02C
:106520000469CDE90467A446F0BC6047F0BC70473D
:106530002DE9F04F85B01F46BDF83850BDF93C300D
:106540009DF84040DDF8448091460FFA82FB07F544
:10655000B4729542064612D1B6B2A6EB090389B2CF
:10656000A8F800304E44A1EB09034944A8F80230D2
:10657000A8F80460A8F8061005B0BDE8F08FB7F5DC
:10658000B47F84BFA7F5B477BFB2B5F5B47F88BF39
:10659000A5F5B475A9EB030A88BFADB20FFA8AFA64
:1065A00024B103EBD3735B1001331CB25A23B7FB46
:1065B000F3F2D2B2042AB5FBF3F3DBB200F0A4810C
:1065C000042B08BF0323934240F0A780AF4200F2A0
:1065D000A480032BD0D8DFE813F006003C006D0048
:1065E0009D010322EFE738B2009114F059F90099A8
:1065F000A4B21FFA81F900FB0AF0A9EB040303EB34
:10660000E03307F15A00A8F8023000B214F048F95C
:10661000B7B200FB0BF014FA86F606EBE036A8F8EA
:10662000046028B214F03CF909EB04010BFB00F004
:1066300001EBE03105F15A00A8F8061000B214F0A1
:106640002FF90AFB00F03F1B07EBE037A8F80070BA
:1066500092E738B2009114F023F90099A4B21FFA1E
:1066600081F900FB0BF014FA81F101EBE03107F145
:106670005A00A8F8061000B214F012F9B7B200FBE5
:106680000AF014FA86F606EBE036A8F8046028B2A1
:1066900014F006F9A9EB04090AFB00F009EBE03954
:1066A00005F15A00A8F8029000B214F0F9F80BFBBB
:1066B00000F0C8E707F15A0000B2009114F0F0F8BA
:1066C000A4B2B6B200FB0BF0331B03EBE033A8F827
:1066D000003038B214F0E4F8009900FB0AF08FB2F1
:1066E00014FA81F101EBE031A8F8061028B214F099
:1066F000D7F83F1B0BFB00F007EBE03705F15A0022
:10670000A8F8027000B214F0CBF826440AFB00F09F
:1067100006EBE036A8F804602EE7B0B2009088B22D
:106720000190002A3CD1012B7FF416AF05F15A00ED
:1067300000B214F0B5F8009BA4B200FB0BF01B1BD9
:1067400003EBE033A8F800302BB21846029314F0A4
:10675000A7F83DB20646284614F0A2F88642B6BF16
:10676000029B2846184614F09BF8019B00FB0AF098
:106770001B1B03EBE03307F15A00A8F8023000B20C
:1067800014F08EF8009B0BFB00F0234403EBE03386
:10679000A8F80430019B99444C44A8F80640EBE665
:1067A000012A37D1022B7FF4D7AE009BA4B2A3EB12
:1067B0000909A9EB0409A8F8009028B214F070F8B0
:1067C000019B00FB0BF01B1B07F15A0603EBE033A8
:1067D00036B2A8F80230304614F062F85A352DB2BD
:1067E0008146284614F05CF88145CCBF30462846E7
:1067F00014F056F8009B00FB0AF0234403EBE0334F
:10680000A8F8043038B214F04BF8019B0BFB00F0F1
:106810001C44ACE0022A40D1032B7FF49DAE07F16B
:106820005A0000B214F03CF8009BA4B200FB0BF03D
:106830001B1B03EBE033A8F80030019BA3EB090915
:10684000A9EB040905F15A00A8F8029000B214F06F
:1068500027F8009B0BFB00F0E31803EBE0332DB2AD
:10686000A8F80430284614F01BF83FB200FB0AF6E3
:10687000384614F015F80AFB00F08642CCBF2846D3
:10688000384614F00DF8019B0AFB00F0C0F3CF303E
:106890001C442044A8F806006EE6032A7FF45CAE90
:1068A000002B7FF459AE05F15A031BB2184603932F
:1068B00013F0F6FF07F15A0636B20290304613F095
:1068C000EFFF029A8242B6BF039B3046184613F090
:1068D000E7FF009BA4B200FB0AF01B1B03EBE033B5
:1068E000A8F8003038B213F0DBFF019B00FB0BF07F
:1068F0001B1B03EBE033A8F80230009B4B442344FE
:10690000A8F8043028B27EE7042B7FF46AAEAF42C9
:106910003FF622AE07F15A0000B2009113F0C0FF1B
:10692000A4B2B6B2331B00FB0AF003EBE033A8F8C5
:10693000003038B213F0B4FF00998FB200FB0BF0B7
:106940003B1B03EBE03305F15A00A8F8023000B21C
:1069500013F0A6FF26440BFB00F006EBE036A8F888
:10696000046028B213F09CFF3C440AFB00F004EBE7
:10697000E03412E770B598B00D4604460AA81646F2
:1069800001F066FC4FF6FF732A460AA92046ADF8CF
:106990002C3001F083FC02A800F05EF90023009384
:1069A0002A46334602A9204600F074F918B070BD9B
:1069B00010B51821044614F051FA00232381FF2357
:1069C000E3724FF480736380237D43F001032375EA
:1069D00010BD00000438C0B20A289ABF014B185CF1
:1069E000002070470CB50208032803D0831F5842CB
:1069F00058417047012070470E289DBF47F6A47389
:106A000023FA00F000F001000020704738B1007850
:106A1000A0F120035F2B04D9C00940007047032078
:106A200070470120704730B444699DF808501CB18C
:106A30000295A44630BC604730BC70472DE9F04F4A
:106A400004468DB00E4615463BB9794A2946204684
:106A50000DB0BDE8F04FFFF78DBF91F80BC0BCF152
:106A6000020F07D9D0F81880B8F1000F05D0C04741
:106A70000028EAD00DB0BDE8F08F0A6909891846F0
:106A800002F0B8F807460028DFD0027D02F01F02AE
:106A90001046FFF7A9FF002860D11046FFF7ACFFB2
:106AA00000F104085FFA88F33A6A0393002ACDD113
:106AB000BB69002B54D03368B5F900C0B5F902E0CA
:106AC000B5F90410B5F90620ADF820C0B3F1807F08
:106AD000ADF822E0ADF82410ADF8262026D03046DF
:106AE000013230F9043B0190013170880090A2EB33
:106AF0000E02A1EB0C0112B209B208A801F085FD4B
:106B00002A88BDF82030BDF822101344ADF820309B
:106B10006B881944ADF82210BDF824100A44ADF872
:106B20002420BDF826201344ADF826300DF12809A5
:106B3000A16808AA484613F0E4F900289AD0039BFC
:106B4000D4F808A0C4F808900093BB692A463146DF
:106B50002046FFF768FFC4F808A08BE70623A3E7E9
:106B6000A1682A4606A813F0CCF9002882D0BDF807
:106B70001C30BDF8182001339B1A0FFA83F808EB7C
:106B8000480014F021F9A3680493069B08938146FA
:106B9000079B0993012108A813F080F9BDF918306B
:106BA000B5F90020BDF91AB0B5F902A09B1A1BB2C5
:106BB000ABEB0A0A0593BDF91E309B4505DD049B2E
:106BC000A360484613F058FF54E7049908AA0AA89E
:106BD00013F097F948B30599CDF8009043460FFAA2
:106BE0008AF2384602F028FC012808D0384602F024
:106BF00033FC484613F040FF049BA36025E70AAB33
:106C0000A360039B009308AA4B4631462046FFF73A
:106C10000AFFBDF822300133ADF82230BDF826302E
:106C20000133ADF826300AF1010A0BF1010BC2E77E
:106C300004B5020803463038C0B209280BD9602BCE
:106C400084BF203BDBB2A3F14102052A02D8373BC7
:106C5000D8B270470020704738B52021044614F0A0
:106C6000FDF8FF23A376074B236000254FF6FF7343
:106C7000C4E90133E560052013F0A4FBE57620822A
:106C800038BD00BFD4C7020810B4C469A4465DF87B
:106C9000044B60472DE9F04FB5B0834605930023C0
:106CA0000E938B7EDDF8F880022B0C46154640F2E1
:106CB000B7800B680493002B00F0B280C369002BEF
:106CC00000F0AE800F460FCF1EAE0FC697E80F0044
:106CD00086E80F00059B002B00F0A2801B78002B9C
:106CE00000F09E80DBF80820294617A813F009F968
:106CF000002800F09580237F0893637F980700F1B8
:106D00009280AB882A8801339B1A1BB2049AB5F98A
:106D10000200B2F90890B4F91220B4F918104A44EC
:106D20000A922A88ADF84C20B4F916201092421825
:106D300092B2ADF84E20B8F1000F40F085800026E9
:106D40001BB20B93DDE90410637F019300230093D2
:106D5000B4F914200B9B304415F048FC8719DBF87C
:106D60000820BDF94E30B2F902204B449342059BF6
:106D7000C0F28B809819089B022B40F0B380637F90
:106D80000093B4F91430049AB91B15F0CFFDAB8809
:106D90002A8801339B1A1BB2181ABDF84C3000EB3D
:106DA000D07003EB6003ADF84C3063680693A368C2
:106DB0000793DDE90632934288BFCDE90623A37F1E
:106DC000990719D01BA800F021FAA389ADF86C30FF
:106DD000049B9DF8752093F90E30002B08BF01230A
:106DE000ADF86E30A37E8DF87430A37FC3F3C20379
:106DF00063F301028DF8752026A801F029FA238A91
:106E0000ADF89C304FF00008BDF94C300F93CDF831
:106E10002480059B33440D93059B9B5D002B77D10C
:106E200035B0BDE8F08F029341F6FF730193B4F9DA
:106E300012300093B4F914302268059926A815F091
:106E4000B4FDBDF9983061E700297FF478AF0028E0
:106E5000BFF675AFD8F80810091A0A980029B8BF0C
:106E60004942C0F50070B1EB400FC4BF4FF0FF3195
:106E7000C8F80010D8F80060002EFFF660AFD8F810
:106E800004100A44ADF84E205AE703EB070A637F6B
:106E9000019300230093B4F914200B9B04995046EE
:106EA00015F0A4FBBDF84E300A9A13441BB23844C7
:106EB000ADF84E30B8F1000F0DD013F5806F0ADB3E
:106EC000D8F80020002ABFBFB5F90220C8F800702A
:106ED0009B1AC8E901329AF800303E46002B9FD039
:106EE00007463CE7089B032B7FF45FAF637F00936B
:106EF000B4F91430049AB91B15F018FDAB882A8830
:106F000001339B1A1BB2BDF84C201B1A13444AE7ED
:106F1000BDF84C30109A1344ADF84C300023149354
:106F20009946BB1B11931499119B8B4200F28680EA
:106F3000A37F9A0722D50F9BADF85830BDF96E306C
:106F4000ADF86C8003EBD372BDF84E3003EB6203F7
:106F50002268B2F9082002EBD27203EB62031BB283
:106F6000BDF84C20ADF85A30ADF86420ADF866306D
:106F700016AA19AB1BA9584600F054F9A37FDB07EA
:106F80001ED522680F9B1189ADF85830BDF84E30E0
:106F90005289ADF86C800B449B1A049A92F90D202B
:106FA0009B1A1BB2BDF84C20ADF85A30ADF86420E6
:106FB000ADF8663016AA19AB1BA9584600F032F995
:106FC000059B0499DE19637F019300230093B4F9B4
:106FD00014200B9B304615F009FB2B88ADF84C3084
:106FE000089B022B014607EB000940F0F680637F07
:106FF0000093B4F91430049A304615F097FCAB882E
:107000002A8801339B1A1BB2181ABDF84C3000EBCA
:10701000D07003EB6003ADF84C30BDF84E300A9AE7
:107020001344DBF80820B2F906201BB29A42ADF8EF
:107030004E303E46FFF6F4AE4F46EAE6069B4FF66C
:10704000FF7293421DD0079B93421AD06E4B059856
:107050001B6831449847824614AB0D9816AA15A9AF
:1070600015F04AFC637F13F0010300F0AD80159A20
:10707000232A13D1B9F1000F06D1149A0992994627
:1070800051E74FF0000AE7E7B9F1010F55D0B9F128
:10709000020F40F09C804FF0000944E7B9F1010F66
:1070A00040F09280202A7FF43EAF149B099A9B1AED
:1070B000072B40D10D9B0999585819909A18C0F385
:1070C0000723C0F3074AC0F307690C93C0B2938843
:1070D000ADF86830FFF7AEFD01469DF83000FFF7D0
:1070E000A9FD00EB01115FFA8AF0FFF7A3FD8246CC
:1070F0005FFA89F0FFF79EFD00EB0A199DF8680022
:10710000FFF798FD82469DF86900FFF793FD00EBBD
:107110000A10C0F3C40301F0F801C9F34210084398
:1071200040EA0320C9F3850940EA493083B20E934F
:107130004FF00209F7E6A389F9E7B4F80C804FF0A5
:107140000009DDE91512049812F01FFA069B0C9055
:107150004FF6FF72934222D0079B93421FD0069BAB
:1071600053451CD8079B534519D9BDF94C30A18A0A
:10717000ADF86430013B0B44BDF94E20ADF86620FC
:107180000344ADF868300A9B013A1A44ADF86A200E
:1071900026A919AA584601F081F8B4F80E80159B6B
:1071A000ADF8848013AA1EA95846FFF76DFD0C9B0D
:1071B000002B3FF4B8AEBDF84C30A28A13440C9AB1
:1071C0001A44ADF84C20AEE6B9F1020F02D0B4F883
:1071D0000C80B6E7DDF83880B3E7089B032B7FF41B
:1071E0001CAF637F0093B4F91430049A304615F055
:1071F0009DFBAB882A8801339B1A1BB2BDF84C203B
:107200001B1A134407E700BF5800002010B50A21DD
:10721000044613F023FEFF2323720023238001235F
:10722000638010BD70B4B1F9026036B10C7A022CE3
:1072300003D9046AA44670BC604770BC7047FC293F
:107240000AD8022907D910FB01F048F281035843FC
:10725000C0F3C7507047002070472DE9F843089EDF
:107260001C46B38AD21A738AC91A0FFA82FC0FB26B
:1072700096F82820316A054602F0010E002939D11E
:10728000337C03F00202BEF1000F15D0AAB103F067
:107290000303022B06D1BCF1FF3FACBF002001204D
:1072A000BDE8F883032B01D00020F9E7BCF1000F03
:1072B000D4BF00200120F3E70AB10120F0E703F07A
:1072C0000303012B0AD1002FF7DCE742ECD4002F97
:1072D00000F3748179428C42E6DDA5E0002BF4D105
:1072E000E119EAD4002FDFDC7842A042C0F2AA8084
:1072F0000220D5E702F00200BEF1000F00F0A480EA
:10730000F26907FB02F3002A4FEAA323C0B205DDAE
:107310009C4505DA003818BF0120C1E79C45F9DC1F
:10732000E3195343002A4FEAA32305DD9C4509DDF9
:10733000B0FA80F04009B3E79C45F9DBB3690CFB78
:10734000033302E0B36903FB0CF343F395034FEA05
:10735000232C13F0FF031FBF716AC3F1FF024A43DE
:10736000121214BFC2F1FF02FF22ACEB0707002B81
:107370005ED0002F0FDBBC420DDDC3F1FF01C2F177
:10738000FF035943C1F3472108B9C943C9B2E85DB6
:10739000FFF755FFE85507F10108716A8A421CDCC6
:1073A000444536DDB8F1000F33DBB169F36915F8F8
:1073B0000800514389125143C1F34721002B96F82D
:1073C0002830BCBFC943C9B29A0744BFC943C9B238
:1073D000FFF735FF05F808001BE0B8F1000F11DBDF
:1073E00044450FDD96F82830A2EB61019807C9B239
:1073F00048BFC94315F8080048BFC9B2FFF71FFFCF
:1074000005F80800736A08F101084445A2EB03027D
:10741000C3DC96F828309B070CD5BC42FFF644AF7E
:10742000002FFFF665AF3946284613F017FD5FE7DA
:10743000B846B2E718F101003FF536AF8442FFF6D7
:1074400057AF211A2844F0E7D6F818E00EFB0CF1EC
:10745000BEF1000F4FEAA123CCBF5A1C1A46BA4214
:10746000C0B2FFF657AFE21993423FF761AF41F365
:107470008D29C1F38703714441F38D28C1454FEA3B
:10748000012CA9EB070200F09B80BEF1000F80F2F7
:10749000BA8002F1FF39002B00F0B380002A2ADB0A
:1074A000F7697F425F4394424FEAA7270ADD07FB53
:1074B00003F1C1F3472108B1C943C9B2A85CFFF782
:1074C000BEFEA854BAB14C4515DDB369C7F1FF073C
:1074D0005942794396F82830891279439807C1F3C5
:1074E000472158BFC94315F8090058BFC9B2FFF773
:1074F000A6FE05F8090096F82830990718D54C45DE
:10750000FFF6F6AEB9F1000F7FF7F2AE49468BE712
:1075100009F10109A145A8BFA146B9F1000F3FF447
:10752000C3AE7FF7E5AEA4EB090105EB09007CE7EC
:1075300001329442FFF6C1AE002AFFF6D9AEA11A7D
:10754000A81872E7944202F1010809DD7B43C3F3F6
:10755000472108B9C943C9B2A85CFFF770FEA85417
:10756000444515DDB369C7F1FF0703FB07F1891235
:1075700096F8283079439807C1F3472148BFC9439B
:1075800015F8080048BFC9B2FFF759FE05F8080012
:1075900096F828309B0707D59442FFF685AE002A5F
:1075A000FFF6A6AE11463FE70232A242A8BF22462E
:1075B000002A3FF479AE7FF79BAEC0E7002C8BE644
:1075C0009146B9F1000F0FDB4C450DDDCCF387215F
:1075D0001944C1F3470108B1C943C9B215F80900FC
:1075E000FFF72DFE05F8090096F828309E078FD585
:1075F000A8EB07018C427FF757AE0029FFF678AE63
:1076000012E7FF23DDE7F769C3F1FF035F43002AB9
:107610004FEAA72796DA531CBAD14FF000089FE72C
:107620002DE9F3470A9EB6F908C0B6F90A508A4612
:10763000A1EB0C0CB6F90C10B32907461446B6F9A9
:107640000E009846A2EB050E6DDCB32800F3D28045
:10765000002900F0D080002800F0D280814240F361
:10766000CF80954204DD0124204602B0BDE8F087BA
:10767000756DB26A89B24B1E05FB0EF50EFB022238
:10768000592B4FEAA5254FEAA2223DD822EAE27201
:1076900080B2431E592B3DD822EAE272AD1A02EBAA
:1076A0006505A5EB0C054545A8BF4546002D37DD12
:1076B00006F11003009322462BB251463846FFF7DD
:1076C000CCFD814618B92946384613F0C7FB45451D
:1076D000A8BF454625EAE575A9B2A8EB01032F44EA
:1076E00051443C36224600961BB209B23846FFF799
:1076F000B4FD044620B9A8EB0501384613F0AEFBF3
:10770000A145B1D00224AFE75B39B22998BF02EAA4
:10771000E272BDE75B38B22898BF02EAE272BDE7C9
:107720004FF00109D3E7B42954D0B42875DD814264
:1077300073DD954297DB756DB36A05FB0EF50EFBA5
:10774000033389B26FF4877E01EB0E02582A4FEAA9
:10775000A5254FEAA3232ED823EAE37380B26FF462
:1077600087728218582A2CD823EAE373ED1A03EBA8
:107770006505A5EB0C054545A8BF4546002D26DD52
:1077800006F13C03009322462BB251463846FFF7E0
:1077900064FD814618B92946384613F05FFB45451C
:1077A000A8BF454625EAE575A9B2A8EB01032F4419
:1077B0005144103696E75B39B22998BF03EAE37368
:1077C000CCE75B38B22898BF03EAE373CEE74FF00B
:1077D0000109E4E79542D4BF03250125B6F90E203F
:1077E000B6F90A30B42A1CD19C42B4BF0324012448
:1077F0009DBB2AE021B9A542D4BF01250325EDE7B1
:10780000A5420CDC06F11003009322464346514684
:107810003846FFF722FD0546E0E7A542F2DC0325E6
:10782000DCE722B99C42ACBF03240124E0E7B32A81
:107830000DDC9C420DDB3C36224600964346514609
:107840003846FFF70AFD04462DB900240CE79C4298
:10785000F1DB0324CCE70028F7D0032D04D1033C4F
:1078600018BF01246400FFE6012D7FF44BAF012C0B
:107870007FF448AFF7E62DE9F74F0C9F0546B87C3B
:10788000B7F910C0B7F90CA0B7F90E9010F00100CD
:1078900088461E46B7F90810B7F90A3031D19A4226
:1078A00003DA002003B0BDE8F08F4A45F9DC01EBB4
:1078B0000C04A045A1EB080405DB08EB060EAAEBBF
:1078C0000C0BDE4507DD03EB0C0E724533DBA9EB39
:1078D0000C0E72452FDC00BBA642E2DB002C03DB62
:1078E0002146284613F0BAFAAAEB080E0EF1010061
:1078F0000028D6DDB0420BDA311A284413F0AEFA74
:1079000009E09A4201DA0120CCE74A45CFDDFAE7E7
:107910000CB9B042F7D00220C4E724EAE470B042C8
:10792000F9DCAAEB0801091A01314318B342E3DC80
:107930000029F0DBE1E79BB292B20AF1010E1FFAD7
:107940008CF8A2EB030AAEEB010E1FFA8AFB08F1DA
:10795000FF310FFA8AFA89B2D4451FFA8EFE0191DF
:1079600041DD9A1A013A424413B27A6903F1010CDB
:10797000D768916837F8139037F81C7031F813C046
:1079800001995368AEEB080212FA84F211FA84F4FA
:107990006244A7EB0907A4EB0C041FFA82F83FB27C
:1079A0004B4412B224B228B307F1FF3B92469B44EA
:1079B000A146A4EB09031BB2BB4258DB0134B4421D
:1079C000A8BF3446964224EAE47474DDA24274DB14
:1079D0009642A3B2CBBFA8EB0308F11A0FFA88F1C5
:1079E00009B228198AE7019A93445B44A3EB09037F
:1079F0001BB2BAE7914603EB070AA046A4EB0803C3
:107A00001BB2BB4214DB002FA8BFD219B242A8BFE1
:107A1000324622EAE272B11AA81813F01FFAE11BEB
:107A20000131B142A8BF314621EAE171284665E73C
:107A3000B9F1000F1AF801BD08DBB14506DA15F8F7
:107A400009105846FFF7FBFB05F80900B8F1000FD5
:107A500008DBB04506DA15F808105846FFF7EFFBCB
:107A600005F8080008F1FF3809F10109C6E71BF81D
:107A70000139BAF1000F6FEA0303DBB20ADBB2454A
:107A800008DA15F80A1001931846FFF7D8FB019B96
:107A900005F80A00B9F1000F08DBB14506DA15F860
:107AA00009101846FFF7CBFB05F8090009F1FF396B
:107AB0000AF1010A7DE7A64289E7002191E700006B
:107AC00030B5094A002352F8335002EBC3042DB1FC
:107AD0000133102BF7D14FF0FF3030BD42F83300A7
:107AE0006160D8B2F9E700BF240300202DE9F34715
:107AF0000D4E0746884691469A460024356825B9BA
:107B00000134E0B202B0BDE8F08700952D6853461D
:107B10004A4641463846A8470028F3D0022808BF05
:107B200001240836EAE700BF24030020421C18BFE6
:107B3000074A03464FF000011DBF52F8300042F8DB
:107B4000331002EBC302084618BF5160704700BFF4
:107B500024030020F8B50024084D064627466B682C
:107B6000B34203D120B22F68FFF7E0FF0134102C9D
:107B700005F10805F3D13846F8BD00BF2403002005
:107B800010B50379022B044610D143696BB11A6911
:107B9000002A07DA586812F061FF6069BDE81040FA
:107BA00012F05CBF5A69013A5A6110BD052BFCD135
:107BB0008068F3E738B5084C0025206808B112F05A
:107BC0004DFF20461C21073513F048F91C2D04F108
:107BD0001C04F2D138BD00BFA403002070B5134EC1
:107BE0000446336818B9181E18BF012070BD00255F
:107BF00056F8353023B90135102DF9D10020F5E7BD
:107C00001A79022A01D00120F0E7B3F9102003F11C
:107C100008019B7CDB07204604D512F0BAFA002845
:107C2000E9D1F0E712F06CFAF9E700BF2403002075
:107C30002DE9F843BDF920609DF8249015460F46C4
:107C40002C210446984613F009F9B54206D1B9F142
:107C5000030F0BD1013D013E2DB236B2B54205DD19
:107C60002A46354616463A4647469046227CE681E5
:107C700069F30102A8EB0703761B227483EAE37120
:107C800086EAE672A1EBE371A2EBE672914294F808
:107C900028202B482781D4BF0021012161F3000255
:107CA00084F828200021D207C4E906116581A4F8D0
:107CB0000C806782A582206021712AD533B14FF4F0
:107CC000801292FBF3F272439212E26136B14FF4EA
:107CD000801292FBF6F253439B12A361E269237C6C
:107CE000226213F0030307D0012B05D0022B22D10F
:107CF000002AD4BF002301239110002A94F82820E1
:107D0000B8BF494263F3410284F828206162BDE8AC
:107D1000F88336B14FF4801292FBF6F25A43921276
:107D2000A26133B14FF4801292FBF3F373439B12C1
:107D3000E361A269D3E7002ACCBF00230123DBE77C
:107D40005B720008B42B2DE9F3411C46C4BFA3F1BC
:107D5000B40424B2064604F15A0000B290460F461D
:107D600012F09EFD0546204612F09AFD08EB6014C5
:107D70009DF82020019207EB651324B200941BB2FA
:107D8000424639463046FFF753FF02B0BDE8F08166
:107D90002DE9F34140F26715BDF920C0AB4217460B
:107DA0001A46A8BF2B466545A8BF654625EAE57576
:107DB00023EAE3739D420E460446A9B230DA01F588
:107DC000B470C01AB32A80B2A4F868004FF001085A
:107DD0001648A381D4BF00220122BCF1B30FE58174
:107DE00026816781206084F8048006DDB439B329D8
:107DF00094BF4FF000084FF00108009231463A4618
:107E000004F11000FFF79EFF2B463A46314604F17D
:107E10003C00CDF8208002B0BDE8F041FFF792BFF2
:107E2000E81A0028B8BF4042CCE700BF217600081E
:107E30002DE9F04F0746B1F90440B1F90600B1F958
:107E40000060B1F902C0A7F80AC09046611C421C4C
:107E5000891BA2EB0C0212B209B28A42A8BF0A46E1
:107E6000B8EB620F4FEA6201BA7C3E81C8BF0FFADD
:107E700081F863F30002AF4B3B6028EAE875022308
:107E8000B8F1000F93B0BC81F8813D82BA743B71A8
:107E90004FF0000603DC7E6113B0BDE8F08FA64B07
:107EA000019619461A46B1F91800A8421AD1019B49
:107EB0001C2000FB0323B8F10F0F596901F10101E8
:107EC00059611B690199CCBF45F30F1501252B445E
:107ED00000FB0122B3F57A7FA8BF4FF47A731361D8
:107EE0007A61D9E7019801300428019001F11C0161
:107EF000D9D100245A692AB98CB1196922699142F1
:107F0000B8BF1C46019A013A03F11C030192F1D15A
:107F1000ECB91C2012F028FF044610B9FEE71C46FD
:107F2000F0E71C2112F09AFF4FF0FF332068236125
:107F30007C61258308B112F091FD062005FB00004D
:107F400012F012FF05F10109206080B9FEE76369B4
:107F5000B8F10F0F03F101036361CCBF45F30F13B9
:107F60000123B3F57A7FA8BF4FF47A73DEE700EB05
:107F700045030422023302EB8507E360B8F1010FE9
:107F800000EB07036060A36009D1B4230370E268CB
:107F900000231380A2F80280A26813807CE74FEAD6
:107FA000C90012F011FFAB00C3F101010FFA83FA0F
:107FB00043F38D030A930023CDE9023309B2C219BA
:107FC00004910E930299514523DC0DF1280E0DF119
:107FD000380C0027049EBDF81010002E69DC029EAC
:107FE000033101EB460109B204910299013109B252
:107FF000514502910ADC4FEAAA0101374EF8041BF1
:10800000042F0AF003014CF8041BE3D1042F194696
:108010005CD003F1004C0CF1FF3C40F2D32130F96D
:108020001CE015FB01F5BEEBA52F4FEAA5214FEA99
:108030004C0703D132F91CC061451DD0C5F30905B9
:10804000B5F5007FC8BFC5F5806507F10207C8BF59
:108050006D4309B2C153D8BF6D43D153C8BFED13AF
:108060006168D4BFED0BC5F10F05CD546568E95CBF
:108070000901E95401331BB29D1E1946002D80F2FF
:10808000BA8099B2002B01F1FF35CCBF2B460023FB
:10809000D4F80CE01944002309B2AEF800308B424A
:1080A000BDF90470C0F2B88013B0BDE8F04F12F013
:1080B000E3BC029E0531A6EB0A0801EB480109B2B8
:1080C00004910AF1FF310FFA81FA8EE79DF83C60C6
:1080D00008969DF84060676805969DF84460DDF855
:1080E00028E006960D9EBDF90CB09DF838904FEA39
:1080F000430C1F449BB20993B64503F101030FFAE9
:108100008EF81BB21AD1089E20F80C80B144059E4F
:1081100022F80CB04E44B146069E4E443E70D4F850
:1081200004C01CF801703F010CF801700399013183
:10813000039147E777780008A40300200EF1FF368B
:1081400036B207960B9EB64522D020F80C8022F856
:108150000CB087F80090D4F804C0059E1CF801709C
:108160003F010CF80170089F079920F8131037445D
:10817000069E22F813B004373E4461683746CF5458
:108180006768F95C0901F954099B02331BB2CDE71A
:10819000089E20F80C80B1440C9E22F80CB0B64525
:1081A0005FFA89F913D087F80090D4F804C0079ECD
:1081B0001CF801703F010CF8017059004652DDE9CE
:1081C0000576374422F801B008376168D7E7059E85
:1081D000B14487F80090D4F804C0079E1CF80170E1
:1081E0003F010CF801705900069F46520C3722F8E7
:1081F00001B06168C3E732F9157020F8117030F9E9
:10820000157022F81170676817F805C007F801C0EB
:108210000131013D09B231E7A5682EF8173005EBB1
:10822000470C30F81350ACF8005032F91380B845C1
:1082300001D18B4203DB019D013501952FE730F918
:1082400013804545A8BF4546ADB20133EBE700BFFB
:1082500010B53821044612F001FEFF23A372E3702B
:10826000A37684F82A3084F83630638C23F47B5369
:1082700023F03F03002243F4F7532281E283A285D7
:1082800043F01F03044A626102214FF6FF726384C8
:108290002173A28010BD00BFD4C70208D38870B478
:1082A000568801339B1B1BB2002B09DD9388148871
:1082B00001331B1B1BB2002B02DD70BCC3681847C7
:1082C00070BC7047F0B5C0F3423300F0070403EB15
:1082D000C40301F00705C1F34234C2F1FF0604EB09
:1082E000C504744302FB0344C1F3C403C0F3C407D1
:1082F000734307FB023348F28105803480336C43BB
:108300006B43C3F3C453C4F3826747EAC307C1F3A3
:108310000423C0F30420734300FB023380336B4318
:10832000C3F3C45347EA0323E00D43EA4030F0BDF2
:1083300001390244904200D1704711F8013F00F822
:10834000013BF7E7F7B58668074600781546002237
:10835000ADF8042000F01F02042A0C4609D0053AAB
:10836000092A1AD8DFE802F005051D3243552F2FE0
:108370002F2F00F01F00FEF72DFB3B68C0F3C70056
:10838000C3F38A2310FB04F113FB05F300FB031175
:108390000222314401A8FFF7CBFFBDF8040003B06F
:1083A000F0BD3B68C3F38A230733DB1005FB03638F
:1083B00003EBE40304F007021B7AC2F10702012178
:1083C00091400B401341ADF80430E6E73B68C3F33E
:1083D0008A2303339B1005FB036304F0030203EBC2
:1083E000A40352001B7CC2F106020321E8E73B68AC
:1083F000C3F38A2301335B1005FB036304F001021E
:1084000003EB6403920093F84030C2F104020F21A1
:10841000D6E73B68C3F38A2315FB03452E4496F841
:108420000034D0E7F0B50B460178856801F01F01F4
:10843000052985B004460AD10168C1F38A2112FBDF
:10844000013202EB42022A44907805B0F0BD0B39AC
:10845000032956D8DFE801F00219324E2168C1F332
:108460008A210731C91003F0070002FB0152DB101B
:10847000C0F10700D35C01228240134003410CBFCE
:108480004FF0FF300020C0B2DFE71F4900912168A4
:10849000C1F38A210331891003F0030002FB01526A
:1084A0009B104000D35CC0F10600032282401340C1
:1084B000034110336B4413F8100CC6E7134EEC461F
:1084C00006F1100E30687168674603C708367645B6
:1084D000BC46F7D12168C1F38A210131491003F06C
:1084E000010002FB01525B108000D35CC0F104006C
:1084F0000F22DBE72168C1F38A2112FB0132A85C5D
:10850000A3E7FF20A1E700BF0055AAFFC0B40208FF
:10851000B0F908301B022DE9F0474362B0F90A3088
:108520001B020A268362B0F90C3093FBF6F51FFAA2
:1085300085F80446C8F100004FF6F67700B215FB47
:10854000073712F0ADF901351FFA85F98246C9F1F6
:10855000000000B212F0A4F90546C8F15A0000B2BA
:1085600012F09EF98046C9F15A0000B212F098F953
:108570007D43F21B07FB00F302FB0A5502FB0833A5
:1085800095FBF6F593FBF6F36D115B112363A07C6D
:10859000E562FEF729FA94F8343060F3000384F8BA
:1085A0003430A07CFEF728FAA37C191F02298CBF67
:1085B00000210121420042EA810294F8341002F0C5
:1085C000060221F006010A4384F834202268226260
:1085D000A28803F01F03C2F30A0243EA8223B4F91C
:1085E000062043EA4253A26902F440721343E2892F
:1085F000A361530803F50013B3FBF2F3A363FF2356
:10860000A375238AA382BDE8F0872DE9F84F0B9E5E
:10861000BDF828E005465BB9BEF5807F08D1013979
:10862000038043808180541E24B2EC80BDE8F88F23
:10863000B6F900C0B6F90240CCF100076042A1EBE8
:108640000C01121B0EFB07F70EFB00F00EFB01F1F5
:108650000EFB02F23F12001209121212013F013802
:1086600002310232BFB280B289B292B22F806880EA
:10867000A980EA8063B917FA8CF710FA84F011FA2E
:108680008CFC2F806880A5F804C012FA84F4CBE734
:108690000A274FF6F67A93FBF7F8404618FB0A3A9A
:1086A00012F0FEF808F10104834620B212F0F8F847
:1086B000044608F15A0000B212F0F2F808F15B0823
:1086C00081460FFA88F012F0EBF8A7EB0A030AFBD9
:1086D00000FCB5F90020B5F90210B6F800E0768884
:1086E00003FB09CC0AFB04F4B5F904909CFBF7FCEE
:1086F00003FB0B444FEA6C1C94FBF7F4601100FB86
:1087000001FA0CFB02F80CFB09FBA8EB0A07ABEB28
:108710000A04B5F906A0424300FB09F90EEBA727AE
:1087200000FB0AF00EEBA4243FB224B2A8EB000831
:10873000A7420EEBA8280FFA88F8ABEB000B3846DF
:10874000A8BF204640450EEBAB2E0FFA8EFEA8BF09
:1087500040467045A8BF7046A742B8BF27460CFBED
:1087600001F1531847454944B8BF474606EBA323D8
:1087700006EBA1210CFB0AFA1BB209B27745524461
:1087800006EBA222B8BF77468B4212B2D1442880B2
:108790001846A8BF0846904206EBA92636B2A8BFE5
:1087A0001046B042A8BF30468B42B8BF0B4693423A
:1087B0001C46B8BF1446B442AF806880B8BF344688
:1087C00033E72DE9F04F90F83C20D0F800A0B0F945
:1087D0003C50B0F93E7090F83E306F2A89B00446A4
:1087E00000F39280B0F94060002ED4BF002601262D
:1087F0007642803DEDB26F2B00F39780B4F9428052
:10880000B8F1000FD4BF4FF000084FF00108C8F1D5
:108810000008803FFFB2A37D019394F83430B4F890
:1088200014905B0740F1AC8094F84830616C06FB13
:1088300003110222514405A8FFF77AFDA28894F89B
:108840004830616C13FB02F308FB03110222514410
:1088500006A8FFF76DFD94F84820A388616C13FB10
:1088600002F306FB021108FB031107A80222514480
:10887000FFF75EFD94F8343098076BD400208046F3
:10888000034694F83420920740F1CE800199C5F157
:10889000FF0211FB05F602FB03664243C6F30726FF
:1088A00015FB0822C2F30722C7F1FF0C07FB06F1F4
:1088B00002FB0C110912022EA17500F2B180022AEE
:1088C00040F2D9800027019A032A2CBF2A460022B1
:1088D000022B98BFFF22B8F1020F98BF0025022893
:1088E00098BFFF25002A40F0A380BDF81490002D0A
:1088F00040F0A880BDF81C10002F40F0B180A1828C
:10890000012009B0BDE8F08F902A0BDDB0F940607E
:10891000B0F9042001369642ACBF00260126C5F10D
:108920007F0567E7FF25002665E7902B0EDDB4F98C
:108930004280B4F9063008F101089845ACBF4FF009
:1089400000084FF00108C7F17F0763E7FF274FF0EA
:10895000000860E7606C94F84810A2880138084469
:1089600006FB010612FB01F208FB02F20AEB020110
:108970001AF8063011F80080B2441AF8020080E7B5
:10898000B4F84030B4F9422004F1180B13FA86F120
:1089900009B2238A5846FFF7D5FCB4F84230B4F93F
:1089A0004010ADF8140013FA88F212B2238A584628
:1089B000FFF7C8FCB4F84220B4F84010238AADF8A1
:1089C00018001FFA86FA1FFA88F63244514409B299
:1089D00012B25846FFF7B6FC94F83430ADF81C00DC
:1089E00099077FF54BAFB4F94080B4F94220039268
:1089F000C2440FFA8AFA51465846FFF713FD039A0C
:108A00000290164436B2414632465846FFF70AFDF8
:108A10003246804651465846FFF704FD029B30E738
:108A2000022A98BFFF274EE7FF23A3752A4659E77E
:108A3000FF2A3FF45CAF4846BDF81410FFF742FC34
:108A4000814654E7FF2D02D1BDF8181054E7BDF858
:108A50001C10BDF818002A46FFF734FC01464BE70E
:108A6000FF2F02D1A4F814904AE73A464846FFF790
:108A700029FCA08244E7002043E72DE9F74F044694
:108A80000768B0F908000B1AE089B4F90A10B0F5CC
:108A9000807FA2EB0102D4E9096117D1D4E90BC5AB
:108AA00003FB05F0554302FB1C0003FB0C5506EBD2
:108AB000A00601EBA505B4F90430B3EB262F4FEA6D
:108AC00026291CDC002003B0BDE8F08FA06B4343D7
:108AD0004243B4F90C005B11521110B91E445518F1
:108AE000E9E7D4E90BC503FB05F0554302FB1C0085
:108AF00003FB0C5506EBA02601EBA525DBE7B9F13E
:108B0000000FDFDBB4F90620B2EB252F4FEA252852
:108B1000D8DDB8F1000FD5DB94F8342012F0040A48
:108B200035D008FB039312F0020F04F114004FEA52
:108B3000430B21D1022207EB0B01FFF7F9FB4FF0AA
:108B4000020A94F83430DB0704D5A28A4EF20703F8
:108B50009A42B7D0E37C7BB32046A687E587A4F88A
:108B60004090A4F84280C4F844B084F848A003B010
:108B7000BDE8F04FFFF725BE9B445F440222394613
:108B8000FFF7D6FBBB78A3754FF0030AD9E70FFABE
:108B900089FB04F118070FFA88F25946238A0192DB
:108BA0003846FFF7CFFB5946A082019A3846FFF7B7
:108BB00039FCD346A075C4E7012084E738B50446E4
:108BC0000D46FDF723FF18B9631B5842584138BDC5
:108BD000012801D00020FAE72846FDF717FF0128F9
:108BE000F8D129462046F7F7F3FAB0FA80F04009A9
:108BF000EDE700002DE9F74FDFF800A10646BAF8CF
:108C000000000F46904600283AD03A4B3A4C1D6877
:108C100000212B469A6AA242A8BF02F1FF3201F15D
:108C20000101A8BF9A628AB2904203F12C03F1D8E5
:108C30004FF000094FF02C0BBBB2BAF800001FFA3E
:108C400089F290421ED805F12C032C460125A8423A
:108C500039D8636813B1204600F0FEFB10F000FF26
:108C6000434605463A463146204600F087FB002839
:108C700032D12C21204612F0F1F84FF00043A362CC
:108C8000002419E01FFA89F40BFB04542289934253
:108C900016D1E268424513D1616801933046FFF76F
:108CA0008DFF019B60B1A36AE2691344B3F57A7F3B
:108CB000A8BF4FF47A73A362204603B0BDE8F08FDB
:108CC00009F10109B9E7996AA26A01359142B8BF71
:108CD0001C46ADB22C33BAE70023A362E369002B34
:108CE000EAD1284610F0CAFE08B1E061E4E70123AA
:108CF000E361E1E7980400200200008038010020D1
:108D00002DE9F843124B134FD3F800800646002597
:108D10004FF02C093A88ABB29A4201D8BDE8F883EB
:108D2000ACB209FB0484616836B963685BB92C2175
:108D3000204612F093F804E03046FFF73FFF00288A
:108D4000F3D10135E6E7204600F086FBEFE700BFF0
:108D5000980400203801002070B50C4E3368054699
:108D60002BB10020FFF7CCFF306811F077FE2C24E8
:108D70006C43204611F0F8FF306000B9FEE7044B69
:108D800021461D80BDE8704012F068B898040020AC
:108D90003801002030B5084685B00D461446FDF771
:108DA00035FED0B92B78C3F30403043BDBB20A2BA6
:108DB00037D86B8862882968C3F34A1363F34F126C
:108DC000628023681B4A23F01F1323F47C430A406C
:108DD00013432360012005B030BD012823D128466C
:108DE00011F0A0FC1449F7F7F3F9D0B90222294693
:108DF00001A811F061FC70B904226B4621460DEB0D
:108E0000020011F030FB054601A811F00DFB45B939
:108E1000009B042B05D123781C3303F01F030A2B7E
:108E2000D8D90020D7E70228FBD1236803F4787251
:108E3000024BCDE71FFC1F0017B502080B042000F2
:108E400038B54D6A0C4695B10B7C012B02D12846F2
:108E500011F0EAFAE86808B111F000FE286908B1DB
:108E600011F0FCFD284611F0F9FD0023636238BDC6
:108E70002DE9F04F087D89B01F4600F01E03042B3A
:108E8000BDF948900E46144603D000F01F03062B90
:108E90002DD1337C012B03D0002009B0BDE8F08F29
:108EA00000F01F00D6F82480FDF794FD7169C1F32E
:108EB0008A2117FB01414143C910054600220431B4
:108EC000404611F085FB0028E6D1C5F3C70515FB28
:108ED00009F50490139904AB2A46404611F0C3FAF1
:108EE0000028D9D10498431B58425841D5E7A3F133
:108EF0000B02032A00F2BA804FF47F43ADF808302A
:108F0000A3F5AD03A3F528530393A54B04AA03F1DE
:108F1000100C904618685968154603C50833634518
:108F20002A46F7D13189139B0D0A002210B28145E0
:108F300003F1030314DC307D00F01F00FDF74AFD50
:108F400001238340013B9BB20093337D03F01F0359
:108F50000B3B8246032B56D8DFE803F0082E3E4C2D
:108F600003F8031C03F8025C0132DFE77569C5F3FF
:108F70008A250735EB10E110E4431D4603FB07117A
:108F800004F007040DF108082846D6F824B0019132
:108F900011F01AFF074600283FF47EAF337C019999
:108FA000ABBB73689A680A44139BCAF1080000219E
:108FB0009D1C4FFA80FE51E07569C5F38A25033583
:108FC000A110E443AB1004F003041D4603FB07119A
:108FD00064000DF10C08D7E77569C5F38A250135E2
:108FE0006110E4436B1004F001041D4603FB0711FC
:108FF000A400C9E77569C5F38A210D4617FB014135
:109000000024A046C0E7002421462546F9E70022B7
:109010000431584611F0DCFA2A46002339465846F6
:1090200011F021FA3A46BFE71378009896F814C079
:1090300023410340DBB20CF01F0CBCF10E0FA4EB7C
:109040000A0401EB410C18BF18F8033005F80C3086
:1090500064B2002CBCBF7446013201310BB2994599
:10906000E2DC384611F008FD012016E7073B032B30
:109070003FF612AF00F01F00FDF7ACFC337D4FF060
:10908000010808FA00F803F01F0308F1FF38073B56
:1090900082461FFA88F8032B51D8DFE803F0022636
:1090A00036467569C5F38A250735EA10E31002FBD9
:1090B0000733E443154603F1080104F0070428468A
:1090C000D6F824B0009111F07FFE074600283FF447
:1090D000E3AE337C0099B3BB73689A680A44CAF163
:1090E00008061399002076B255E07569C5F38A2504
:1090F0000335AA10A310E44302FB073304F0030472
:10910000154603F110016400D9E77569C5F38A2596
:1091100001356A106310E44302FB073304F00104D5
:10912000154603F14001A400C9E77569C5F38A2318
:1091300017FB03471D4607F580610024BFE70021A8
:109140000C460D46BBE700220431584611F040FAA8
:109150002A4600233946584611F085F93A46BEE7BB
:109160001378DBF80C50234103EA08035FFA83FC11
:10917000A4EB0A0435F81C300B701B0A4B70DBF8AB
:10918000103064B2002C13F80C308B70BCBF344626
:1091900001320130033103B29945E1DC61E700BFE0
:1091A000D0B402082DE9FF410B7C012B07460C4689
:1091B0002DD1486811F0B6FA5849F7F709F860BBA5
:1091C0006168022201A811F077FA30BB636A43B9E3
:1091D000142011F0C9FD606200B9FEE7142111F0FE
:1091E0003DFE626A01AB02F10C0113F8010B02F8BB
:1091F000010B8A42F9D1237D03F01F00031F022BCC
:1092000011D8237C5BB1012004B0BDE8F081002BB4
:10921000F1D14B689B68002BEDD10020F4E7636827
:109220009B68A361EFE7C31F032B71D8FDF7D2FB47
:10923000636A804643B9142011F096FD606200B95C
:10924000FEE7142111F00AFE022000FA08F0656A18
:1092500011F08AFDE86000B9FEE7012606FA08F67B
:10926000304611F081FD286100B9FEE7EB6823B9B3
:1092700021463846FFF7E4FDCFE7237C012B27D1B9
:1092800000220421284611F0A3F90024B442BAD0E8
:1092900004220DEB02010023284611F0E4F89DF8AA
:1092A00006309DF805109DF80400EA6803F0F80305
:1092B00043EA5113C00843EA0023890843EA4133D3
:1092C00022F814302B699DF807201A550134DDE788
:1092D000636899680020B04201F1040193D011F84D
:1092E000023C11F8034C11F8047CEA6803F0F8031F
:1092F00043EA5413FF0843EA0723A40843EA44332C
:1093000022F810302B6911F8012C1A540130E2E7D1
:10931000A0F10B03032B7FF676AFA9E717B5020880
:109320002DE9F0410F4606460421384611F096FD1E
:109330001EB900252846BDE8F0813046FDF766FBE2
:1093400010B9B368002BF4D00B48DFF82C8011F073
:1093500082FA00250446002CECD0236833B13A464B
:1093600031462046984701280546E3D0214640462D
:1093700011F077FA0446EEE7AC0400202DE9F8433B
:109380000F462821044616461D4611F067FD1FB9F9
:1093900000263046BDE8F8833846FDF737FB10B9A4
:1093A000BB68002BF4D0012826812074E5601CD115
:1093B0003846F6F717FF013011F0D6FC606000B9AF
:1093C000FEE7394621F0B5F91A48DFF8689011F048
:1093D00042FA0026054604F1140845B9237C012B06
:1093E000D7D1606811F03AFBD3E76760ECE72B68F0
:1093F000CBB16A68BAB14246394628469847012837
:10940000064610D16B6825602146284698470128FA
:109410000646BED00421404611F020FD0023236201
:10942000A3616362E3612946484611F01AFA0546D2
:10943000D3E700BFAC04002073B50546006884681C
:1094400044B1069ECDE9003613460A462946A04798
:1094500002B070BD2046FBE710B50446006858B165
:10946000C3680BB121469847237C012B04D1606867
:1094700011F0F4FA0023636010BD000010B5054838
:1094800011F077F9044600B9FEE7142111F0E6FC6B
:10949000204610BDAC04002008B50848142111F086
:1094A00060F9FFF7EBFF00B9FEE7054B0360054BE2
:1094B0004360054B8360054BC36008BDAC040020CE
:1094C000958D0008A5910008718E0008418E000856
:1094D0000160704741607047C1607047704700008D
:1094E00010B50C462046382111F0B8FC094B236119
:1094F000094BE360094BA362094BE361094B6361CC
:10950000094B2362094B6362094BE362094B6363B6
:1095100010BD00BFBF95000847CD0008B9C70008BF
:10952000A5B30008CBAE000845B700085DBE000833
:10953000DD940008C5A100082DE9F8438146C0F17B
:109540005A0000B2A1EB5208174655081E4611F00A
:10955000A7F908FB00F4484611F0A2F9E41108FB52
:1095600000F1FA43002C4FEAE11102F0010217DD8D
:109570007F3CC4F30F24531B23441BB22C4424B25E
:1095800000293380B48013DD7F39C1F30F21531BD1
:109590000B441BB2294409B27380F180BDE8F88303
:1095A0007F34C4F30F24631BA81A1BB20444E6E7FC
:1095B0007F31C1F30F214B1B1BB2AD1AEAE72DE936
:1095C000F04FD3B0054603930B7BBDF87081BDF817
:1095D00074610991022B144640F28D80B1F902307A
:1095E0000693002B00F08780B04500F08480039A3A
:1095F0009342C4BFBDF90C30069329A8FEF728FE9C
:10960000099B5B7BC3F301038DF8A630099B9A6825
:109610001B7B002A72D000218DF8A7102D928DF8A7
:10962000BE30039B67882288F91AD01A013B12FAD0
:1096300083F217FA83F3099F7F8892B280B2ADF864
:109640004020D21B92B2ADF83C00384480B2ADF855
:109650004820013289B29BB2121AADF83E10ADF823
:1096600042303944DB1B12B289B29BB2002AADF8FA
:109670004400ADF84610ADF84A3046DD01335B1AC0
:109680001BB2002B41DD012347F6FF7211A917A879
:10969000FEF7CEFB002117A8FEF712FA0A9000236E
:1096A00047F6FF720FA91DA8FEF7C2FB00211DA8F7
:1096B000FEF706FA08F5B473B3420C9003D006F532
:1096C000B473984529D147F6FF7329A90FAA2846F4
:1096D000ADF8A430FEF7E2FD0C98FEF727FA0A9BDE
:1096E000591C02D01846FEF721FA1DA8FEF748FAC9
:1096F00017A8FEF745FA53B0BDE8F08F8DF8A730F4
:10970000099B1B88ADF8A8308BE74FF0FF330A9315
:10971000C5E7A8F5B4781FFA88F8B8F5B47FF8D291
:10972000B6F5B47F78D20FFA88F3079333B200937B
:10973000B4F90220B4F90010089337A8079BFEF78C
:1097400027FB002137A8FEF7BBF9B0453ABFA6EBCF
:109750000803C3F5B473A8EB06033C2BAF680D9068
:1097600040F3E683039B0A2B40F2E283B8F1590FE2
:109770004FF05A03BDF90CB0B8FBF3F2B6FBF3F3AC
:109780000592049354D8069B08F15A09ABEB030ADF
:10979000592E0FFA89F30B93B4F802907ED8B04596
:1097A0007CD2079811F07CF80AFB00F009EBE0305E
:1097B000ADF88E000B98B4F8009011F071F80BFB27
:1097C00000F009EBE0330898B4F80290ADF890305F
:1097D00011F066F80BFB00F009EBE03906F15A00D6
:1097E00000B2ADF89290B4F8009011F059F80AFB6D
:1097F00000F009EBE039ADF88C900DF18C093A4698
:109800004946484610F07DFB50B9AF60DDE90423BE
:10981000934240F063815FE1A6F5B476B6B27FE78C
:10982000C5F808904A4629A92846FEF737FDECE717
:10983000592E00F2DF80039A2388B4F90290089829
:10984000ADF88E901344ADF8903011F029F800FB7C
:109850000BF009EBE03906F15A0000B2ADF8929036
:10986000B4F8009011F01CF8069BABEB03034343E4
:1098700009EBE339ADF88C9023A93A46084610F07D
:1098800040FB28B123AAAA6029A92846FEF706FDB5
:10989000059BAF60012B00F0CE802CE02388ADF853
:1098A0008C30039B07984B44ADF8923010F0F8FFD2
:1098B0000AFB00F009EBE0330B98B4F800A0ADF818
:1098C0008E3010F0EDFF0DF18C090BFB00F00AEB70
:1098D000E03A3A4649464846ADF890A010F011FBF0
:1098E00030B1C5F808904A4629A92846FEF7D6FCAB
:1098F000592EA0D9AF60049B012B87D12388B4F8DF
:1099000002900898013BADF89030039B4B44ADF8B2
:10991000923010F0C5FF069BABEB0303434306F107
:109920005A0009EBE33900B2ADF88E90B4F800901C
:1099300010F0B6FF0BFB00F009EBE039ADF88C90AE
:1099400023A93A46084610F0DCFA28B123AAAA60F7
:1099500029A92846FEF7A2FC059BAF60022B40F028
:109960000581069BB4F800A0ABEB0309049B08F14A
:109970005A00022B00B240F08C81B04580F0898102
:1099800010F08EFF00FB0BF00AEBE030ADF88C001E
:109990000798B4F802A010F083FF09FB00F00AEB6F
:1099A000E03A0898ADF892A0B4F802A010F078FF61
:1099B00000FB0BF00AEBE03A06F15A0000B2ADF8FA
:1099C0008EA0B4F800A010F06BFF09FB00F00DF1C1
:1099D0008C090AEBE03A3A4649464846ADF890A071
:1099E00010F08FFA002840F04C81AF60B04500F2D3
:1099F0008E827BE2DDE90423934201D1B04506D893
:109A0000059B022B13D1049B012B7FF473AFB4F998
:109A10000020B4F902300399ADF88C20ADF88E30F7
:109A20000A440B44ADF89020ADF8923024E7059B32
:109A3000032B4ED0AF60069BB4F90220B4F802A00D
:109A4000ABEB03030B93049B08F15A09012B0FFAAC
:109A500089F95CD1B0455AD2079810F021FF00FB7C
:109A60000BF00AEBE030ADF892004846B4F800A0E5
:109A700010F016FF0B9BB4F8029058430AEBE03A43
:109A80000898ADF890A010F00BFF0B9B584309EB22
:109A9000E03906F15A0000B2ADF88E90B4F80090AB
:109AA00010F0FEFE00FB0BF009EBE039ADF88C90F6
:109AB0000DF18C093A464946484610F022FA30B179
:109AC000C5F808904A4629A92846FEF7E7FBAF608B
:109AD00038E2049B032B9AD1B04507D8B8F1590F4F
:109AE00078D8049B023B9BB2012B3ED82288039B73
:109AF000D31A013AADF88C30ADF89020B4F90230A9
:109B0000039AADF88E301344ADF8923018E70399FC
:109B100023880798ADF88E205B1AADF88C3010F0D2
:109B2000BFFE00FB0BF00AEBE03A4846ADF892A00E
:109B3000B4F800A010F0B4FE0B9B0DF18C09584353
:109B40000AEBE03A3A4649464846ADF890A010F094
:109B5000D8F930B1C5F808904A4629A92846FEF739
:109B60009DFB049B012B3FF4C9AEAF60049B022B0D
:109B700040F0E481B4F80090039BA9EB0303ADF837
:109B80008C30638806F15A00013B00B2ADF8923088
:109B900010F086FE069BABEB0303434309EBE3396E
:109BA0000898ADF89090B4F8029010F079FE0BFB95
:109BB00000F009EBE039ADF88E9023A93A4608464B
:109BC00010F09FF990B123AAAA6029A92846FEF7B0
:109BD00065FB0BE0059B032B7FF4BEAE049B022BC1
:109BE00084D0049BAF60032B00F0AC81059BAF6079
:109BF000032B7ED1069BB4F800A0ABEB0309049BBA
:109C000008F15A00032B00B240F03C81B04580F0CF
:109C1000398110F045FE09FB00F00AEBE030ADF8A9
:109C20008C000798B4F8028010F03AFE00FB0BF0AD
:109C300008EBE03806F15A0000B2ADF88E80B4F8B7
:109C4000008010F02DFE00FB0BF008EBE0380898C8
:109C50006688ADF8908010F023FE09FB00F006EB5B
:109C6000E036ADF8926023A93A46084610F049F96B
:109C7000002870D023AAAA6029A92846FEF70EFB67
:109C800069E0C5F808904A4629A92846FEF706FB70
:109C9000ABE60AF1FF33039AADF8903063889B1A64
:109CA000ADF88E3010F0FCFD00FB0BF00AEBE03A53
:109CB0000798ADF88CA0B4F802A010F0F1FD09FBF4
:109CC00000F00DF18C090AEBE03A3A464946484665
:109CD000ADF892A010F015F930B1C5F808904A46D9
:109CE00029A92846FEF7DAFA049B022B3FF442AF7B
:109CF000AF60049B032B40F0F480039A6388B4F9AF
:109D00000080ADF88C8006F15A009B1A00B2ADF8C5
:109D10008E3010F0C5FD00FB0BF008EBE038089822
:109D20006688ADF8908010F0BBFD069BABEB03039B
:109D3000434306EBE33694E7059B012B7FF456AFD4
:109D4000049B032B00F00881592E40F20581012B62
:109D5000AF603FF44BAEAF6037A8FDF711FF1DA811
:109D6000FDF70EFF17A8FDF70BFF0D98FDF7DEFEC0
:109D70000C98FDF7DBFE0A9B5A1C02D01846FDF733
:109D8000D5FE099B5B7B5B077FF5B5ACBDF90C602D
:109D90009DF81880079813AB42463146FFF7CCFB7D
:109DA0002388BDF84C201A44ADF84C20BDF8502053
:109DB0001344ADF85030BDF84E2063881A44ADF816
:109DC0004E20BDF852203946134415A813AAADF809
:109DD000523010F096F8C0B1002347F6FF7213A975
:109DE00023A8FEF725F8002123A8FDF769FE15AB8F
:109DF0008146AB600FAA29A92846FEF74FFA4846CC
:109E0000FDF794FE23A8FDF7BBFE089813AB42466E
:109E10003146FFF791FB2388BDF84C201A44ADF87A
:109E20004C20BDF850201344ADF85030BDF84E2002
:109E300063881A44ADF84E20BDF8522039461344C9
:109E400015A813AAADF8523010F05BF8C0B100238A
:109E500047F6FF7213A923A8FDF7EAFF002123A804
:109E6000FDF72EFE15AB0446AB600FAA29A92846C4
:109E7000FEF714FA2046FDF759FE23A8FDF780FEF1
:109E8000AF6038E4039B5344ADF890306388013BE6
:109E9000ADF8923010F004FD09FB00F00AEBE03A57
:109EA0000798B4F80280ADF88CA010F0F9FC00FB24
:109EB0000BF008EBE038ADF88E800DF18C083A46D7
:109EC0004146404610F01DF830B1C5F808804246C2
:109ED00029A92846FEF7E2F9049B032B7FF43BAF48
:109EE0000BE7DDE9042393423FF480AD059B022B91
:109EF00006D1592E0BD9049B012B7FF42CAF06E021
:109F0000059B012B7FF427AF592E3FF624AF6388C2
:109F10000399B4F90020ADF88C20591AADF88E10D1
:109F20000399013B0A44ADF89020ADF892309AE6CF
:109F30000FAA29A92846FEF7B1F90DE7DDE90423A8
:109F4000934201D1B04507D8B8F1590F3FF6F4AEAE
:109F5000049B032B7FF4CCAE2288039B0399D31A76
:109F6000ADF88C306388013A591A013BADF88E1078
:109F7000ADF89020ADF892301FE6F0B5C0F3423353
:109F800000F0070403EBC40301F00705C1F34234FA
:109F9000C2F1FF0604EBC504744302FB0344C1F3A2
:109FA000C403C0F3C407734307FB023348F28105BF
:109FB000803480336C436B43C3F3C453C4F3826770
:109FC00047EAC307C1F30423C0F30420734300FB33
:109FD000023380336B43C3F3C45347EA0323E00DDA
:109FE00043EA4030F0BD0B46022A2DE9F047C0F3AA
:109FF000042C00F00708C0F3C40AC0F3423E03F08B
:10A000000709C3F3C405C3F30427C3F3423402D8DA
:10A010000846BDE8F08704EBC903554403EBC803C9
:10A0200073441F2D07EB0C0428BF1F253F2B28BFAF
:10A030003F231F2C28BF1F24FF2AC3F3C20E05F0A5
:10A040001F0503F0070304F01F040AD14FF00000BE
:10A050006EF3020065F3C70064F30C2063F34F3026
:10A06000D7E76EF3020065F3C70064F30C2063F3D7
:10A070004F30BDE8F047FFF780BF0B46022A2DE9BD
:10A08000F047C0F3042C00F00708C0F3C40AC0F383
:10A09000423E03F00709C3F3C407C3F30425C3F327
:10A0A000423402D80846BDE8F087A7EB0A0323EA4A
:10A0B000E37303F01F0704EBC90303EBC803A5EB2D
:10A0C0000C04734424EAE474FF2AC3F3C20E04F0C0
:10A0D0001F0403F007030AD14FF000006EF30200E3
:10A0E00067F3C70064F30C2063F34F30DBE76EF3D4
:10A0F000020067F3C70064F30C2063F34F30BDE840
:10A10000F047FFF73ABF0B46022A2DE9F04700F06F
:10A110000705C0F3C407C0F30426C0F3423403F0BC
:10A120000708C3F3C40AC3F30429C3F3423E02D8A9
:10A130000846BDE8F0870EEBC80E04EBC5050EFB24
:10A1400005F56B1204EBC30317FB0AF716FB09F6C0
:10A150000EFB03F3FF2A4FEA57174FEA5616C5F3D3
:10A160004225C3F382130AD14FF0000065F30200C9
:10A1700067F3C70066F30C2063F34F30D9E765F34C
:10A18000020067F3C70066F30C2063F34F30BDE8AD
:10A19000F047FFF7F2BE37B50B7E022B04460D46A3
:10A1A0000DD98268096868460FF0ABFE38B1E36AE2
:10A1B0000BB120469847636B29462046984703B069
:10A1C00030BD00002DE9F04FD1F80CB00B7C8FB002
:10A1D00005468846BBF1000F02D0002B00F08380BB
:10A1E000012B6B68AA68D8F80010B3F90440B3F9E2
:10A1F00000600CA808BF4FF0000B0FF082FE002893
:10A2000071D0FBF74BFF0368D5F800A0DB696968E4
:10A210000134A41B24B281466BB9B1F90230BDF9F7
:10A220003220B1F90000D21ABDF930301B1A04FBFC
:10A2300002330AEB430AD8F80460002E56D0D8F84F
:10A240000030BDF93220B3F900009D88B3F9023027
:10A250000135D21ABDF930302D1A2FB21B1A07FB67
:10A26000023306EB4306BBF1000F41D0D8F81400CF
:10A270008288B0F900300132D21A12B20692B0F9D7
:10A280000220BDF93200121ABDF930001B1A0698DF
:10A2900000FB02339B444A8809885242494212B269
:10A2A00009B20CA80FF01CFED9F8003098F818106D
:10A2B000DB69D8F804200591002B00F0D580002A36
:10A2C0006DD1B8F808300892ADF81C30FBF7E6FE07
:10A2D000089A8146BBF1000F27D1BDF93250BDF974
:10A2E00036309D4207DD0FB0BDE8F08F3746BAE744
:10A2F000CDF818B0CFE7BDF930602FB2BDF93430DA
:10A300009E4201DD0135EAE7059BD9F80000029382
:10A31000BDF81C30ADF80430009733B2D0F81C8083
:10A3200022465146C0470136E8E7BDF83470BDF813
:10A330003030BDF836600137FF1ABDF832300136D3
:10A34000F61A33B23FB208931546089BAB42CADDFA
:10A350004FF000081DE01BF80820C2B10599D9F89C
:10A360000000BDF8303011FB02F2120A0292BDF873
:10A370001C20ADF80420BDF832202A4412B200920D
:10A38000C269434416461BB222465146B04708F103
:10A3900001084745DFDC069B01359B44D5E7FBF709
:10A3A0007DFEBDF83430BDF83020079001339B1A94
:10A3B0001BB20893BDF83630BDF8322001339B1A2A
:10A3C0001BB209934FEA4709BBF1000F21D00027C8
:10A3D000099BBB4287DD00253EE0079B059A186874
:10A3E000029236F81520ADF80420BDF83220BDF8F1
:10A3F00030305A4412B200922B44C7691BB2224635
:10A400005146B8470135089BAB42E6DC4E440BF1A0
:10A41000010B099B5B457FF766AF0025F3E71BF84F
:10A420000520C2B10599079B11FB02F2120A1868B8
:10A43000029236F81520ADF80420BDF83220BDF8A0
:10A4400030303A4412B200922B44D0F81C801BB238
:10A4500022465146C0470135089BAB42DFDC069BD4
:10A460004E449B440137B3E798F81950002A40F056
:10A47000ED81B8F80860002D40F06D81FBF70EFE0D
:10A48000BDF83430BDF8302001339B1A0FFA83F940
:10A49000BDF83630BDF8322001339B1A1BB207934A
:10A4A000BBF1000F79D163000693059BFC2B32D8DA
:10A4B000059AC6F3C404544359463046FFF75DFD80
:10A4C00006F007050594740B04EBC5045443C6F36A
:10A4D000042608945D4606FB02F4D24300F0070C04
:10A4E000C0F3C401C0F304230994C0F34230D2B2D4
:10A4F000AE4648F28108079C74457FF7F4AE574694
:10A50000002643E050464A4631460FF0C7FE069B00
:10A510000BF1010B9A44079B5B45F3DCE3E63C46F9
:10A5200037F802BBAB4523D02578059BE90801FB32
:10A530000231637805F00705580900EBC500089D56
:10A5400002FB0050099D03F01F0303FB02538031FF
:10A550008030803308FB00F008FB01F108FB03F3B7
:10A56000C0F3826CC1F3C451C0F3C250C3F3C453EF
:10A5700025786CF3020561F3C7052570657863F3F0
:10A58000040560F34715657001365D46B145C6DCCC
:10A59000069C0EF1010EA244ADE7059BFC2B40F298
:10A5A0009B80A9F10403A4EB0904059363000893BD
:10A5B000069BA3EB090306EB06480693079BAB42F9
:10A5C0007FF791AE5F464FF0000B09E017F8012BC3
:10A5D000FF2A1BD1AAF800600AF1020A0BF1010B55
:10A5E000D9453C4601DDB807F0D1059B5B4515DA3E
:10A5F0002746ABEB040B0BEB070399455BDC089B91
:10A600009A44069B013507EB030BD7E7BAF8001015
:10A610003046FFF7B2FCAAF80000DDE754F8042B3F
:10A62000511C0AF108070ED1BB0706D027F8086CA9
:10A6300047F8068C27F8026C01E047E902880BF125
:10A64000040BBA46D1E7002AF9D014F8042CFF2AEB
:10A6500019D127F8086C14F8032CFF2A1BD127F80E
:10A66000066C14F8022CFF2A1DD127F8046C14F88C
:10A67000012CFF2ADED037F8021C3046FFF77DFCA4
:10A6800027F8020CDBE7BAF800103046FFF775FC3C
:10A69000AAF80000DFE737F8061C3046FFF76DFC2C
:10A6A00027F8060CDDE737F8041C3046FFF765FC99
:10A6B00027F8040CDBE717F8012BFF2A04D1AAF8CE
:10A6C00000600AF1020A96E7BAF800103046FFF778
:10A6D00054FCAAF80000F4E70699BAF80030A1EBA0
:10A6E00009016200B9F1000FA8BF49440892184659
:10A6F0002A46A8460991079941457FF7F4AD002104
:10A70000544606911BE006991BF801709FB1AF42B9
:10A710000DD0FF2F1DD0059B17FB03F2120A2188D5
:10A720003046FFF72AFC3D4680B20B4602E0218806
:10A730009942F4D12080069901310691023406999C
:10A740008945E0DC08998A44099908F101088B449D
:10A75000D1E7059AE3E7013DEDB2022DADF82460A3
:10A760003FF6C1ADBDF83430BDF83020BAF8007006
:10A7700001339B1A1BB20793BDF83630BDF8322067
:10A7800001339B1A1BB20893A64B640053F8258033
:10A79000BBF1000F1ED1059A39463046C047089BD1
:10A7A0005B457FF7A0AD564600250CE0B6F800905B
:10A7B000B94504D0059ABDF824004946C04726F89B
:10A7C000020B01354F46079BAB42EFDCA2440BF175
:10A7D000010BE4E79BF80020FC2A97BF059B059A34
:10A7E00012FB03F2120A39463046C047002399464D
:10A7F000089A4A457FF777ADCBF101020BF1FF369E
:10A8000055460A9217E016F8012F9AB19A4202D1E2
:10A810002988B9420DD0FC2A94BF059B059A298846
:10A82000BDF824009CBF12FB03F2120AC047337824
:10A830002F88288002350A9A079932449142E2DC37
:10A84000069AA244934409F10109D1E7BDF83420E6
:10A85000BDF830100132521A12B20792BDF83620FC
:10A86000BDF832100132521A12B20892002D40F097
:10A87000FF80630009937B000A93059BBBF1000FE7
:10A880002CD1FC2B24D9079B5D00089B9B45BFF670
:10A890002AAD314650462A4610F01CF9099B9A44CD
:10A8A0000A9B0BF1010B1E44EFE73AF8141036F83F
:10A8B0001400059AFFF761FB2AF814000134079B86
:10A8C0009C42F2DB099B9A440A9B0BF1010B1E444C
:10A8D000089B9B45BFF607AD0024F0E7FD2B40F237
:10A8E000C180079B0595043B0B93059B089A9342F7
:10A8F000BFF6F9ACD946B0465746002415E0398872
:10A90000B8F80000FFF739FB38800AE019F0030FB0
:10A910000FD019F8012B22B1FF2AF0D1B8F800307E
:10A920003B80013408F102080237079B9C424D46E8
:10A93000ECDB06EB44080AEB44070B9BA34211DC5B
:10A94000013D06EB44080AEB4407079B9C4255DB9C
:10A95000099B9A440A9B1E44069B9B44059B01331A
:10A960000593C2E72B686BB1013311D1B8F8003001
:10A970003B80B8F802307B80B8F80430BB80B8F870
:10A980000630FB800435043408F108080837D4E7A2
:10A990002A7822B1FF2A1CD1B8F800303B806A78AF
:10A9A00022B1FF2A1CD1B8F802307B80AA7822B1EC
:10A9B000FF2A1CD1B8F80430BB80EA78002AE1D025
:10A9C000FF2ADCD0F988B8F80600FFF7D6FAF8803D
:10A9D000D8E73988B8F80000FFF7CFFA3880DEE70B
:10A9E0007988B8F80200FFF7C8FA7880DEE7B988FE
:10A9F000B8F80400FFF7C1FAB880DEE715F8012FB8
:10AA000022B1FF2A07D1B8F800303B80013408F1A9
:10AA10000208023799E73988B8F80000FFF7ADFA65
:10AA20003880F3E71CB502081BF804207AB1FC2A31
:10AA300098BF059B3AF8141036F814008EBF059A9B
:10AA400013FB02F2120AFFF798FA2AF814000134F5
:10AA5000079B9C42E8DB099B9A440A9B1E44069B89
:10AA600001359B44089B9D42BFF63DAC0024EFE7B7
:10AA7000013DEDB2022D3FF636AC214A640052F89A
:10AA800025807D00BBF1000F16D09946089B9945A3
:10AA9000BFF629AC002728E03AF8171036F817005F
:10AAA000059AC0472AF817000137079B9F42F3DB3E
:10AAB000A2442E440BF1010B089B9B45BFF613AC3F
:10AAC0000027F2E71BF8072072B1FC2A94BF059B10
:10AAD000059A3AF8171036F817009CBF13FB02F2DC
:10AAE000120AC0472AF817000137079B9F42E9DB8B
:10AAF000069BA2442E449B4409F10109C6E700BF0E
:10AB00001CB5020840F20711C0F3C4034B430733DE
:10AB10005B11002210B563F3174200F00704C0F385
:10AB2000423303EBC40340F20314634303339B112A
:10AB300063F30F22C0F304234B4307335B1163F32A
:10AB4000070242F07F4010BD43680A68C3F31D034B
:10AB5000934238BF0B600020704700680B68C31A2F
:10AB600058425841704700002DE9F84FDFF85C80EB
:10AB7000D8F8003006460F4615461BB3124B1C682A
:10AB800004B3DFF84CB04FF002094FF0030A6368DA
:10AB900033F0404316D039462046B047012803D150
:10ABA00005B12C60BDE8F88FD8F8003053B1A38907
:10ABB00013FB09A323F0030310331C44DBF800301C
:10ABC0009C42E4D30020EDE71C030020400100205C
:10ABD0003C01002043680A68C3F31D0393422DE93A
:10ABE000F047054636D18489DFF86CA002274FF084
:10ABF000030814FB078424F00304DAF8003004F19E
:10AC00001006C4F1FF2404F57F04A3EB0009F0341F
:10AC10002344B9EB0609CAF800300DD04A46811921
:10AC20000FF058FFDAF800102A468A4207D1314661
:10AC300005EB090010F012F90120BDE8F0879368D8
:10AC400023449360938913FB078323F0030310339A
:10AC50001A44EAE70020F0E73C01002038B5094D2E
:10AC6000044628680FF0FAFE204610F07DF8064AE8
:10AC70002860106000B9FEE7214610F0EFF8034BA2
:10AC80001C6038BD1C0300203C0100204001002056
:10AC90002DE9F041837813FB01F3B2EB232F064635
:10ACA00014464FEA232702DC0088BDE8F081007AD1
:10ACB000421E06EB82039B7813FB01F3B4EB232FB8
:10ACC00044DA012845D9B37913FB01F3B4EB232F00
:10ACD0004FEA23283DDC3088FFF714FF0546B08893
:10ACE000FFF710FFE31B1BB2A8EB0708C3EB03231E
:10ACF00093FBF8F3DF43FFB2C5F30722DBB2C0F3E7
:10AD0000072112FB07F203FB0122C5F307410646A8
:10AD100011FB07F1C0F30740EDB248F2810403FBD9
:10AD20000011F6B27D436243614303FB0653C2F355
:10AD30000270C1F38461634340EAC100C3F38463DA
:10AD400040EA0320520E40EA4230AEE736F82200D5
:10AD5000ABE7FFDE2DE9F04F447A14F0070487B02B
:10AD600006460D46174623D04D4C207818B9FFF7FC
:10AD700075FF01232370727A4A4802F00702022A03
:10AD800014BF3B462B4686EA650983EA0903039311
:10AD900004AA002303A90493FFF7E6FE01284FF05D
:10ADA000000309D1049C63685A1C62F31D036360AD
:10ADB000204607B0BDE8F08F727ADFF8F8B0DFF810
:10ADC000F8A002F00702022A14BFB846A8463A4685
:10ADD000AF42354FDAF800103C68B8BF2A46032569
:10ADE00005EB42050192DBF8002025F00305103544
:10ADF000A21AA81888422AD2E27963F3C712E27134
:10AE000088EA090323606368A4F80E8003F0004316
:10AE1000002B43F00102A8BF3B686260019AA28147
:10AE2000B3BF04F1100303F110025B19A360A4BFC8
:10AE3000A2603B6000252AB24245B9DA414630465D
:10AE4000FFF726FFA36823F815000135F3E78D42CD
:10AE50001CD84FF0FF34DAF800302A449A4205D863
:10AE60003C68E3796FF3C713E371C9E7002205A9D2
:10AE70000E480594FFF778FE00220D4805A9FFF75C
:10AE800073FE3A68DBF80030D21AE4E728460FF088
:10AE90006BFF044600B9FEE7C37943F08003E3E7A4
:10AEA0003A0100205BAB00083C01002049AB0008E0
:10AEB000D5AB00081C0300204001002090F90730AA
:10AEC000002B01DA0FF0CABD70472DE9F04F99460B
:10AED0008368B5B01546B3F90020ADF85820B3F932
:10AEE00002200290ADF85A2016A8B3F90420B3F955
:10AEF0000630ADF85E300C46ADF85C209DF8F86089
:10AF0000FCF76CFE1C2105901AA80FF0A7FFE37A4E
:10AF10008DF88030237BC3F303038DF88130059BCC
:10AF20008BB92368B3F1807F0DD1042E0BD1A37AA6
:10AF3000002B7DD102981AA9CDE91A59FFF72BF9F8
:10AF400035B0BDE8F08F052E14BF02230323B5F8FA
:10AF5000048001932B88BDF95A20BDF95C10BDF91E
:10AF60005800ADF8600008F10108A8EB0308BDF82F
:10AF70005E30ADF8641001339B1A1BB20F934B1C6B
:10AF80001B1A0FFA83FB23680993059BADF8622017
:10AF900018AF0FFA88F8ADF866201A97002B40F02A
:10AFA0008980099BB3F1807F40F08480052E40F0BA
:10AFB0008180A37A002B7DD1FBF770F80EF0F8FCAE
:10AFC000044616A80EF06FFFA04203D816A80EF094
:10AFD0006AFF044660000FF0F7FE064620460FF0B9
:10AFE000F3FE0223BDF95A208DF87830B5F902300E
:10AFF000B5F900101F97D21ABDF958301D905D1A8F
:10B00000019B1B9608FB0255002705FB039513FBCC
:10B0100008F882463B462BEAEB790F9ABA4235DDB7
:10B020000AEB0302039206EB430E2946002211E0CD
:10B0300002238CE7039891F802C000F801CB03903B
:10B04000BCF1000F03D0B1F800C02EF812C0019877
:10B05000013201449345EDDC4B440BEB0302A24269
:10B06000454407D8BDF86620013212B2ADF866201B
:10B070000137D2E702981AA9FFF78DF8BDF86620CC
:10B08000013212B2ADF862200023EFE7BDF966305D
:10B09000BDF962209A4206D0013B0298ADF86630B5
:10B0A0001AA9FFF778F850460FF0E6FC30460FF08B
:10B0B000E3FC45E7FAF7F2FF0EF07AFC824616A8A9
:10B0C0000EF0F1FE504503D816A80EF0ECFE8246B5
:10B0D0004FEA4A000FF078FE0A9050460FF074FED7
:10B0E00018AB1F93022306901D908DF878304C21E9
:10B0F0000A9B1B9321A80FF0B1FE099BB3F1807F3F
:10B1000067D023682493EB886A88CDF88490013354
:10B110009B1AADF88A30636823932389ADF8943085
:10B12000237DADF88880C3F3000321A88DF8973004
:10B130008DF89660FDF7ECF900230793A37ADA43C4
:10B14000D2B20B92002B54D0227AD10859430D91E0
:10B1500002F00701627A500900EBC10102F01F0200
:10B16000594353430E910893042E46D12368B3F1FB
:10B17000807F0CBF012302238DF87830059B1BB123
:10B18000069851460FF097FEBDF96220B5F90230DE
:10B19000D31A1193019B13FB08F313934FF000088C
:10B1A0002BEAEB73C14615930F9B434527DCBDF992
:10B1B0006630BDF962209A4206D0013B0298ADF894
:10B1C00066301AA9FEF7E7FF06980FF055FC0A98BB
:10B1D0006DE7B5F90230BDF95A20B5F90010D21A61
:10B1E000BDF958305B1A08FB0233019A03FB029346
:10B1F000A3E7CDE90D330893B6E70223BCE7BDF919
:10B200006020B5F90030D31A1293069B4B440022FC
:10B210000C931F460A9B0492119A03EB4903109367
:10B220004244079B039313B21493049B9B4527DC72
:10B23000159B9944059B9BB1BDF85A20BDF9601040
:10B240000C9842445B4612B2FCF750FC002840F0D8
:10B2500082800C9859460FF001FE02238DF8783059
:10B26000079B139A1344079309EB0B03534577D2BB
:10B27000BDF866300133ADF8663008F1010893E798
:10B28000099AB2F1807F50D0049A129B991809B2A2
:10B29000149A21A8FDF7F1FB48B93870049A019B74
:10B2A00001320492039A1A4403920137BDE79DF8D4
:10B2B0009A103970BDF89810A07A88B301F0070C85
:10B2C0000E9A0B9B480B00EBCC0003FB0020803058
:10B2D00048F2810250430D9B0B9AC1F3C40E0EFB42
:10B2E000023E0EF1800E48F2810202FB0EFE089B28
:10B2F0000B9AC1F3042101FB0231803148F2810233
:10B30000C0F3826CCEF3C45E5143C1F3C4514CEA26
:10B31000CE0C4CEA012CC00D4CEA403C1FFA8CF1DB
:10B32000109B049A23F81210B8E7052E06D1039B50
:10B33000997839700029B1D01988BDE7FF21039BA6
:10B340003970062E1988B7D14EF207008142B3D169
:10B3500000213970A2E7022808BF8DF878007FE746
:10B3600002981AA9FEF717FFBDF8663001331BB229
:10B37000042EADF86230ADF8663010D12368B3F119
:10B38000807F0CBF012302238DF87830059B1BB111
:10B39000069851460FF08FFD4FF000096DE702232C
:10B3A000F2E700002DE9F04F89469DB01D4604905C
:10B3B0001446D9F8000000232A4611A90EF0C8F857
:10B3C000002800F02481BDF84C10002900F01F81F6
:10B3D000BDF84AE0BEF1000F00F019812388BDF8E6
:10B3E0004E20B4F90200BDF950C01344D9F8002032
:10B3F000B2F90870B2F90A40049A92681FFA83F809
:10B400001EB20EFA83F3B2F900E07345C0F2FF807A
:10B41000B2F90430B342C0F2FA8001EB0C03C01A57
:10B420003844001B83B20893B2F9023004B201FA27
:10B4300080F09842C0F2EB80B2F90630A342C0F22D
:10B44000E680119829460EF07FF8002800F0DF8092
:10B45000119B1B7B9B0740F0DA809DF8523099F8D6
:10B460001A1003F00F03032B00F0DB80013B072BC6
:10B4700000F2CD80DFE813F00800DB00CB00D50040
:10B48000CB00CB00CB00CE0080220292A64A012541
:10B490000223FC29009211D8DFF8A4C29CF80020F6
:10B4A0008A4240F0CA80A14A1268AA4240F0C58090
:10B4B0009E4B8CF800101D609D4B0093049BBDF8C3
:10B4C0004AA09B68BDF84CB0B3F90070B3F90420F2
:10B4D00006EB0A0CBE42B4BFBF1B00279445C8BF91
:10B4E000961BB3F90220B3F90630D4BF5646013695
:10B4F0009442B4BF121B0022019204EB0B029A4249
:10B50000C2BF1B1B01330693019BD8BFCDF818B0F7
:10B5100005FB0AF107FB05F403FB014400EBD40330
:10B520001C2115A803930FF099FCB9F80C30ADF865
:10B530005C3099F81A308DF86C3099F81E30C3F3EE
:10B54000C2038DF86D30FAF7A9FD0EF031FA0BFB4E
:10B550000AFB83455B46A8BF0346184607930FF0D6
:10B5600033FC08EB07030590189008F1FF3898B2F8
:10B57000089A01991BB2B044C0F101000FFA88FC8F
:10B58000ADF8343010FA88F8ADF83C30069BADF8D1
:10B5900038C00FFA88F00A4411B2089013FA82F208
:10B5A0000FA8ADF83610ADF83A10ADF83E10ADF872
:10B5B00040C0ADF84220BA44FCF710FB0DABAAEB3B
:10B5C000060A15931A93C5F10803099305FB0AF3BC
:10B5D00004F007040A900B934FF00008A6EB070A4B
:10B5E000069B019A934239DCBDF93A30BDF9362009
:10B5F0009A4209D0013BADF83A300498022315A9CC
:10B600008DF86430FEF7C7FD05980FF035FA1DB0D0
:10B61000BDE8F08FFF2202920825464A4FF480735E
:10B6200037E7F02202920425434A102331E7C02273
:10B6300002920225414A04232BE7009FDFF8F0E045
:10B640003B4417F8012BFF2A1ABF12FB01F2120A22
:10B650000A46BB420EF8012BF3D129E7029B23FADD
:10B6600004F2059B03EB080BDE4639468E4231DCC3
:10B670000A9BB742D4BFD1464FF0000973B1089B73
:10B68000BDF93A20BDF934105846FCF72FFA8DF871
:10B69000640018B9089958460FF0E0FB079BD144A5
:10B6A000C1444B4530D9B742D4BF534600239844D8
:10B6B000BDF83A3001331BB2ADF83A300B9B1C4455
:10B6C000039B03EBD4030393019B013304F00704B2
:10B6D000019385E7039B09981B78A0EB040C1340AA
:10B6E00033FA0CF31CBF0098C35C0EF8013B099BB6
:10B6F000A3429DBF039B029A013364198EBFEA40A7
:10B70000039300240131B1E7022304988DF86430DB
:10B7100015A9FEF740FDBDF83A3001331BB2ADF874
:10B7200036304FF00008C7E73CB60208440200205C
:10B730004401002028B5020828B6020838B60208DD
:10B74000480200202DE9F04FC5B0CDE90323B1F93F
:10B75000023002900C46002B00F0EA800A7A022A9E
:10B7600040F2E680039AB2F90050049AB2F9000060
:10B77000039AB2F90210049A8542B2F9022002D16A
:10B78000914200F0D58003EBD373C3F34F0385429E
:10B79000D4BFC3EB0506C3EB0006ADF828608542B5
:10B7A000ACBF5E191E189142D4BFC3EB0100C3EBBE
:10B7B00002009142ACBF5B189B18ADF82E30029B83
:10B7C000ADF82A000DF1280A9A68ADF82C605146B0
:10B7D00050460EF096FB002800F0AA80029BB4F9B8
:10B7E00002509B680893029BC3F808A0039BB3F91F
:10B7F0000260049BB3F90290039BB3F90070049BB1
:10B800004E45B3F9008040F00181474505F1FF3511
:10B810003B46A8BF4346ADF8AC30B84505F0010340
:10B82000B8BFB846B6B203EB65032BA9F31A08F10B
:10B83000FF3806EB650652460846ADF8B080ADF815
:10B84000AE30ADF8B2600EF05CFB00B3B4F9065058
:10B8500025B1B4F90450003D18BF01252BA8FCF711
:10B86000BDF9002867D185F001061C2136A80FF02C
:10B87000F5FA2BAB36932388ADF8E030237A8DF8B8
:10B88000F030002E59D0029836A9FEF784FC637A76
:10B8900013F00C0F49D036A8FCF7DAFC2388ADF87A
:10B8A000DC3047F6FF73ADF8D830237AB4F9026084
:10B8B0008DF8DB30637A75105A076FEA060606F0DA
:10B8C000010617D5039B1A88ABB2D11AADF8AC109C
:10B8D000039949881A44C81A921B0B44ADF8AE006C
:10B8E000ADF8B0209B1B0298ADF8B2302BAA36A958
:10B8F000FCF7D4FC637A1B0717D5049B1A88ABB2FC
:10B90000D11AADF8AC10049949881A44C81A921B90
:10B910000B44ADF8AE00ADF8B0209B1B0298ADF81B
:10B92000B2302BAA36A9FCF7B9FC029B089A9A60A0
:10B9300045B0BDE8F08F002697E7BDF8B060BDF9CF
:10B94000AC70BDF8AE30BDF9B2A0ADF8B230013682
:10B95000F61B36B2D5B1B4F90420B4F9063013445D
:10B9600097FBF3F203FB12773FB230460FF02CFA4D
:10B970002BABBDF9AE90399080463B934FF0000B56
:10B98000D14505DD40460FF077F880E72F46ECE71C
:10B99000314640460FF08FFABDF9AC1033460FFA2E
:10B9A00089F24046FCF7A2F88DF8E8009DB190B10D
:10B9B000394600230AE0B4F904208A421CDB134410
:10B9C0005B1A1BB2013301321BB211B29E42F2DC90
:10B9D00002238DF8E830029836A9FEF7DCFBBDF8AB
:10B9E000AE300133ADF8AE30BDF8B2300133ADF852
:10B9F000B23009F10109C3E7B4F9060002449142EB
:10BA0000BABF08F803B00A460022DBE7474540F01A
:10BA10009980013D05F00103BFB203EB65034E457C
:10BA2000A7EB0303ADF8AC303346A8BF4B464E45F9
:10BA3000B8BF4E462BA907EB6507013E52460846A4
:10BA4000ADF8B070ADF8AE30ADF8B2600EF059FAA6
:10BA500000283FF41CAFB4F9066026B1B4F90460C5
:10BA6000003E18BF01262BA8FCF7B8F8002835D1F6
:10BA700086F001051C2136A80FF0F0F92BAB3693A8
:10BA80002388ADF8E030237A8DF8F030002D7FF474
:10BA9000FAAEBDF8B070BDF8AC30BDF9B2A0013758
:10BAA000FF1A3FB2BDF8AE30ADF8B23038460FF0F5
:10BAB0008BF92BABBDF9AE80399081463B937EB1BB
:10BAC000B4F90630B4F90420134498FBF3F503FBF2
:10BAD00015852DB2D04505DD484654E70025C9E758
:10BAE0003546F7E7394648460FF0E5F9BDF9AC10A1
:10BAF0003B460FFA88F24846FBF7F8FF8DF8E8005E
:10BB00007EB160B1B4F90420B4F90630AA42B8BFDE
:10BB1000002013448DF8E8009D42A8BF00250135A0
:10BB20002DB2029836A9FEF736FBBDF8AE300133D0
:10BB3000ADF8AE30BDF8B2300133ADF8B23008F137
:10BB40000108C7E74E4505DB33464E4699463B465E
:10BB500047469846A8EB07030593A9EB060306930F
:10BB6000059BBD4A83EAE37BABEBE37B069B83EA61
:10BB7000E37AAAEBE37AD345CBBF4FEA4A134FEA05
:10BB80004B13B3FBFBF3B3FBFAF3D25C3F2315FB80
:10BB90000235C5F3CF12B845D4BFC2EB0801C2EBE2
:10BBA0000701ADF83010B845ACBF02EB0801D11960
:10BBB000ADF83410B145D4BFC2EB0901C2EB0601A8
:10BBC000ADF83210B145ACBF4A4492190CA9EB1143
:10BBD000ADF8362008460AAA07930EF092F900281D
:10BBE0003FF455AE079B03F0010101EB2521D3453E
:10BBF00089B2C5F30F2540F3D98011FA86FB11FAFB
:10BC000089F10BB20793059BA6EB050A002BA9EB64
:10BC100005054FF000030FFA8BFB0FFA8AFA2DB2DD
:10BC2000019340F3B580434652460095394615A826
:10BC3000FBF7FEFF01230193079B00935A464346FF
:10BC4000394620A8FBF7F4FF002115A8FBF738FFC1
:10BC50000021079020A8FBF733FF94F809A0099072
:10BC60001AF0100A40F0BE8003220192059ABDF836
:10BC70001850BDF814B016FA82F27B1B12B2394686
:10BC800000921BB232462BA8FBF7D2FFCB44022214
:10BC90000192A8EB05030FFA8BF21BB2009241460A
:10BCA0004A4636A8FBF7C4FF51462BA8FBF708FF0E
:10BCB0005146834636A8FBF703FF0746BDF83450CC
:10BCC000BDF830300135ED1AFAF7E8F90DF070FEE5
:10BCD00006460CA80EF0E7F886422DB203D90CA850
:10BCE0000EF0E1F8064630460FF06EF8BDF936303A
:10BCF00006933146BDF83230ADF8363080460FF04D
:10BD0000DAF81C210EA80FF0A9F82288ADF840201F
:10BD10000CAB227ABDF932A00E938DF85020CDF8ED
:10BD2000448013934FF00009069B9A455EDDBDF9F0
:10BD30003630BDF932209A4209D0013BADF8363099
:10BD4000029802230EA98DF84830FEF724FA4046E7
:10BD50000EF092FE15A8FBF713FF20A8FBF710FFCB
:10BD6000BBF1FF3F02D02BA8FBF70AFF791C02D0E2
:10BD700036A8FBF705FF0798FBF7D8FE0998FBF7F5
:10BD8000D5FE5846FBF7D2FE3846FBF7CFFE7EE5E0
:10BD9000079B00935A464346394615A8FBF748FFD0
:10BDA0000123CDE900535246434649E711FA88F38F
:10BDB000002211FA87F1CDE900921BB2324609B296
:10BDC0001FFA87FA1FFA88FB15A8FBF731FF01223B
:10BDD000ABEB0503AAEB0501CDE900921BB232469D
:10BDE00009B22EE74FF0FF37BB4667E708EB0903C0
:10BDF0000593BDF9301005982B460FFA8AF2FBF730
:10BE000075FE8DF8480018B9059829460FF026F8F8
:10BE1000A94409EB05039E4207D9BDF8363001332A
:10BE2000ADF836300AF1010A7EE74FF002030298BE
:10BE30008DF848300EA9FEF7AEF9BDF83630013363
:10BE40001BB231464046ADF83230ADF836304FF0D7
:10BE500000090FF030F8E5E73EB602082DE9F04F93
:10BE60008DB0022B0390079116461D4675D9002A06
:10BE700073D09F0038460EF0A7FF044600286CD010
:10BE8000336803606B1E00252A469100081D36F9B1
:10BE9000228006EB000E305E804506EB820C05D159
:10BEA000BCF902C0BEF90200844504D0715844F8C0
:10BEB00025100135ADB2013292B29A42E5DB381F4E
:10BEC000B6F90010325E914206EB000305D1B6F9D7
:10BED0000220B3F902309A4204D0335844F8253096
:10BEE0000135ADB2022D05D820460DB0BDE8F04FAA
:10BEF0000EF0C2BD744A10685168744A08AB03C39F
:10BF000041F6FF71234604EB850E10460E46B3F949
:10BF100000C0B3F902706645A8BF6646B942A8BF23
:10BF200039466045B8BF60460433BA42B8BF3A46A6
:10BF30009E45ECD1039BADF820600AAEADF822100F
:10BF4000ADF82400ADF8262008A99A6830460DF017
:10BF5000D8FF28B920460EF08FFD0DB0BDE8F08F58
:10BF6000039B22469B680693039B32F9021F9E6047
:10BF70000123002632F923008842B8BF1EB203F124
:10BF80000103B8BF014698B28542F3D82C2068431C
:10BF90000EF01AFF721E48BF5219731CAB42A8BFA5
:10BFA000002304EB820C04EB860702907F8834F8B0
:10BFB0002600BCF802C0DDF8089004EB830134F8D9
:10BFC00023304988ACEB070C1B1A1CFB03F30493CA
:10BFD00034F82230C91B1B1A11FB03F3B346059337
:10BFE0004FF0000ADDE90432934240DBBBF1010867
:10BFF00006F1010748BFA844AF42A8BF002704EBE1
:10C0000088024FEA8803B2F9020004EB8B024FEA80
:10C010008B01B2F90220904215DB11D034F903C034
:10C02000615E8C450CD00123CDE900034846634690
:10C03000FBF7FEFD48460299FBF742FD09F12C098A
:10C040000AF1010AC346AA451BD108AA0799039819
:10C05000FCF724F90298FBF77DFD02980EF00CFD29
:10C0600020460EF009FD039B069A9A6075E70BF1D6
:10C070000108A845A8BF4FF00008771E48BF7F19E8
:10C08000BDE704EB8702BB00B2F9020004EB8602B5
:10C09000B100B2F90220904213DB0FD0E35E615E83
:10C0A0008B420BD00026CDE900064846FBF7C0FDC9
:10C0B00048460299FBF704FD09F12C090AF1010A2F
:10C0C0003E46AA458ED3C0E7E0B4020801E0FFFF78
:10C0D0002DE9F04F45004FEA610987B0CB070446D0
:10C0E00028460E461746CA4658BF09F1FF3A0EF0D9
:10C0F0006BFEAB1E00934FEA490301936FF00103FF
:10C100000AFB03330146B8464FF0000B02935C452F
:10C1100022DC04FB04FC3A4607EB4C0C3B464FF494
:10C120007F5EBEFBF6FE634541D16B4209FB03F324
:10C130000593631E05FB037304930AF10103029345
:10C140000AFB055A4FF0000C64453EDC084607B078
:10C15000BDE8F04F0EF090BC009B019838F803202A
:10C1600000EB080C02987243631E404421F8132030
:10C1700003EB090E7445CCBF3CF813E04FF0000E02
:10C18000A2EB0E0EA3EB0A02002AD4BFB8F80020DF
:10C1900030F81320013B7244E8D240462A4603910E
:10C1A000A8440EF097FC0BF1010B0399AFE733F8AD
:10C1B000020B0028B7D0B0F57F5F0EBF23F802EC6A
:10C1C00090FBF6F023F8020CADE7059813881018E1
:10C1D00073430390002702EB0A00019096460093F8
:10C1E00090463846009B002BACBFC3F38F1B4FF02B
:10C1F000000B21F810B0A0EB090BBBF1000FCABF78
:10C20000039BB8F800B033F807B0009BA3EB0B0B0F
:10C21000029B03449C42CBBF019B049BDB5B33F836
:10C220001C3001305B4484420093A8442F44D9DC85
:10C23000002331F81300AEF8000001339C42AE44F5
:10C24000F7DC0CF1010C02327EE7F0B50646086916
:10C2500091B00C461546002852D08B7E022B4FD948
:10C26000FAF7D4FB02284DD1002741F6FF73CDE940
:10C2700001370097D4E904123B4605A810F095FB5E
:10C28000AA882B88BDF914100132D21AC2F3C0302B
:10C2900000FA82F201EBD170A3EB600303EB6203BF
:10C2A0009BB20139ADF818300B44ADF81C30EB8867
:10C2B0006A88BDF9161001339B1AC3F3C03000FA27
:10C2C00083F301EBD170A2EB600202EB6302013950
:10C2D00092B2ADF81A2008A80A44ADF81E20FAF769
:10C2E000BBFC63690893238BADF82C30A37E0097C9
:10C2F0008DF83A3006AA236908A93046FAF7CAFC35
:10C3000011B0F0BD206905A9FDF70AF80128F7D1A1
:10C3100008A8FAF74DFB9DF82C30A278BDF816104E
:10C3200062F303038DF82C30238BADF82830638B38
:10C330005BBAADF82A30237FA3BBAB882A88059867
:10C3400001339B1AC0F38A2CC3F3C037C0F3C92052
:10C3500007FA83F3121AE88802EB63026B88013054
:10C36000C01AC1F34A17C0F3C035C1F3891105FAE9
:10C3700080F05B1A03EB600392B29BB20CF1FF3CBE
:10C38000013FADF81820ADF81A3062443B44ADF8D7
:10C390001C20ADF81E3006AA236908A93046FAF71A
:10C3A0004DFBADE7B5F90230ADF81A30C1F34A11D3
:10C3B00001390B441BB2BDF91A20ADF81E30B5F996
:10C3C00006309A429CDC059AB5F90030ADF8183079
:10C3D000C2F38A22013A13441BB2BDF91820ADF80A
:10C3E0001C30B5F904309A420CDDBDF81630BDF8AA
:10C3F0001A20C3F34A131A44ADF81A20BDF81E20C0
:10C400001344D7E7236906AA08A93046FAF716FBB2
:10C41000059BBDF81820C3F38A231A44ADF81820F1
:10C42000BDF81C20D7E72DE9F04FCB78022B9BB04D
:10C4300082460C465FD9B4F92030B2F90050B2F907
:10C440000200B2F90410B2F90620ADF81450012B25
:10C45000ADF81600ADF81810ADF81A201CDD94F8F0
:10C460002230FC2B18D9B4F90030ABB194F823304A
:10C47000C3F3C0063544ADF81450C3F38005284417
:10C48000ADF81600C3F30010C3F34003091AD21A23
:10C49000ADF81810ADF81A2005ADDAF808202946D5
:10C4A00007A80DF02EFD30B394F80D802389A788DE
:10C4B00008F007082846BB4208BF4FF00008FBF70A
:10C4C0008DFB1C220646002113A81EF0A7F8A378B6
:10C4D0008DF86530E278B4F90030ADF854706EB97B
:10C4E00063B9B8F1000F09D113A9504613958DF81F
:10C4F0006420FDF750FE1BB0BDE8F08FFD2A28BF79
:10C50000FF22BDF818500192BDF81420BDF81AB0F2
:10C510000135AD1ABDF816200BF1010BABEB020B88
:10C520002DB20FFA8BFBAB45D946A8BFA9464FEAFF
:10C5300069099945A8BF9946BDF82030BDF81C206F
:10C5400001339B1A1BB2B9F1000F009301DC002EDE
:10C550004DD000980EF038FC00234A4605A9074646
:10C560000DA8FBF765FC00210DA8FBF7A9FA0290C6
:10C57000BDF81C30ADF82430BDF82030ADF82830BF
:10C5800009AB139318935A46FF232946201D16978B
:10C590008DF86430FEF7DEFB834658B1B8F1020F28
:10C5A00008D1BDF91430BDF91C20D21A836803EB01
:10C5B00042031493002E00F09680BDF91E40BDF991
:10C5C0002230A34218DA17B138460EF055FA029B12
:10C5D0005A1C05D01846FBF7A9FA0DA8FBF7D0FAAC
:10C5E000BBF1000F87D05846FEF768FC83E74FF099
:10C5F000FF3337460293BBE7DDE9002125B2384619
:10C60000ADF82650ADF82A500EF059FB009BBDF94D
:10C610001C102A463846FBF769FA012808BF022099
:10C62000B8F1010F8DF85C0008D1BDF91630DBF8C8
:10C630000820E31A32F81330ADF8543013A95046ED
:10C64000FDF7A9FD0134BAE7BDF91E3014FA86F4EE
:10C6500024B2AD1BA3422DB203DDBDF92230AB42A3
:10C6600040DBDDE9002138460EF029FB009BBDF9D7
:10C67000241022463846FBF739FABDF91E3001284E
:10C6800008BF0220A3428DF85C0013DCB8F1010F53
:10C69000ADF82640ADF82A4008D1BDF91630E41AAD
:10C6A000DBF8083033F81430ADF8543013A9504695
:10C6B000FDF771FDBDF92230AB4213DBB8F1010F7C
:10C6C000ADF82650ADF82A5008D1BDF91630ED1A54
:10C6D000DBF8083033F81530ADF8543013A9504664
:10C6E000FDF759FD01364E45BDF81640BDF81A500C
:10C6F000AADBBDF81430ADF82C301FFA89F6BDF86E
:10C700001830ADF83030AD1B14FA89F40BA8ADF831
:10C710003250ADF82E40FBF761FABDF91A300546EC
:10C72000A0B9B8F1000F11D1BDF81620CDF858808E
:10C730009B1B3244ADF82A3013A9019BADF826208B
:10C7400050468DF86430FDF726FD3CE7019ABDF9AF
:10C7500016408DF86420A3EB090301228DF85C20BC
:10C7600003934C44039B9C423FF72DAF26B26DB11F
:10C77000DDE9002138460EF0A2FA009BBDF91C103D
:10C7800032463846FBF7B2F98DF85C00B8F1010F7C
:10C79000ADF82660ADF82A6008D1BDF91630DBF897
:10C7A0000820E31A32F81330ADF8543013A950467C
:10C7B000FDF7F1FC0134D5E770B504460D46164689
:10C7C000FFF731FE324629462046BDE87040FFF7AC
:10C7D0003CBD2DE9F04FA7B083460846BDF9C0A087
:10C7E000BDF8C4909DF8C8800C4615461E46FBF760
:10C7F000F5F9074600286DD156EA0A036AD11C21D3
:10C800001FA80EF02BFB19AB1F93B5F90030B4F93C
:10C810000260B5F902A00293B4F904300193B5F9AE
:10C820000430B4F9007003930AF1FF31019BADF8B5
:10C83000849056458DF89480B4F90690B5F9068039
:10C84000ADF86470ADF86830ADF86660ADF86A10A8
:10C8500003DC1FA95846FDF79EFCE9880131ADF8BD
:10C860006610C145E188ADF86A1003DB1FA9584680
:10C87000FDF791FC5645D4BFB5F90230B4F902304A
:10C88000ADF86630C145ACBFB5F90630B4F9063035
:10C890002188ADF86410ADF86A302988029B01390F
:10C8A0009F42ADF8681003DC1FA95846FDF773FCE2
:10C8B000AB88039A0133ADF86430A388ADF86830D3
:10C8C000019B934203DB1FA95846FDF764FC27B088
:10C8D000BDE8F08FDBF8082021460FA80DF011FB12
:10C8E00002900028F3D0BDF84030BDF83C20013361
:10C8F0009B1A1BB21C211FA809930EF0AFFA0998CE
:10C900000EF062FA002E229069DD002332462146A5
:10C9100013A8FBF78DFA002113A8FBF7D1F80A90B2
:10C9200052460123294619A8FBF782FA002119A8CB
:10C93000FBF7C6F811AB1F9324939DF8CC308DF80C
:10C940009530B5F900300393B4F90030ADF8849018
:10C950000493B4F90290B5F904308DF894800593EE
:10C96000B5F90280B4F90430069309EB0603434598
:10C97000B8BF43461BB20793B5F906300193B4F92B
:10C9800006A0019A0D90AAEB06039342A8BF134696
:10C990000C93BDF930300893002F47D0BDF83C30E0
:10C9A000ADF84430BDF93E40BDF84030ADF84830F8
:10C9B000BDF94230A34216DA19A8FBF7E1F80D9849
:10C9C000FBF7B4F80A9B013305D013A8FBF7D8F89E
:10C9D0000A98FBF7ABF822980EF04EF877E74FF085
:10C9E000FF330A939CE7C84502DA079BA3421BDC8E
:10C9F000019B534502DD089BA342DDDB25B209996B
:10CA00002298ADF84650ADF84A500EF054FABDF9F0
:10CA10003C10099B22982A46FBF768F81FA98DF85D
:10CA20008C005846FDF7B7FB0134C1E7049B9F1902
:10CA3000039B9F42B8BF1F46069B9A1B059B9A42C9
:10CA4000A8BF1A46DDE903318B4210DBDDE9053171
:10CA50008B420CDCC8450ADB019B534507DC531CA9
:10CA6000DB1B1BB2312BD4BF00230123029313B273
:10CA70000B93C8454FF001033FB28DF88C306BDB50
:10CA8000029B0BB30B9BADF848301FA908F1FF3395
:10CA90005846ADF84A30ADF84470ADF84690FDF711
:10CAA0007AFB019B53450FDC0B9BADF84830EB88BC
:10CAB000ADF844700133ADF846301FA9E388ADF8F6
:10CAC0004A305846FDF767FBDDE90332934210DB3D
:10CAD0002388ADF844302B88013BADF84830079BE4
:10CAE000ADF846301FA9089BADF84A305846FDF70F
:10CAF00052FBDDE90532934210DCAB880133ADF81F
:10CB00004430A388ADF84830079BADF846301FA9E4
:10CB1000089BADF84A305846FDF73DFB0299BDF938
:10CB20003C30BDF94020ADF84430002953D1B4F970
:10CB30000230ADF84820B5F902209B1A9E42B8BFDA
:10CB40001E4636B20F46BE420DDC19A8FBF718F898
:10CB50000D98FAF7EBFF38E7019B5345B4DC029BD5
:10CB6000002BB1D0A0E7B4F80280E588BDF93E30D3
:10CB700018FA87F80FFA88F8ED1B43452DB203DD4C
:10CB8000BDF94230AB4224DB099922980EF093F9AB
:10CB9000099BBDF9441022984246FAF7A7FFBDF958
:10CBA0003E308DF88C00434507DC1FA95846ADF890
:10CBB0004680ADF84A80FDF7EEFABDF94230AB424F
:10CBC00007DB1FA95846ADF84650ADF84A50FDF7AF
:10CBD000E2FA0137B7E7013F9742A8BF1746C3F112
:10CBE0000103ADF848701F44BDB23FB2002F3CDCDA
:10CBF0000B9BBDF93C20BDF94040ADF848400133E6
:10CC00009342B8BF13460134E41AA5B224B2002CF3
:10CC1000ADF8443099DDDDE90532934271DDC84558
:10CC20006FDA019B534590DC0026089BBDF942203A
:10CC3000013633449A4288DB0C9B2298F7183FB2A6
:10CC40002946ADF84670ADF84A700EF034F9BDF9DA
:10CC50004410229823463A46FAF748FF1FA98DF858
:10CC60008C005846FDF797FADFE7DDE9033293427F
:10CC700025DAC84523DA019B5345B9DC0024089B1B
:10CC8000BDF94220013423449A42B1DB0C9B229827
:10CC9000E61836B22946ADF84660ADF84A600EF0A7
:10CCA0000AF9BDF9441022983B463246FAF71EFFB6
:10CCB0001FA98DF88C005846FDF76DFADFE7BDF926
:10CCC0003E40079BA34204DCDDE903329342D5DA00
:10CCD000D1E726B22298ADF846602946ADF84A6001
:10CCE0000EF0E9F8BDF9441022983B463246FAF7B7
:10CCF000FDFE1FA98DF88C005846FDF74CFA013453
:10CD0000DFE7BDF93E60079BB34204DCDDE9053295
:10CD1000934289DD85E737B22298ADF846702946FF
:10CD2000ADF84A700EF0C7F8BDF9441022982346BA
:10CD30003A46FAF7DBFE1FA98DF88C005846FDF73E
:10CD40002AFA0136DFE72DE9F04FABB00C46089226
:10CD5000B1F92E200590002A00F01D8491F836309C
:10CD60000B93022B40F21784012AB1F9343005D11C
:10CD7000002B03DC096B002900F00D840898218E3C
:10CD80000788089E808876880F4411FA83F1014451
:10CD9000608E1FFA83F9064410FA83F30898C0885E
:10CDA000BFB2034402EBD272A7EB0900C2F34F02F9
:10CDB0000138801AADF84C00501C80B21FFA83F87D
:10CDC00010FA83F3ADF852300B9B8DB2FE2B10FAA4
:10CDD00081F1B6B228BFFF23ADF85010A6EB0901D0
:10CDE00001390B93059B8A1AADF84E2013A99A6856
:10CDF00015A80DF086F80690002800F0CC83089B5B
:10CE00001B88ADF85C30089B5B88ADF85E30089BF2
:10CE10009B88ADF86030089B4FF0FF32DB88ADF89F
:10CE20006230114617A80DF04CF8BDF86020BDF82F
:10CE30005C10BDF85E00B4F900300132521ABDF842
:10CE400062100131091A12B209B209F101098A42CC
:10CE500015FA89F51FFA85FAA8BF0A46A8EB060855
:10CE6000521018FA89F9AAEB07089A421FFA89F1B9
:10CE70000FFA88F80FFA89F9A8BF1A46C845A8BF63
:10CE8000C8464FEA68089845A8BF9846B4F92E30BE
:10CE9000099203EB080B0BFB0BF040000A910DF01D
:10CEA00093FFB4F92E500A99079005F0010205EBA3
:10CEB000D573C3F34F030C9265F001021A44424448
:10CEC000013392B29BB2A7EB0A07ADF87820ADF818
:10CED00076303A440B4408EB0506ADF87420ADF803
:10CEE0007A30424600231DA923A8FAF7A1FF012D9D
:10CEF000304618BF6D100DF067FF73000A93DDF820
:10CF00001C9033B280464FF0000A0D9356450CDC5E
:10CF100040460DF0B1FD23A8FAF732FE012D06FBC5
:10CF200006F740F0068400233AE0314640460DF013
:10CF3000C2FF23AB0093239F0D9B0FFA8AF20021BF
:10CF40004046B84740B90A9948460DF087FF0A9B0A
:10CF50000AF1010A9944D9E798F800304A469B0142
:10CF600093FBF5F322F8023B0A9B414603EB0900D1
:10CF70009042ECD00F4611F8013F3F789F4217BF17
:10CF80009B0132F8023C93FBF5F39BB222F8023B83
:10CF9000EEE7079A079932F813209209CA54013331
:10CFA000BB42F6D113A8FAF719FE002800F0F3836C
:10CFB0000123099A17A91DA8FAF73AFF00211DA815
:10CFC000FAF77EFD00230F900693BDF85000BDF8E0
:10CFD0004C300130C01A00B20DF0F6FE1C2105469F
:10CFE00023A80DF03BFFA38DBDF95060ADF8943040
:10CFF00094F836308DF8A430A3788DF8A530701CE5
:10D00000BDF84C30ADF8686080B2C21AC2F3C037C8
:10D0100007FA82F203EB62031BB2BDF852200C93B5
:10D02000BDF84E30BDF94EE026950132D21AC2F35A
:10D03000C03C0CFA82F203EB620297B21FFA8BF645
:10D0400012B20A92801B0C9A0E9700B2904203F122
:10D05000FF33B8BF104633440A9AADF864001BB2E0
:10D060009342A8BF1346ADF86A30059BADF866E061
:10D0700019A99A6823911BA828910CF042FF002857
:10D0800040F09283BDF95020ADF8682001320C9930
:10D09000BDF95230ADF86A30921B12B28A42B8BF65
:10D0A0000A46ADF8642001330A9A9B1B01321BB279
:10D0B0009342B8BF1346ADF86630059B0D9219A98F
:10D0C0009A681BA80CF01DFF002843D0BDF924204E
:10D0D000109217A91BA80DF013F800283AD1BDF83B
:10D0E0007080BDF96C700699BDF96AA0BDF9723007
:10D0F000BDF95090109A08F10108A8EB07080FFA43
:10D1000088F829B117A91BA810930DF042F8109BBD
:10D11000B8F1000F1EDDA9EB0B0909F10109A7EB1E
:10D120000907AAEB030A079BBDF9729026950BFB32
:10D130000A771F44BDF86C30ADF86430BDF870302C
:10D14000ADF8683002238DF89C30BDF96E304B4548
:10D1500040F39583BDF84C300A9A3344ADF86430FF
:10D16000BDF850309B1BADF86830BDF94E30ADF8BE
:10D170006630013B33441BB29342A8BF1346ADF85F
:10D180006A30059B19A99A681BA80CF0BAFE002802
:10D1900036D0BDF92420119217A91BA80CF0B0FFBE
:10D1A000804668BBBDF87070BDF86C30BDF96E90FC
:10D1B000BDF966A0119A0137FF1ABBB21093069B06
:10D1C0003FB2002B00F0208517A91BA80CF0E1FF4F
:10D1D000002F15DD4346079A2693BDF86C30ADF855
:10D1E0006430A9EB0A09BDF87030BDF96E80ADF866
:10D1F00068300BFB0929BDF97230434580F2648326
:10D2000094F836308DF8A430BDF84C300D9A334484
:10D21000ADF86430BDF850309B1BADF86830BDF9F7
:10D220005230ADF86A3001339B1B1BB29342B8BF3A
:10D230001346ADF86630059B19A99A681BA80CF037
:10D2400060FE002838D0BDF924A017A952461BA8BB
:10D250000CF056FF804678BBBDF87070BDF86C309E
:10D260000137FF1ABBB23FB2002F109324DDBDF986
:10D2700072301193069BBDF96A90002B00F0518328
:10D28000524617A91BA80CF084FF4346119A269317
:10D29000A9EB0209BDF86C30079AADF86430BDF90E
:10D2A0007280BDF87030ADF868300BFB0929BDF90C
:10D2B0006E30434540F3378394F836308DF8A43010
:10D2C000BDF95030ADF868305A1CBDF84E30BDF88D
:10D2D00052100A9833441BB2921B891B984212B217
:10D2E00009B202DA0E9B01331BB2ADF866300A9B1D
:10D2F0008B42B8BF0B46ADF86A300C9B9A42B8BF60
:10D300001A46059BADF8642019A99A681BA80CF071
:10D31000F8FD002840F03C83079B0BEBDB704010CE
:10D32000013B00210AB2934500F39683BDF84E30CD
:10D330000A98BDF85210BDF94C20ADF86420334472
:10D340001BB29842BEBF0E9B01331BB2891BADF8C6
:10D3500066300A9B09B28B42B8BF0B46013AADF862
:10D360006A300C9B324412B203F1FF3A5245059BDE
:10D37000A8BF5246ADF8682019A99A681BA80CF0FE
:10D38000C0FD002840F07B83BDF94C20ADF864203F
:10D39000013A324412B2BDF94E30ADF86630524512
:10D3A000A8BF5246013BADF8682033440A9A1BB22D
:10D3B0009342A8BF1346ADF86A30059B19A99A6835
:10D3C0001BA80CF09EFD002840D0BDF924200B9234
:10D3D00017A91BA80CF094FE002837D1BDF8708067
:10D3E000BDF96C700699BDF966300A9308F1010821
:10D3F000A8EB0708BDF96E90BDF964300B9A0FFADF
:10D4000088F829B117A91BA80B930CF0C2FE0B9B3F
:10D410002695B8F1000F19DD0A9AFF1AA9EB020947
:10D42000079B0BFB09771F44BDF86C30ADF86430E7
:10D43000BDF87030ADF86830BDF96E9002238DF8FC
:10D440009C30BDF972304B4580F27A83BDF9522091
:10D45000BDF94C30ADF86A2001320D99ADF8643059
:10D46000921B013B12B233448A421BB2B8BF0A4638
:10D470005345A8BF5346ADF86830059BADF866200C
:10D4800019A99A681BA80CF03CFD00283ED0BDF9F4
:10D4900024200A9217A91BA80CF032FEB0BBBDF8DD
:10D4A0007080BDF96C700699BDF96A90BDF9723053
:10D4B000BDF964A00A9A08F10108A8EB07080FFA61
:10D4C00088F829B117A91BA80A930CF062FE0A9BE1
:10D4D0002695B8F1000F19DDA9EB0309A7EB0A07A0
:10D4E000079B0BFB09771F44BDF86C30ADF8643027
:10D4F000BDF87030ADF86830BDF9729002238DF838
:10D500009C30BDF96E304B4540F33F83BDF84C3045
:10D5100026953344ADF86430BDF850309B1BADF810
:10D520006830BDF84E303344ADF86630BDF8523047
:10D530009B1BADF86A30059B19A99A681BA80CF0D3
:10D54000E0FCD0B1099A17A91BA80CF0D9FDA0B92D
:10D55000BDF97030BDF96C205E1CB61AB7B236B298
:10D56000002E0ADDBDF96E80ADF86420ADF868309C
:10D57000BDF97230434580F22D83069B2BB91DA85F
:10D58000FAF7FEFA0F98FAF7D1FA07980DF074FA45
:10D5900028460DF071FA089A05982146FEF743FFD8
:10D5A000089A05982146FEF750FE94F822C0BCF177
:10D5B000020F62D9B4F92020002A5ED094F82370BB
:10D5C00017F03E0F59D0FB0757D4089BD9889D8888
:10D5D0001E88588801F1010E6B1C9B1BAEEB000EE0
:10D5E0001BB20FFA8EFE7345A8BF7346B4F900E074
:10D5F0005B107345A8BF7346C7F344081FFA82FE49
:10D600003F079AB25DBF0EEB02077F42BFB277467B
:10D610003E4418F0080FADF88C6003BF0EEB020615
:10D620007642B6B27646AD1B18F0020FADF89050B8
:10D6300003BF0EEB02056D42ADB27546284418F0EB
:10D64000010FADF88E0003BF0EEB0200404280B226
:10D650007046091AADF89210A1780598CDE902C17B
:10D66000A2EB0E0212B2E18BADF8041022EAE272D4
:10D670000092089923AAFFF7ACF894F82A50022DDB
:10D6800054D9B4F92630002B50D00899089FB1F92D
:10D690000600089E218D089A3688B7F802C0B2F9B4
:10D6A0000420013989B2A6EB010EACEB01079BB255
:10D6B0001FFA8EFEBFB20A440844C6F10106CCF13F
:10D6C000010C92B280B20E44ADF874E06144AEEB4E
:10D6D000030EADF87670FF1AADF87820ADF87A0039
:10D6E000ADF88CE0ADF88E7002EB030EC718324433
:10D6F000084412B200B28242B4F90010ADF890E0D2
:10D70000A8BF024652108A42A8BF0A46A1780598CF
:10D71000ADF89270CDE902511344A18CADF804101C
:10D7200000921BB21DAA23A9FFF753F82BB0BDE846
:10D73000F08F36B22946079A3046FEF7C9FC0C999D
:10D7400029448DB209B201290CDD079A02EB470C7E
:10D750004FF47F50B0FBF5F094450ED1079A304658
:10D76000FEF7B6FC0023BB423FF41CAC079A0799B6
:10D7700032F81320CA540133F5E732F8023B002B8C
:10D78000EAD0FF2B17BF9B0122F8020CB3FBF5F385
:10D7900022F8023CE0E76388B3F57F4F7FF408ACE2
:10D7A0004FF0FF330F9310E4BDF924200D9217A919
:10D7B0001BA80CF0A5FC00287FF464ACBDF87080B9
:10D7C000BDF96C700699BDF96EA0BDF94E30BDF97A
:10D7D00050900D9A08F10108A8EB07080FFA88F895
:10D7E00029B117A91BA80D930CF0D3FC0D9BB8F120
:10D7F000000F7FF747ACA9EB0B0909F10109A7EB73
:10D800000907AAEB030A079BBDF96E9026950BFB4F
:10D810000A771F44BDF86C30ADF86430BDF8703045
:10D82000ADF8683002238DF89C30BDF972304B455D
:10D83000FFF628AC069BADF86690ADF86A90E3B9A8
:10D840005A46394628460DF045F94346BDF96C1055
:10D850004A462846FAF74AF901280ABF02238DF8FA
:10D860009C008DF89C30059823A909F10109FCF76B
:10D8700092FC5F440FFA89F9D7E72697F3E7069BF6
:10D88000ADF86690ADF86A90E3B95A463946284635
:10D890000DF020F94346BDF96C104A462846FAF7C8
:10D8A00025F901280ABF02238DF89C008DF89C30D1
:10D8B000059823A909F1FF39FCF76DFC5F440FFAC5
:10D8C00089F942E42697F3E7069BADF86680ADF848
:10D8D0006A8099F80010CBB9109A28460DF0EFF93C
:10D8E000BDF96C103B4642462846FAF7FFF801287E
:10D8F00008BF02208DF89C00059823A908F10108B3
:10D90000FCF749FCD9440FFA88F874E40B9BFF2B11
:10D910001EBF94F8363013FB01F1090A8DF8A410EC
:10D92000EAE72B46B2E4069BADF86680ADF86A8064
:10D93000DBB9109A99F8001028460DF0C0F9BDF92E
:10D940006C103B4642462846FAF7D0F8012808BF3B
:10D9500002208DF89C00059823A908F1FF38FCF7F8
:10D960001AFCD9440FFA88F8A1E4524617A91BA85B
:10D970000CF00FFC0B9BFF2B18BF94F8362099F886
:10D9800000301CBF13FB02F31B0A8DF8A430E2E742
:10D99000BDF9249017A94A461BA80CF0B1FB00283A
:10D9A0007FF4BAACBDF95030BDF87070BDF96C8031
:10D9B000A3EB0B0301330137A7EB0807A8EB030820
:10D9C0000BF1FF330BFB0388079B9844069B1FFA60
:10D9D00087FA3FB2002B3DD04A4617A91BA80CF08E
:10D9E000D8FB4346002F26937FF796ACBDF86C30EA
:10D9F000ADF86430BDF87030ADF86830BDF96E90A8
:10DA000002238DF89C30BDF972304B45FFF684AC93
:10DA1000069BADF86690ADF86A9093B952464146C0
:10DA200028460DF057F83B46BDF96C104A4628468B
:10DA3000FAF75CF801280ABF02238DF89C008DF8E4
:10DA40009C30059823A909F10109FCF7A4FB0FFA02
:10DA500089F9D8E72B46C5E703EB0B073A46A7EB56
:10DA6000020C604502DC01313B465BE413F801CF58
:10DA700092F800E083F800E002F801C9EFE7BDF991
:10DA8000249017A94A461BA80CF03AFB00287FF403
:10DA90007BACBDF87070BDF96C80BDF964200137B6
:10DAA000A7EB0807BBB20B93A8EB02080BF1FF33FF
:10DAB0000BFB0388079B9844069B3FB2002B3DD08D
:10DAC0004A4617A91BA80CF064FB4346002F269377
:10DAD0007FF75AACBDF86C30ADF86430BDF87030EB
:10DAE000ADF86830BDF96E9002238DF89C30BDF919
:10DAF00072304B45FFF648AC069BADF86690ADF82A
:10DB00006A9093B90B9A414628460CF0E3FF3B46D6
:10DB1000BDF96C104A462846F9F7E8FF01280ABF0C
:10DB200002238DF89C008DF89C30059823A909F1FB
:10DB30000109FCF730FB0FFA89F9D8E72B46C5E756
:10DB4000069BADF86690ADF86A90E3B95A4639463F
:10DB500028460CF0BFFF4346BDF96C104A462846E4
:10DB6000F9F7C4FF01280ABF02238DF89C008DF845
:10DB70009C30059823A909F10109FCF70CFB5F44CF
:10DB80000FFA89F95DE42697F3E7069BADF86690F6
:10DB9000ADF86A90E3B95A46394628460CF09AFF28
:10DBA0004346BDF96C104A462846F9F79FFF012805
:10DBB0000ABF02238DF89C008DF89C30059823A99C
:10DBC00009F1FF39FCF7E7FA5F440FFA89F998E4A5
:10DBD0002697F3E739462846ADF86680ADF86A80A7
:10DBE0000DF069F94246BDF96C1033462846F9F745
:10DBF0007DFF08F101088DF89C0023A90598FCF72A
:10DC0000CAFA0FFA88F8B3E4002F7FF7F9AA2B4677
:10DC1000FFF7E1BA838802880133981A00B270478F
:10DC2000C38842880133981A00B2704770B5012B3F
:10DC3000DDE904451E4602DCC31E022B07D901386C
:10DC4000042836D8DFE800F00D032A1C1400002356
:10DC50002B8023888A1A02EBD27203EB62032380A3
:10DC600005E000232B8023888A1A1A44228070BD85
:10DC70008A1A013E12B236B292FBF6F22A80F6E719
:10DC80008A1A13B22A8893FBF6F313441BB22B8033
:10DC9000228803EBD37302EB6303E0E7891A0136B2
:10DCA00009B236B291FBF6F129802388194421800C
:10DCB000DDE700232B80DAE7136851B1013B002B2D
:10DCC000136001DA002070478268126852F823005E
:10DCD000704701331360826851688B42F5DBF1E7CE
:10DCE0002DE9F04F87B00D461746002141F20102A1
:10DCF00001930646BDF940B0DDF84490F6F77CFD8F
:10DD000041F20402044600213046F6F775FDEA7838
:10DD1000930753D512F0010F42F2D17247D024B2CB
:10DD2000944247D0824BDFF814A200930022C9E945
:10DD30000222C9F81020C9F80020A9F8042005978C
:10DD400039463046F7F70FFC059B0393044600283D
:10DD500043D0039B9F4239D176492046F3F7D2FB4B
:10DD60000146002840F0C280734B20461A88F6F71F
:10DD700043FD02909DF80820002A00F0C580B9F804
:10DD80000420D9F810005A44A9F8042099F8142066
:10DD90000130D207C9F8100040F198801422504396
:10DDA0000DF012F814228046002847D1FEE700B299
:10DDB000904206D1EA786FF34102EA70EA78D1071F
:10DDC000B0D45E4BDFF868A10093AFE74FF40001D9
:10DDD0002046F3F791FB0028BED0B9F90420002AB1
:10DDE000C4BFA2EB0B02A9F80420D9F8102012B985
:10DDF000B9F904300193019B059AA9F80230CCB11E
:10DE0000974217D1B268E978126852F82740C1F3F7
:10DE1000800105AA3046FFF74FFF5CB12046D0478E
:10DE2000009BA9F80000204698470122A9F80200AB
:10DE3000C9F80820059807B0BDE8F08FD9F80C1094
:10DE400049B1D9F810305A43143A0CF043FED9F8CE
:10DE50000C000CF011FED9F81020142101FB0282F5
:10DE6000E97842F8144C11F001011ABF41F20202A4
:10DE7000002141F205022046F6F7BEFCD9F8102039
:10DE8000142101FB0282E97800B211F0010122F8AD
:10DE9000100C1ABF002141F2030241F20602204693
:10DEA000F6F7AAFCD9F81020142101FB02829DF894
:10DEB000081042F8081C12F8041C00B26FF30001AD
:10DEC00022F80E0C02F8041CC9F80C802046D0473A
:10DED000B9F90020904202DD2046D0470246A9F859
:10DEE0000020D9F808200132C9F80820EA78039BFD
:10DEF00012F0040F0CBF01214FF0FF31194400292B
:10DF00000591BFF61EAF68E7009B20469847EA7868
:10DF1000930706D5B9F90420019B02449A423FF7C2
:10DF20005CAFB9F804205A441044A9F80400CDE7C6
:10DF300031240008010006004A0200203D240008A8
:10DF40002DE9F04FA34BA3B01A8800210446F6F741
:10DF500053FCC343C0F3800203F0010343EA4203CE
:10DF6000C0F3C0009DF8632043EA800322F007025B
:10DF700003F0070313438DF86330974B00211A8891
:10DF80002046F6F739FC954B8DF860001A88002181
:10DF90002046F6F731FC924B8DF861001A8800217B
:10DFA0002046F6F729FC41F26A42C7B2002120461A
:10DFB0008DF86270F6F720FC9DF86350C3B215F03F
:10DFC0000108039365D141F6150241462046F6F754
:10DFD00013FC41F6140203B2414620460793F6F7BC
:10DFE0000BFC03B220460593F4F744FA069041F285
:10DFF000320200212046F6F7FFFB41F6100281466F
:10E0000000212046E68AF6F7F7FB1FFA89FA10FA94
:10E0100089F92046F5F73EFB4E44B6B2361A41F672
:10E02000120200212046ADF85660A68AF6F7E4FBFE
:10E0300082442046F5F71CFB5644B6B2361AADF8BA
:10E040005860B8F1000F38D10DF1580B41F20102C0
:10E0500000212046F6F7D0FB41F2040203B2002172
:10E0600020460B93F6F7C8FB03B20A9342F2D17332
:10E07000B8F1000F24D00A9A9A4205D194F82330BF
:10E0800013F0020300F087800023ADF85A303FBB45
:10E0900054E041F6140200212046F6F7ADFB41F6AC
:10E0A000150203B2002120460793F6F7A5FB03B241
:10E0B00020460593F4F7C8F998E70DF1560BC5E72C
:10E0C0000B9A9A4204D194F823305A0740F1A68261
:10E0D000039B012BD8D167BB0023ADF85A30012731
:10E0E00015F004021CBFA3685A684FF0000518BF62
:10E0F00002F1FF322E460DF17008A3685B6893426F
:10E1000001DD002A4ADA15B1079BF61A36B29DF8EE
:10E110006330DB07204659D5F4F7ACF90DF15A030B
:10E12000CDE900B301462BB232463846FFF77EFDFB
:10E1300005E00023012FADF85A30D1D10026A268A6
:10E140009DF86330526813F0040518BF02F1FF35E3
:10E15000039A012A06D1DF0704D4BBF800301E441D
:10E16000ABF80060A3685B68AB4201DD002D39DAD3
:10E170000B9A42F2D1739A4202D00A9A9A4202D181
:10E180002046F4F70DFD00222B21204623B0BDE8E8
:10E19000F04FF2F7CFBAADF85A30CFE79DF88430A0
:10E1A000CDF804806FF300038DF88430059B009355
:10E1B00018A9069B2046FFF793FDBDF8703007991C
:10E1C0000B44334402461EB2013596E7F4F73CF99E
:10E1D000A4E700BF52020020500200204E0200209F
:10E1E0004C0200209DF8843043F001038DF8843008
:10E1F0001CAB0193059B00932A46069B18A9204659
:10E20000FFF76EFD039B9DF863200990012B08D159
:10E21000D0075FBFBBF80030BDF870105B1AABF8D9
:10E220000030BDF95830109302F00108694ABDF979
:10E2300056301193B8F1000F674B199508BF13467C
:10E240001393664A664B04BF194613460F93BDF9F4
:10E2500072300C9318BF1146BDF874300C9A0891B7
:10E26000D31A1BB21293209B0D930D9A1F9B0493FC
:10E270004FF0140A0AFB023A049812994FF0000C6E
:10E2800082454ED1049B0027984257D1002FF3D1ED
:10E2900041F26A4239462046F6F7AEFA0DF15E03C6
:10E2A000019317AB5FFA80F900930C9ABDF97830AF
:10E2B00006999DF86000ADF85C70ADF85E70FFF7F0
:10E2C000B5FCB8F1000F0AD0B9F1010F07D1204613
:10E2D000F4F7BAF8BDF85C301844ADF85C00294694
:10E2E0002046F7F740F9054618B1199B099A9A425A
:10E2F00051D104980CF0C0FB0399BDF81C30BDF857
:10E300005A200129BBF8001040F08181B8F1000FBC
:10E3100040F07D811A448A1A13B2099DABF800308F
:10E3200020E7037CDB0755BFC36803896344CB1A2E
:10E3300054BF0FFA83FC19B21430A1E793F8109080
:10E3400019F0010F25D191FBFCF6B3F80CE016FB98
:10E350000EF632B20E920E9EB3F90620B242A8BF5C
:10E3600032461646B3F904209642B8BF16463246E6
:10E370000E9E1A81964218BF49F00109ACEB0E0EB1
:10E38000A1EB02021CBF83F8109001270FFA8EFC4C
:10E3900011B2143378E713492846F3F7B3F89DF820
:10E3A0006330C3F380030C93064628B119AA1946BB
:10E3B0002046FFF781FC96E70B4B01461A8828465A
:10E3C000F6F71AFAC0B2002800F00681049B314625
:10E3D000F9E000BF9D9E0108939E010815DC00082E
:10E3E00021DC0008010006004A0200201A4652F80B
:10E3F000140B854240F0E580B3F9087095F823309E
:10E40000B8F1000F00F0E58043F0040385F82330F5
:10E4100005F11406089B30469847B84221D028469B
:10E42000F4F754F9AB8AADF86830EB8AADF86A308E
:10E430002B8BADF86C306B8BADF86E303946139B7F
:10E44000304698471AAA29212846F2F773F9284638
:10E45000F7F786F82A462221F2F76CF92846F4F7F6
:10E4600035F99DF86130012B00F0BD80022B40F0A2
:10E47000C380BDF970700F9B05F1140098470137F8
:10E4800027F001073F1A07EBD77747F34F07B8F19B
:10E49000000F0BD0B9F1010F08D1089BBDF95C60EA
:10E4A00005F114009847361AADF85C6043F20C028F
:10E4B00000212846F6F7A0F9002143F20D0206B22A
:10E4C0002846F6F799F90FFA80FA2846F3F7B0FFD5
:10E4D0000E902846F3F7B2FF06F4C041B1F5005F95
:10E4E0000E9B0ED126F4C041B1F5FA6F09DCB1F5EF
:10E4F0007A7FC8BFC1F57A714B43642193FBF1F376
:10E500001EB20AF4C043B3F5005F0FD12AF4C04332
:10E51000B3F5FA6F0ADCB3F57A7FC8BFC3F57A7337
:10E520005843642390FBF3F00FFA80FA109BA98AFA
:10E53000119A591AEB8AD31A31445344BDF85C60DE
:10E5400089B29BB2B8F1000F58D1BAB211441FFA88
:10E5500081FAB8F1000F53D0BFB21F44BFB25AEADC
:10E56000070318D02846F4F7B1F8AB8A5344AB82BE
:10E570002B8B53442B83EB8A3B44EB826B8B3B44CA
:10E580006B832846F4F7A2F801233AB20FFA8AF116
:10E590002846F3F7ECFFBDF95E70B8F1000F02D02A
:10E5A000B9F1010F2ED0089B05F114009847059B87
:10E5B00018443844304406B20C99ADF85C6019AA8E
:10E5C000F6E6013113460D9A8A427FF40FAF002719
:10E5D00014E743F0020319E795F8233023F006030C
:10E5E00085F823303DE70F9BBDF8707005F11400EE
:10E5F00098473F1A3FB24AE7002748E73246A5E767
:10E600003746AAE7059BF61BF61A36B2D4E7BDF8E3
:10E610007000024413440B441BB27EE6039B012BA3
:10E620003FF45AADADF85A8088E500BF08B5002127
:10E630000D48F3F781FE0D4B18600DF029F80C4BD7
:10E6400018800DF025F80B4B40F4805018800DF029
:10E650001FF8094B40F4805018800DF019F8074B53
:10E6600040F48050188008BD41DF000854020020AB
:10E6700052020020500200204E0200204C020020D6
:10E6800013460A4601490988F6F74EBC520200209B
:10E6900010B500220446FFF7F3FF044B204619880B
:10E6A000BDE810400022F6F728BF00BF540200204A
:10E6B00013460A4601490988F6F736BC5002002085
:10E6C00013460A4601490988F6F72EBC4E0200207F
:10E6D00013460A4601490988F6F726BC4C02002079
:10E6E00070B50446164600221D46FFF7E1FF31468D
:10E6F00020460022FFF7E4FF294620460022FFF7CC
:10E70000E7FF044B20461988BDE870400022F6F769
:10E71000F4BE00BF5402002013460A46014909888E
:10E72000F6F702BC4A02002010B500220446FFF7AB
:10E73000F3FF2046F6F714FFBDE81040F3F7D8BD0D
:10E740002DE9F043099C0546DDE9076718469DF869
:10E75000283009B300222280A446002106F1FF3EA2
:10E760008E457BD806F10042013A34F8120037F8A2
:10E77000122010442288801A00B25BB1023C0022B1
:10E7800034F8023F37F81210EB1A01325B1A964246
:10E790002380F5D1BDE8F083A2F1040C5FFA8CFC74
:10E7A000BCF1020F03D8012E084608BF0122BE4665
:10E7B00007EB460800211FFA80FCF04589B215D10D
:10E7C0004FF0000E062AC7D80FF2040858F822F0BE
:10E7D000F9E70008FFE700080FE8000859E700081C
:10E7E00045E800082DE8000817E800083EF9029BFC
:10E7F0006144494409B2E0E7A4F800E0ACE7A1EBCA
:10E800000C0109B2691A01EBD171491001E0691AD2
:10E8100061442180A0E7691A6144721E09B212B2F4
:10E82000A4F800E091FBF2F108B295E7691A61449F
:10E8300032B209B291FBF2F1C1F3C03208B202FA6E
:10E8400081F1E2E7691A8C44721C0FFA8CFC12B257
:10E850009CFBF2FC0FFA8CF020807DE737F811204A
:10E86000BCF90080024442442CF8022F013177E7C2
:10E870002DE9F04FDFF84093CB4DB9F8002097B069
:10E8800000218246F5F7B8FF2A8804460021504649
:10E89000F5F7B2FF002C6DD000286BD00021504658
:10E8A000F6F761FE002868D11C210FA80CF0D6FAFB
:10E8B0000C210CA80CF0D2FA41F232020021504691
:10E8C000F5F79AFF41F61202044600215046F5F78B
:10E8D00093FFA5B241F61002002110FA84F45046CD
:10E8E000F5F78AFFBAF814300544A4B250461C4428
:10E8F000F4F7BEFEA4B2BAF81630241AADB25046F0
:10E900001D44ADF83840F4F7C5FEADB22D1AADF890
:10E910003A5000230493DAF8083004995A68914277
:10E92000C0F012820F980CF0A7F810980CF0A4F821
:10E9300011980CF0A1F812980CF09EF841F2010227
:10E9400000215046F5F758FF41F2040204B20021BD
:10E950005046F5F751FF42F2D1739C4200B201D00C
:10E96000984202D15046F4F71BF900222B21504661
:10E97000F1F7E0FE17B0BDE8F08F2A88002150467D
:10E98000F5F73AFF41F6FF730546002035F91020F0
:10E990009A4240F0FA80149040000CF015FA109062
:10E9A000149840000CF010FA0024129014998C4234
:10E9B000C0F0ED800023129F1C46184641F69A7C59
:10E9C00081429EB240F0328141F61402002150464D
:10E9D000F5F712FF07B25046F3F74CFD149A531E99
:10E9E00013FB07F31E44801B00B2129E20EAE07066
:10E9F000002141F69A778A4240F02D81B9F8002033
:10EA000000215046F5F7F8FE05465046F3F71CFD89
:10EA100041F6FF738146002035F910209A4240F0FC
:10EA20002981139040000CF0CFF90F90139840000B
:10EA30000CF0CAF90024119013998C42C0F01C818B
:10EA40000023119F1C46184641F69A7C81429EB2D3
:10EA500040F0548141F6150200215046F5F7CCFEF6
:10EA6000139F7B1E13FB00F3A9EB03039B1B1BB23D
:10EA70000022119E23EAE3734FF0FF3C114641F65A
:10EA80009A7E8F4240F04F81BCF1FF3F06D0A21A20
:10EA90005A43B2FBF4F29B1A26F81C3041F61502D9
:10EAA00000215046F5F7A8FE41F614020FFA80F94E
:10EAB00000215046F5F7A0FE41F26A4206B200215D
:10EAC0005046F5F799FEC7B27B1E5F4241F2010244
:10EAD0004FF0000150465F41F5F78EFE41F204020F
:10EAE00004B200215046F5F787FE42F2D1739C42F2
:10EAF00008BF9AF823400FFA80F808BF84F0040496
:10EB000050460CBFC4F380040024F3F79DFC274B50
:10EB100005461A8800215046F5F76EFE0F9B0293BA
:10EB2000119B0193139B00932146C2B24B4628468A
:10EB30000397FFF705FE42F2D173984508BF9AF894
:10EB40002340ADF8540008BF84F0020450460CBFC7
:10EB5000C4F340040024F3F78DFC154B05461A88D6
:10EB600000215046F5F748FE00230393109B0293C3
:10EB7000129B0193149B0093C2B233462146284650
:10EB8000FFF7DEFDADF8560092E60130FEE635F9FE
:10EB9000142041F69A739A4246D1064EDFF81CB013
:10EBA0004FF0000833E000BF66020020680200203A
:10EBB0006402002001E0FFFF6A0200205C020020E6
:10EBC00041465046F6F7CFFCB2490746F2F79AFCA9
:10EBD0000146D0B9B04B04901A883846F5F70CFEC0
:10EBE000C0B20128049910D1BBF800203846F5F7CF
:10EBF00003FEC0B2844208D13846F3F71FFCB0428E
:10EC000003DB3846F3F71AFC064608F101085046C4
:10EC1000F6F7B8FC8045D3D3002E129BB6BF002276
:10EC200023F8146023F814200134BFE635F91020CE
:10EC3000624505DDA4F5FC541B3C14440130BFE6DD
:10EC40000BBF37F8103027F810209B1992190CBF12
:10EC50001BB213B2F2E735F91130BB4208DDA3F560
:10EC6000FC531B3B9BB24343B3FBF4F326F8113038
:10EC70000131C0E60130CFE635F9142041F69A7330
:10EC80009A4239D1854EDFF81CB24FF0000826E0D9
:10EC900041465046F6F767FC7E490746F2F732FCDC
:10ECA0000146D0B97E4B04901A883846F5F7A4FD8A
:10ECB000C0B20128049910D1BBF800203846F5F7FE
:10ECC0009BFDC0B2844208D13846F3F7B1FBB04295
:10ECD00003DB3846F3F7ACFB064608F10108504663
:10ECE000F6F750FC8045D3D3002E119BB6BF00220F
:10ECF00023F8146023F8142001349DE635F9102020
:10ED0000624505DDA4F5FC541B3C144401309DE62E
:10ED10000BBF37F8103027F810209B1992190CBF41
:10ED20001BB213B2F2E735F9110070450ADDA0F508
:10ED3000FC521B3A92B202FB03F0B0FBF4F026F84F
:10ED400011008C4601319CE61B68049A514953F826
:10ED500022402046F2F7D6FB0546002840F06381AA
:10ED60004F4B01461A882046F5F746FD4A4B0746A9
:10ED70001A8829462046F5F73FFD10F0FF0600F0FF
:10ED8000528117F0FF0700F04E81464B29461A8842
:10ED90002046F5F731FD444B5FFA80FB1A8829467F
:10EDA0002046F5F729FD414B5FFA80F91A8829467C
:10EDB0002046F5F721FD3E4B29461A885FFA80F878
:10EDC0002046F5F719FD5F44C3B26FF000420F997A
:10EDD00006931744119B31F8170033F8173031F8B8
:10EDE0001B1003445B1A99B24E4416440891129AC0
:10EDF000109932F8162031F8160031F81910024433
:10EE0000521A1BB2059393B20993294613B22046B6
:10EE100041F26A420793F5F7EFFCC0B20128059B67
:10EE200007D1B8F1000F26D0B8F1020F08BF4FF09C
:10EE30000008278BA28A668B0137BF1AE28A013647
:10EE4000B61A0F9AB8F1020F32F91B10059132F879
:10EE50001B203FB236B211D0B8F1030F2AD0B8F15F
:10EE6000010F06D1DB1B03EBD37302EB630213B27A
:10EE70000593002320E04FF00208DAE7089B2046C4
:10EE800013441FFA83F8F3F7D3FAA8EB00080FFA3C
:10EE900088F3EDE7010006005A02002001E0FFFFC1
:10EEA00060020020620200205C0200205E0200205E
:10EEB000580200201F46012394F8232063F38202A6
:10EEC00084F82320069A109B022A33F9198033F81C
:10EED000193000F0AB80032A00F0B480012A07D17A
:10EEE000079A921B02EBD27203EB62030FFA83F8CC
:10EEF00094F8233065F3410384F823302046F3F778
:10EF000097FAB84200F0A180A38AADF82830E38ACE
:10EF1000ADF82A30238BADF82C3004F11405638B47
:10EF2000ADF82E302046F3F7D1FB394628460AF0DB
:10EF3000B0FF314628460AF0B1FF2046F3F7C6FB82
:10EF40000AAA29212046F1F7F5FB2046F6F708FB2F
:10EF500022462221F1F7EEFB43F20C02002120466B
:10EF6000F5F74AFC43F20D02002106B22046F5F700
:10EF700043FC07B22046F3F75BFA05462046F3F759
:10EF80005DFA06F4C043B3F5005F0ED126F4C0432A
:10EF9000B3F5FA6F09DCB3F57A7FC8BFC3F57A73AE
:10EFA0005D43642395FBF3F52EB207F4C043B3F53C
:10EFB000005F0ED127F4C043B3F5FA6F09DCB3F557
:10EFC0007A7FC8BFC3F57A735843642390FBF3F08C
:10EFD00007B2A38ABDF83850BDF83A00ED1A059B78
:10EFE0001D44E38AC01A404435443844ADB286B269
:10EFF00055EA060317D02046F3F768FBA38A2B4493
:10F00000A382238B2B442383E38A3344E382638BE1
:10F01000334463832046F3F759FB012332B229B20C
:10F020002046F3F7A4FA049B013373E4099A2046BF
:10F0300013441FFA83F8F3F701FAA8EB00080FFA5C
:10F0400088F855E7079E012552E72046F3F7F6F9C1
:10F05000B0427FF459AF7FE708B500212048F3F7AD
:10F060006BF9204B18600CF013FB1F4B40F48050E1
:10F0700018800CF00DFB1D4B40F4805018800CF0F4
:10F0800007FB1B4B40F4805018800CF001FB194B20
:10F0900040F4805018800CF0FBFA174B40F480507D
:10F0A00018800CF0F5FA154B40F4805018800CF0E5
:10F0B000EFFA134B40F4805018800CF0E9FA114B32
:10F0C00040F4805018800CF0E3FA0F4B40F480506D
:10F0D00018800CF0DDFA0D4B40F48050188008BD0C
:10F0E00071E800086C0200206A020020660200201D
:10F0F00068020020640200205A0200205C02002006
:10F1000060020020620200205E02002058020020FF
:10F110001BF017BB03461A46013311780029FAD1B8
:10F12000101A7047006800BA7047026922FA01F3AA
:10F130000361C3680B44C3604FF0FF338B4022EA86
:10F14000030070470368DA088A5CD94301F00701BD
:10F150000A410133036002F0010070472DE9F041DC
:10F1600000250746884616462846B54201D1BDE827
:10F17000F081440041463846FFF7E4FF0135204363
:10F18000F3E7036870B5DE08DB4303F007040123EF
:10F19000A3408D5DDBB232B925EA03058D550368C6
:10F1A0000133036070BD1D43F8E70000062824D832
:10F1B000DFE800F004231118112311004B1E012B6E
:10F1C0001DD910291DD8104BCB4013F0010F14BFCF
:10F1D000002025207047082911D010290CBF0020DD
:10F1E0002520704708290CD86FF48B730B4113F05E
:10F1F000010F0CBF0020252070471F207047002002
:10F2000070472520704700BF1001010000F0070380
:10F21000C008534350430733013000EBD300484349
:10F2200070470023C0E93333C0E93533C0E93733D1
:10F230007047012A70B518D0022A0CBF032501259A
:10F240004FF0FF34944023EA040301FB02F4E40886
:10F2500025EA010672430D4203FA02F318BF025D6C
:10F26000DBB218BF1343035570BD0725E8E7F0B5BF
:10F270009DF81470002441FA04F642FA04F506F0F1
:10F28000010605F0010505EB460543FA04F606F014
:10F29000010606EB450647FA04F505F0010505EB06
:10F2A000460550F8250020B10134082CE3D1006C4C
:10F2B000F0BD4FF0FF30FBE72DE9F3470C9D994679
:10F2C0002B780E460746DDE90A149046002B4BD1F9
:10F2D000D5F804A0BAF1080F0ED10B5D137033708E
:10F2E00003702A6932B16A69934203D1002389F815
:10F2F000003034E0FF23FAE7BAF1100F10D111F813
:10F30000143088F80030337003702B6901EB44022D
:10F31000002BEFD0537811F8142003EB0223E2E71F
:10F32000524604FB0AF401A80194FFF717FF0122DB
:10F3300002FA0AF2C0EB0023013AB3FBF2F3DBB2AC
:10F3400088F8003033703B702B69014653B168690F
:10F35000401A18BF4FF0FF30C0B289F8000002B069
:10F36000BDE8F087FF20F8E7023B042BF7D801A2A5
:10F3700052F823F089F30008FFF300083BF400087B
:10F380005FF3000869F400086B68082B16D104EBE2
:10F3900044040B5D03700C4463783370A37888F8E1
:10F3A00000302A69002AA5D001786A699142A1D16A
:10F3B0003178AA6991429DD1EA6995E706236343B2
:10F3C000CA18C85C38709F1CC85D3070147988F802
:10F3D0000040286900288DD05078CB5C00EB0323D7
:10F3E0006869834286D1C95DD37803EB0123A9699B
:10F3F0008B427FF47FAF537903EB0423DCE76A6829
:10F40000082A14D1085DAB6813F820303B70AB6854
:10F4100003EB80035B783370AB6803EB80039B786E
:10F4200088F80030AB6803EB8003DB785FE7544378
:10F4300001A80194FFF792FEE5E76B68082B09D15C
:10F4400011F8143088F8003001EB44043370037075
:10F4500063784CE711F8243088F8003001EB84041D
:10F4600033700370A37842E76B68082B0BD111F857
:10F470002430037001EB840463783370A37888F838
:10F480000030E37833E711F83430037001EBC40047
:10F4900083783370037988F80030837927E700BFD9
:10F4A0002DE9F043DDF824C09CF80050DDE9077435
:10F4B000EDB96600013617F814E0BD5D05EB0E25C9
:10F4C000ADB21580DCF810200D80058062B117F810
:10F4D0001410BA5D02EB0122DCF814108A4203D149
:10F4E00000221A80BDE8F0834FF6FF72F9E7022D83
:10F4F00037D106256C4304F101083E5D17F808502A
:10F5000005EB06250580A61CE51C17F806E0785DCE
:10F5100000EB0E200880201D611D17F8009017F8E1
:10F5200001E00EEB092EA2F800E0DCF81020002A22
:10F53000DAD03C5D17F8082002EB0422DCF8144016
:10F54000A242D1D1BC5D7A5D02EB0422DCF8184006
:10F55000A242C9D17A5C385CDCF81C1002EB0022B4
:10F56000BCE7042D0FD117F8246007EB84046578FD
:10F5700005EB0625ADB215800D800580A178E278F7
:10F5800002EB0122ADE7062DACD117F8346007EB92
:10F59000C404657805EB06250580A578E07800EBC6
:10F5A000052008802079617901EB00211180A17983
:10F5B000E279E5E730B58C1A851A002C01EB0003DF
:10F5C000B8BF6442002DA3EB4203B8BF6D4224B222
:10F5D0002DB2002BB8BF5B42AC421BB2C4BF2C465D
:10F5E00008469C42CCBFD0B2C0B230BD2DE9F04F2E
:10F5F00085B0041F0F9EDFF8E0C0DFF8E0E0DFF821
:10F60000E080DFF8E090013E0296109E1830043949
:10F61000013E01900D46204603965CF8047B029E55
:10F620005EF804AB3E44A6EB0A06B6FBF7F640F8DC
:10F63000046F039E58F8047B59F804BB06EB070AD5
:10F64000AAEB0B06B6FBF7FA45F804AFD0F800B00A
:10F65000BBF1000F38D1C5F800B000260660019E4E
:10F66000B042DAD10E9D0020286002F11C0C186017
:10F67000106054F8040F52F804EB58B34E682EB1E2
:10F68000119F78430730C00800FB06667644166079
:10F690002068119F1E687843073051F8047FC00826
:10F6A00007FB006643F8046F119F20682E687843BB
:10F6B0000F687843073006EBD006624545F8046FC3
:10F6C000D7D105B0BDE8F08FB742C5F800A0C4D8C7
:10F6D0000668C3E70646D9E7D0B6020808B70208AD
:10F6E000B4B60208ECB602082DE9F04F97B0054613
:10F6F0001046209A14930E46D31D01214FEAD30BD6
:10F70000FFF784FD0024049000F1FF3A0E440594B5
:10F71000059B149A934203D1002017B0BDE8F08FE7
:10F7200016F8013C0695042B00F29F81DFE803F0F8
:10F73000102123345D00F25CEA5401339A45FAD17A
:10F74000059B069C01330593049B55441E44DFE74B
:10F750000023F3E7F25CEA5401339B45FAD1691EBA
:10F760009A45EDD9F25C11F8010F0244EA540133D5
:10F77000F6E70023F1E76CB9A245E1D0335D2B55E4
:10F780000134F9E7F25CE15C0A44EA5401339A453A
:10F79000F8D1D5E70023FAE70CBBA34521D16A1EB7
:10F7A000A245CDD9335D12F8011F03EB51032B5550
:10F7B0000134F5E7E15CF25C02EB5102EA540133FB
:10F7C0009B45F7D1681E9A45BAD9E25C10F8011F33
:10F7D0001144F25C02EB5102EA540133F3E70023D7
:10F7E000EEE7335D2B550134D7E7002C4CD1A34510
:10F7F00040F037816A1EA245A2D9335D12F8011F7D
:10F800000B442B550134F6E7019B019AF35CA25C93
:10F810001344019AAB54134601330193019B9B455A
:10F82000F2D1BBF1030F40F28B800BEB0603029386
:10F83000A14604EB0B030BEB050803955F46029A08
:10F8400004320292039A04320392FA1C924503F1A5
:10F85000040309F1040908F1040817D8019BA7EB78
:10F860000308BA453FF46CAF14F80820E15D15F8C1
:10F87000080016F80790FFF79DFE814405F80790F1
:10F8800008F101080137ECE70023C6E7029A12F8F5
:10F89000042C0792029A12F8032C0892029A12F88A
:10F8A000022C0992029A12F8012C0A92039A12F879
:10F8B000032C0B92039A12F8022C0C92039A12F862
:10F8C000012C0D9213F8032C0E9213F8022C0F92B8
:10F8D00013F8012C109219F8032C119219F8022C2C
:10F8E000129219F8012C139213F8041C1593039B20
:10F8F00019F8042C13F8040CFFF75CFE079B0E9913
:10F900001A1808F8042C0B98119AFFF753FE089B5D
:10F91000129A0F99184408F8030C0C98FFF74AFE46
:10F92000099B139A1099184408F8020C0D98FFF7D8
:10F9300041FE0A9B184408F8010C159B04377EE72A
:10F940004DD1F31C0293A046A9465F46029B0333A8
:10F950000293BB1C9A4509F1030908F103087FF6DD
:10F960007DAF029B18F8032C13F8033C0E93029B07
:10F9700098F8001013F8023C0393029B19F8030C4B
:10F9800013F8013C079319F8023C089319F8013C5D
:10F99000099398F801300A9398F802300B9318F8FD
:10F9A000023C0C9318F8013C0D93FFF703FE0E9BED
:10F9B0000C9A0A99034489F800300898FFF7FAFD79
:10F9C000039B0D9A0B99184489F801000998FFF7D9
:10F9D000F1FD079B184489F802000337B6E7BBF135
:10F9E000020F16D1731E2746A8464FF0030909934C
:10F9F000CA4508F1020807F102070CD8049BDF1E74
:10FA000027F00107BAF1010F07F1020798BF02279B
:10FA100024E75F4622E7099B17F8022C13F8093008
:10FA20000A9316F80930029318F8013C03937B7887
:10FA30003978079318F8020C17F8013C0893FFF780
:10FA4000B9FD0A9B034488F80030DDE907120398EA
:10FA5000FFF7B0FD029B184488F8010009F1020984
:10FA6000C6E7335D2B550134C1E6242055E62DE968
:10FA7000F3470024CDE900440A9F80468946154695
:10FA80009E1ABC4214D102B0BDE8F08749466846D0
:10FA9000FFF758FB4146024601A8FFF772FB0AF147
:10FAA000010AAA45F2D1009B334400930134E8E7F0
:10FAB0004FF0000AF5E730B50378032B0ED1C36889
:10FAC00093422ED30023934201D1002030BD84689D
:10FAD000CD5C04EB83040133E570F4E75BB9022AE3
:10FAE00021D1012303610A784B7803EB0223C0E99B
:10FAF00006334361E9E7022B17D1062A17D1012308
:10FB000003610A784B7803EB022343618A78CB7850
:10FB100003EB022383610A794B7903EB0223C36170
:10FB2000D3E72720D2E71E20D0E72A20CEE72920DE
:10FB3000CCE7000010B5037B032B0CD1012A3AD18E
:10FB40000C7883699C4238D2C2620B780363C0E9A7
:10FB50000D33002010BD062BFBD801A454F823F070
:10FB60007DFB000853FB00088FFB000853FB0008D7
:10FB70007DFB000853FB00088FFB0008022A1ED102
:10FB80000123C3620A784B7803EB0223DEE7062ADF
:10FB900017D10123C3620A784B7803EB0223036376
:10FBA0008A78CB7803EB022343630A794B7903EB22
:10FBB00002238363CDE72B20CCE76720CAE72C2004
:10FBC000C8E72D20C6E700BF70B50646481C0D46A5
:10FBD0000BF0CAF8044628B12A463146FFF798FAD6
:10FBE00000236355204670BD10B50446FFF792FA16
:10FBF00001462046BDE81040FFF7E6BF10B50446B9
:10FC000000680AF02BFF60680AF028FF20690AF0FC
:10FC100025FF6069BDE810400AF020BF38B5051F18
:10FC200000F13C0455F8040F20B1FFF7F7FF2868F6
:10FC30000AF014FFA542F5D138BD70B586688E4232
:10FC400004460D4608D201EB5606006831460BF01B
:10FC5000A1F818B1A66020606560012070BD2DE993
:10FC6000F8438846C16B044601318900006C164692
:10FC70001F460BF08FF8E16B013105468900606C7F
:10FC80000BF088F805B1256408B1606415B95320FC
:10FC9000BDE8F883E56BD4F840906B1CE363404605
:10FCA000FFF7A2FF05F18045E36B49F825003946CF
:10FCB0006FF04045304605EB0308D4F84490FFF759
:10FCC00083FFE36B49F828001D44236C53F825306B
:10FCD000002BDCD0636C53F82530002BD7D00020EC
:10FCE000D6E72DE9F0478A46816C04460131890048
:10FCF000C06C914698460BF04DF8A16C0131054659
:10FD00008900206D0BF046F8A16C0131890007468F
:10FD1000606D0BF03FF8A16C013106468900A06DC3
:10FD20000BF038F805B1E56407B1276506B16665E3
:10FD300000B1A0655DB357B34EB340B3A56CE66C9C
:10FD40006A1CA2645046FFF74FFF05F18045A36C83
:10FD500046F825006FF040454846EE18276DFFF73E
:10FD600043FFA36C47F826004046EE18676DFFF787
:10FD70003BFFA36C47F82600DDE90801A46D1D4494
:10FD8000FFF722FF44F825000020BDE8F08753204C
:10FD9000FBE730B50B7802789A4226D142684B686F
:10FDA0009A4222D103690A6993421ED15BB142692A
:10FDB0004B699A4219D182698B699A4215D1C269FD
:10FDC000CB699A4211D1C268CB689A420DD1920098
:10FDD0000023934201D1012030BD85688C68ED5C21
:10FDE000E45CA54201D10133F3E70020F4E7092ADE
:10FDF0001DD1012383670A784B7803EB02238A78AD
:10FE000002EB0322CB7803EB0223C3670A794B7919
:10FE100003EB02238A7902EB0322CB7903EB022363
:10FE2000C0F880300B7AC0F88430002070474A2038
:10FE30007047202A64D10123C0F890300A784B78AB
:10FE400003EB02238A7802EB0322CB7803EB022335
:10FE5000C0F894300A794B7903EB02238A7902EBDC
:10FE60000322CB7903EB0223C0F898300A7A4B7A4D
:10FE700003EB02238A7A02EB0322CB7A03EB022301
:10FE8000C0F89C300A7B4B7B03EB02238A7B02EB9E
:10FE90000322CB7B03EB0223C0F8A0300A7C4B7C0F
:10FEA00003EB02238A7C02EB0322CB7C03EB0223CD
:10FEB000C0F8A4300A7D4B7D03EB02238A7D02EB60
:10FEC0000322CB7D03EB0223C0F8A8300A7E4B7ED1
:10FED00003EB02238A7E02EB0322CB7E03EB022399
:10FEE000C0F8AC300A7F4B7F03EB02238A7F02EB22
:10FEF0000322CB7F03EB0223C0F8B0300020704711
:10FF000061207047836810B504462BB94FF48060B8
:10FF10000AF02AFFA06088B100231946FF20A268DA
:10FF2000D154A2681A445170A2681A449170A26810
:10FF30001A440433B3F5806FD070F0D110BD70B5A2
:10FF40000323B2FBF3F2C260013AFF2A04460D46D6
:10FF500028D8FFF7D7FFA368F3B1002329461A4634
:10FF6000FF25E068824201F1030101D1002070BD4C
:10FF7000A06811F8036CC654A06811F8026C18440C
:10FF800001324670A06811F8016C18448670A068B0
:10FF900018440433C570E4E7E268002ADDD0E3606A
:10FFA0005320E4E72620E2E7F0B50022012341F2E6
:10FFB000B0564FF6F17411B943EA0240F0BDB142B8
:10FFC0000D4628BF3546491B054410F8017B3B44CC
:10FFD000A8421A44F9D1B3FBF4F504FB1533B2FB84
:10FFE000F4F504FB1522E6E7C36830B5DA08446887
:10FFF000551CAC4203F0070108D903685C5D9B5CAB
:020000040801F1
:1000000043EA0423CB400361012030BDA24238BF44
:1000100004684FF0000505613CBFA25C0261026903
:10002000CA4002618068033383428CBF00200120F4
:10003000EBE70A4600211AF0F1BA10B54021044658
:10004000FFF7F7FF4FF0FF33236410BD2DE9F047B2
:100050009DF820A004460F4690469946002547FA91
:1000600005F348FA05F203F0010302F0010202EB86
:10007000430249FA05F303F001034AFA05F603EBDC
:10008000420306F0010606EB430654F826303BB95E
:1000900044200AF069FE44F8260058B1FFF7CDFF6E
:1000A0000135082D54F82640D9D1099B236400203E
:1000B000BDE8F0875320FBE7C168F0B5CA08446883
:1000C000D71CBC4202F1010602F1020501F0070152
:1000D0000DD90468635DA65DA25C1B0443EA062398
:1000E0001343E25D43EA0263CB400361F0BD0023AA
:1000F000A24203613EBF03689B5C0361B44205D921
:1001000003689A5D036943EA02230361AC4205D99F
:1001100003685A5D036943EA024303610369E3E745
:100120002DE9F84F0446C06880000AF01DFE2060EB
:10013000A068013080000AF017FE0746A068013071
:1001400080000AF011FE21680646002900F0828036
:10015000002F7FD000287DD000231846A2680132EE
:100160009A4248D10023E2689A424AD13046A7F128
:10017000040C0122A36893424DD200234FF0FF3CB0
:10018000E2689A4250D1002538460AF067FC3046B2
:100190000AF064FC6DBB4FF400600AF0E5FD074611
:1001A00038B34FF40061FFF744FF2A46E3689A42F0
:1001B00052D33A1F07F2FC714FF40076012052F837
:1001C000043F092B82BF093B00FA03F3F618914262
:1001D000F5D130460AF0C8FD206170000AF0C4FD78
:1001E0002369606113B1002840F08D8038460AF021
:1001F00035FC5325AAE046F8230047F823000133D5
:10020000ACE7626852F8230057F82020013247F823
:1002100020200133A7E75CF8043F05682B445B000E
:1002200040F8043F0132A5E7656855F8230078B12E
:1002300056F8202002F1010E46F820E041F8232074
:1002400055F823000CFA00F022EA000241F82320BE
:10025000013395E7532597E7636853F82260092E29
:100260001CD9236853F82230A6F1090123FA01FCB6
:1002700000210846C0F108032CFA03F303F0010340
:1002800083400130092841EA0301F3D157F82130B6
:10029000B3422CBF47F8213047F82160013285E78F
:1002A0002169CA540133B342FAD100224FF40071DC
:1002B0004FF0010C57F82230092B08D920698354DC
:1002C000093B60690CFA03F320F81210194401325B
:1002D000B2F5007FEED138460AF0C0FB4FF0000CBB
:1002E00062464FF00108E3689A420FD3BCF1010F58
:1002F0004FF0000372D9B34228D02269D25C102A91
:1003000023D00133F7E700231022CCE7636821688C
:1003100053F8223051F8229018460021A3EB000E2A
:10032000013816D23BB3092B206926D8C3F109093D
:1003300008FA09F94FF0000E0EFA03F720690F438F
:1003400010F807A0BAF1100F0BD037252846BDE8EA
:10035000F88F29FA00F707F0010707FA0EF739437B
:10036000DCE7C3550EF1010E6069F14520F8172056
:10037000E2D10CF1010C0132B5E7C1F3080E10F81F
:100380000E706069BB4230F81E90A7EB030008FABC
:1003900000FBDAD8490A4FF0000EA3F1090A0EFA61
:1003A0000AF00843276948440EF1010E3B5467697F
:1003B000F34527F81020F2D1DBE72269D05C102842
:1003C00008D1B3F5007F34BF01200A20D054626900
:1003D00022F813100133B342EFD1B7E74FF6FF71A4
:1003E000F9E7F8B5044690000F4615461E460AF098
:1003F000BBFC606070B1002257F8223040F8223018
:1004000001329542F8D1C4E902652046BDE8F840C2
:10041000FFF786BE5320F8BD38B5054680200AF0A8
:10042000A3FC044698B1031F00F17C02052143F8A8
:10043000041F9342FBD128460F2320222146FFF7B9
:10044000D0FF054620460AF009FB284638BD532553
:10045000FBE738B505464FF490600AF085FC04468A
:1004600048B3031F00F50F72082143F8041F93429D
:10047000FBD104F57F72092143F8041F9342FBD19D
:1004800004F25C42072143F8041F9342FBD104F2BB
:100490007C42082143F8041F9342FBD128460F23D6
:1004A0004FF490722146FFF79CFF054620460AF064
:1004B000D5FA284638BD5325FBE7F0B503690F6927
:1004C0004D690446C3F30800E6683A5C35F810004D
:1004D000092A04D8D34032442361E260F0BDA2F17E
:1004E00009014FF0FF325B0A8A4023EA0202093613
:1004F00002442361E660B95C35F812000939CB404B
:1005000031442361E160E9E72DE9F04FA3B00546EE
:100510000693D3000F4600920B910C9203930D9318
:100520004AB1039BB3FBF2F3082B40F0CB82039B51
:10053000413300F2C7820023CDE90E330BA8FFF749
:1005400053FD28B94FF0340B584623B0BDE8F08F67
:1005500001210BA8FEF7E9FD022109900BA8FEF787
:10056000E4FD032800F0B182002843D10E9BDDF8A2
:1005700030A00733DB0803F10408C245E2D9DDF8F7
:100580002C9009EB030119F803404A788B78C9785D
:1005900004EB0224069A52683AB903EB0123234480
:1005A0004FF6FF72934240F09382696828462144D7
:1005B000FFF743FB002800F08E8208EB0406B245EB
:1005C000C0F08C8268682B68001B224609EB08018A
:1005D0001844F600FEF79CFD0E96069B9B681BB127
:1005E0006A689342C0F07D82099B002BA6D04FF031
:1005F000000BA9E7069B9B68079301284FF00003B7
:10060000CDE91033CDE91433CDE91633CDE91A33F2
:1006100026D110A8FFF71DFF8346002840F0DB809D
:1006200016A8FFF7F9FE8346BBF1000F40F0D38018
:10063000DFF83C8314210BA8FFF73EFD10A9FFF75C
:100640003CFFFF28044600F2958169682846013185
:10065000FFF7F3FA002840F073814FF0530BBAE034
:100660000E9A0C9CD10801F1020C644501F10100C5
:1006700002F0070640F297800B9A12F80C30105CDB
:10068000525C1B0443EA00231343F3400F930521FC
:100690000BA8FEF74AFD04900BA8FEF746FD0421C7
:1006A00080460BA8FEF741FD00EB01094C200AF043
:1006B0005BFB01900028D0D00E9B09EB490200247F
:1006C0009B18CDE91C44CDE9204428BF01242646CF
:1006D000002C40F027810D9A08929A42C0F02381A5
:1006E000A24CB14540F08280A04B0022132E40F076
:1006F0008B800199072332461CA8FFF772FE8346C0
:10070000002840F014814FF490600AF02DFB06465B
:1007100080200AF029FB0446002E00F00B810028FF
:1007200000F00881049B4FF49061304603F20119F8
:10073000FFF77FFC80212046FFF77BFC049B6FF0D6
:10074000030202FB034208F10108A2F204430593ED
:10075000DA46C844C245CDF808805CD3BBF1000F2F
:1007600014D1D6F80034002B00F0E7800F234FF4AB
:100770009072314610A8FFF734FE834630B90F233C
:100780002022214616A8FFF72CFE834601980AF086
:1007900065F930460AF062F920460AF05FF91CA8B4
:1007A000FFF72CFA40E7A1420F933EBF0B9B5B5C27
:1007B0000F93844205D90B9B195C0F9B43EA0123DD
:1007C0000F930F9BF3400F930D9B0E329A427FF6CF
:1007D0005EAF4FF0310B10A8FFF710FA16A8FFF725
:1007E0000DFABBF1000F3FF4F8AEADE60BA8FFF732
:1007F000FBFB03210BA854F804ABFEF796FC019B0E
:10080000013643F82A006CE753F8261001980136A8
:1008100040F821206AE716210BA8FFF74DFC1CA920
:10082000FFF74BFE0F2812D8D14598BFAAEB09015C
:100830000AF101038CBF46F82A0044F82100029314
:100840000E9A089B93426FD3DDF808A082E7102828
:100850002BD1BAF1000F00F0478102210BA8FEF75F
:1008600064FC049B03F581718A456FF040412BBF06
:10087000A1EB09015144514456F8213028BF54F8E6
:1008800021300AF1030101448A4502D1CDF808A0C4
:10089000D6E7D0453DD0D14596BF059A46F82A30D7
:1008A00042F82A300AF1010AEEE7112816D1032195
:1008B0000BA8FEF73AFC514401448A45E6D0D045E6
:1008C0002AD0D14595BF059B0023002246F82A3047
:1008D00098BF43F82A200AF1010AEEE7122840F0F7
:1008E000068107210BA8FEF720FC0AF10B01014449
:1008F0008A45CBD0D04512D0D14595BF059B00236A
:10090000002246F82A3098BF43F82A200AF1010A4B
:10091000EEE74FF00D0B93E74FF00E0B90E74FF023
:100920000F0B8DE7002426464FF0320B2EE70024F4
:1009300026462BE74FF0530B28E74FF0400B25E7F7
:10094000D5E90032134403F8014C0E9B039A9A42F6
:10095000C0F0B580079B002B3FF46CAE6B68079A24
:100960009A42BFF467AE4FF06D0B34E724BB020828
:10097000E8BB02086FF48073C3181C2B00F295804B
:100980005C4A52F823405C4A52F8231019B10BA874
:10099000FEF7CBFB04440E9A009BD608311D8B4218
:1009A00006F1010C06F1020E06F1030002F0070247
:1009B00021D917F80E3017F80CC0BE5D385C795C91
:1009C0001B0443EA0C23334343EA0063D340090684
:1009D000C2F1080201FA02F2134316A90BA80F9301
:1009E000FFF76BFD1D282BD91F288CBF4FF0100B74
:1009F0004FF0120BEFE6009B0021B342009B0F91DA
:100A000084BFB95D0F919C453CBF0F9917F80C60EE
:100A1000009B3CBF41EA06210F91734581BF0F9BAC
:100A200017F80E1043EA01430F93009B834281BFE6
:100A30000F9B395C43EA01630F930F9BD340CCE7D4
:100A40002E4B58F820A053F8201019B10BA8FEF730
:100A50006CFB8244D5F80490D1452DD309EB0401F9
:100A60002846A9EB0A06FFF7E8F800283FF4F5ADA1
:100A70002968A24501EB0900314412D25246FEF723
:100A800047FBD1440023A4EB0A0A9A4509EB030073
:100A900006EB03013FF459AF2A68515C115401334E
:100AA000F3E72246FEF734FB4FE7B0F5807318BF3B
:100AB00001234FEA031B8EE64FF0340B8BE64FF019
:100AC000330B88E64FF0690B3EE54FF0140B3BE526
:100AD0004FF0150B38E54FF0530B35E54FF0170B82
:100AE00032E54FF06D0B2FE54FF0360B4EE64FF031
:100AF000100B4BE6D4BC020860BC020870BB0208B5
:100B0000012A2DE9F34105460F461646984642D97B
:100B10000A784C78DFF894C004EB02210CFB01F159
:100B2000DFF88CC0614538D802F00F01082936D1B2
:100B30007F2A34D8A20634D41C69B91CB21EBCB1B9
:100B4000009313460A46011DA0476C68AC6038B993
:100B5000D8F8004094B10024204602B0BDE8F081EE
:100B6000D8F80830FBB19C4294BF6E246D24F3E7A3
:100B7000FFF7CAFC04460028EAD0EDE7301F3844EE
:100B8000FEF7D0FA0646D5E90001FFF70DFA8642D6
:100B900018BF3A24E0E73524DEE71824DCE71924FF
:100BA000DAE71A24D8E76E24D6E700BFDF7BEFBD73
:100BB000841042082DE9F04387B0DDE90E87D7F8AD
:100BC0000C9005460C461E46B9F1000F0ED000975A
:100BD00043463246C84730B1B868F0B123689842FE
:100BE0002CBF6E206D2007B0BDE8F0830968036854
:100BF0000591CDE903312AB1114403A8FFF71DF88F
:100C0000236804933B464246314603A8FFF778FF2A
:100C1000039B2B60049B2360E5E76E20E3E72DE94F
:100C2000F04F0D460746894690461E460FCD8BB0C5
:100C300004AC0FC495E8030084E803000024CDE968
:100C40000244B44206D104F1020AB24508D3002599
:100C50004B242DE018F80430002BF4D00134F0E7D9
:100C6000631E4E2B36D804F1010B58460AF07CF86F
:100C7000054690B322464146FEF74AFA00232B551B
:100C800018F80B205ABBD9F830300693A6EB0A06A9
:100C900004AB0193009608EB0A0303A902A8FFF72F
:100CA00089FF044670B1069A039B9A4238BF7024AC
:100CB000284609F0D3FE029809F0D0FE20460BB07A
:100CC000BDE8F08FDDE9022329463846FEF7C7FF6D
:100CD0000446EDE700255924EAE75324E8E74824D1
:100CE000E6E72DE9F04F8FB00E46984604908B460C
:100CF00015460FCE08AC0FC496E80300B8F1040FF8
:100D000084E803004FF0000440F29E802B5D13B195
:100D10000134A045FAD104F1030AC24580F098805D
:100D2000631E4E2B00F29980661C30460AF01CF8B8
:100D30004FF000090746002800F09480224629461B
:100D4000FEF7E6F907F804902B199878002840F090
:100D50008D8005EB0A03039305EB080C634582467F
:100D600000F1010003D013F8011B0029F6D1AB5D9F
:100D7000059309F0F9FF4FF000090646002879D0E5
:100D8000524603990434FEF7C3F906F80A90A244C8
:100D90005346434509F1010002D2EA5C002A3BD1E7
:100DA00009F0E2FF044600285ED005EB0A014A463E
:100DB0000AF1010AFEF7ACF9CA44059A0021D045B0
:100DC00004F8091005EB0A0328BFA8EB0A018AB34F
:100DD000DBF830000A9008A8CDE90010002207A92E
:100DE00006A8CDE90622FFF7E5FE079B0546B0B150
:100DF0000A9A9A4238BF7025069809F02FFE3846A5
:100E000009F02CFE304609F029FE204609F026FEA6
:100E100028460FB0BDE8F08F01338146B9E7019352
:100E2000069B00930498234632463946FEF759FF45
:100E30000546E1E7CDE900310498234632463946BC
:100E4000FEF74FFF0546DAE7264627461E25D6E77A
:100E50000024264627464B25D1E700242646274670
:100E60005925CCE7044606465325C8E74C464E466E
:100E70004825C4E70446F7E7F8B5002405462646AA
:100E8000D5E91237A3420DD1384609F0E7FD286DA8
:100E900009F0E4FD686D09F0E1FDA86DBDE8F840DA
:100EA00009F0DCBD57F8240009F0D8FD47F82460AC
:100EB0002F6D57F8240009F0D1FD47F824606F6DBD
:100EC00057F8240009F0CAFD47F82460AF6D57F8C1
:100ED000240009F0C3FD47F824600134D0E7F8B5D9
:100EE000002405462746D5E90F36A34207D13046F0
:100EF00009F0B4FD686CBDE8F84009F0AFBD56F8E4
:100F0000240009F0ABFD46F824706E6C56F82400FE
:100F100009F0A4FD46F824700134E4E7F0B5164664
:100F200085B007460C460222314601A809F0C4FBF1
:100F3000014640B90090022201A809F049FB28B1FE
:100F400001A809F071FA4E2005B0F0BD694601A86C
:100F500009F081FB01A809F067FA009D002DF2DB82
:100F60002560284609F000FF0446386000B9BDB985
:100F70000222314601A809F09FFB0028E3D1214657
:100F80006B462A4601A809F06EFA04460028DAD119
:100F9000009B9D42D7D101A809F046FA2046D3E72D
:100FA0005320D1E701230222C0E900234FF400615E
:100FB0000322C0E902128022C0E904230023C0E911
:100FC0000633036270470023C0E90033C0E90233EF
:100FD000C0E904337047000010B5084C01444FF0DD
:100FE000FF32884201D1D04310BD10F8013B53407D
:100FF000DBB254F8233083EA1222F2E724B7020866
:1010000038B5054608460C46FEF784F8042814D186
:101010002A7923789A420ED16A7963789A420AD162
:10102000AA79A3789A4206D1E879E378C31A58429C
:101030005841C0B238BD0020FBE70020FAE710B5E8
:101040000346FEF76FF8014608301844FEF76AF8C9
:1010500004310446181DFFF7BFFF201A18BF0120F6
:1010600010BD884208B503461CD20A1A0B2A19DDA6
:101070000278892A18D14278502A15D182784E2ACE
:1010800012D1C278472A0FD102790D2A0CD14279A8
:101090000A2A09D182791A2A06D1C2790A2A03D1E9
:1010A00000F10801084608BD1846FEF73BF80C3071
:1010B000F8D21B1838BF1946F4E72DE9F0478146EE
:1010C0001046FEF72FF810F10C0688461446054628
:1010D00007D2D1F800A01AEB06062CBF0127002783
:1010E00001D34D2710E0D9F80000314609F052FE37
:1010F00090B1621E0B34C9F8000000EB0A03C8F877
:1011000000606019824202D13846BDE8F08712F8CB
:10111000011F03F8011BF5E75327F5E7062200231B
:1011200002700822C0E90633C0E90123036143616C
:10113000C360704710B50446806808B109F08EFCA2
:101140000023C4E9023310BD38B50C460546FFF74D
:10115000F1FF202221462846FDF7DAFFA3680BB9EC
:10116000002038BD4FF4806009F0FEFDE268A86001
:1011700000B922B9A1689200FDF7CAFFF0E7532039
:10118000EFE7000003784068062B9ABF024AD35C61
:1011900000235843704700BFAAB6020810B5147860
:1011A0005368062C9ABF074A125D002241435343FD
:1011B00001F007005843C9085943073001EBD0003C
:1011C00010BD00BFAAB6020870B5054610460E460F
:1011D0001446FDF79FFF2246034631462846BDE8E8
:1011E0007040FEF73CBD2DE9F04781460F46924620
:1011F000002454452ED1631E4E2B30D804F1010833
:10120000404609F0B1FD0026054660B32246394646
:10121000FDF77EFFD0452E5598BFAAEB0806701C3F
:1012200009F0A2FD0446F8B1324607EB0801FDF7CC
:101230006FFF0023A355224629464846FFF7C4FF07
:101240000646284609F00AFC204609F007FC30460D
:10125000BDE8F0873B5D002BCDD00134C9E7002409
:1012600025465926EDE704465326EAE738B50446F5
:101270000025D0F8C00009F0F1FBD4F8C400C4F890
:10128000C05009F0EBFBC4E93155C4F8BC5038BD7F
:101290002DE9F0478AB01E468C4600230446884656
:1012A00017460393BCE80F0004AD0FC59CE803008C
:1012B0000123C4F8BC30D4F8C03085E8030013B172
:1012C0002046FFF7D3FF0025B54205D105F10209FD
:1012D000B14506D34B2037E07B5D002BF6D00135BE
:1012E000F2E76B1E4E2B32D805F1010A504609F089
:1012F0003BFD0246C4F8C00058B300205055D4F856
:10130000C0303A5C1A5401308542F8D117F80A20EF
:101310000ABBD8F834300693A6EB090604AB019358
:10132000009607EB090303A904F1C400FFF742FC90
:10133000039B18B1069A9A4238BF7120C4F8C8308E
:1013400010B9002B08BF64200AB0BDE8F08759200F
:10135000FAE75320F8E74820F6E708B501460C30D5
:10136000FFF7DCFE0023C1E90033C1E90D33C1E919
:101370000F33C1E91133C1E91333C1E91533C1E9B1
:101380002F338B60CB620B63CB658B67C1F88830E2
:10139000C1F89030C1F8B430C1F8C4300846BDE897
:1013A0000840FDF73EBF10B504460C30FFF7C2FE03
:1013B0002046FFF794FD2046FFF75EFD2046FFF72D
:1013C00055FFD4F8CC0009F049FBD4F8D00009F05F
:1013D00045FBD4F8D400BDE8104009F03FBB000045
:1013E0002DE9F04F93F800A09DB0BAF1030F269EAF
:1013F000059204460D461F4603D19B68002B00F062
:10140000E38305983946FEF7C4FC78B127993A463C
:101410003046FFF7C3FE294602462046FDF778FE18
:101420004FF0000B58461DB0BDE8F08F059B596882
:101430001B78032B1DD0279BD7F804905E43059B98
:10144000B9F1100F5B6840F0B280102B40F0AF8014
:10145000A046A246A1464FF0000BB3453BD14FF04A
:10146000000B059B1A78032ADCD10BA8FEF7D6FBEC
:10147000D8E7059B059ADB68D2F808804FF0010990
:1014800009FA01F93BB9BAF1030FD7E9028302D196
:101490007A688A42BAD099450BA828BF9946FEF7C8
:1014A000CCFD4FF0000AD145C5D098F8023098F82D
:1014B000012098F80010CDF804A098F803000090DF
:1014C0000BA8FEF7C3FD08F1040883460028C8D125
:1014D0000AF1010AE7E74FF00003ADF82230ADF85A
:1014E0002430ADF82630ADF828300DF126020AABD5
:1014F00009A90DF12200CDE901B70095FDF7D0FF54
:10150000059ABDF8223092F800C0BDF82400BDF85D
:101510002610BDF828E0BCF1000F0CD11A0A227089
:1015200063700BF1010B023409F106090AF1040A98
:1015300008F1080891E7BCF1020F0FD11A0A89F8E7
:101540000130030A89F802300B0A89F8002089F873
:10155000030089F8043089F80510E2E7BCF1040FB4
:101560000BD1190A8AF801304FEA1E238AF80010BD
:101570008AF802308AF803E0D3E7BCF1060FD0D135
:101580004FEA132C88F80130030A88F802300B0A5E
:1015900088F804304FEA1E2388F800C088F803005A
:1015A00088F8051088F8063088F807E0B9E7082BB6
:1015B00040F04582059B1B78062B40F05A813B7812
:1015C000002B76D1B9F1080F24D12346A919FF20A9
:1015D000A94203F1040307D13B69002B3FF43FAF5D
:1015E0000023E21C194612E015F8012B03F8022C27
:1015F00003F8032C03F8042C03F8010CE8E714F8B3
:1016000023507869854208BF02F8231001339E42B7
:10161000F5D124E7B9F1100F04F104041ED1681CC0
:101620009E423FF41CAF3A6915F8131004F8021CEF
:1016300004F8031C04F8041C72B110F8132002EB28
:1016400001227969521A18BF4FF0FF32D2B204F862
:10165000012C01330434E3E7FF22F8E74FF0010ADD
:101660000AFA09FA0AF1FF3A0A93984646453FF406
:10167000F6AE4A4629460AA8FDF770FDC0EB0023E6
:10168000B3FBFAF3DBB204F8023C04F8033C04F8C1
:10169000043C3B695BB17B691B1A18BF4FF0FF33F9
:1016A000DBB204F8013C08F101080434DEE7FF2353
:1016B000F7E7023B042B3FF6D2AE01A252F823F02B
:1016C000D516010893170108E51701085F140108F2
:1016D0003F180108B9F1080F53D004EB8606B44255
:1016E0003FF4BDAE3B692978A8782A7921706070F3
:1016F000A270002B4BD06B7803EB012379698B42EE
:1017000045D1EB78B96903EB00238B423FD16B796C
:1017100003EB0223FA699B1A18BF4FF0FF33DBB2C9
:10172000E37006350434DAE708EB48014846032243
:101730002944FDF7EDFC08F1010889F803A009F13F
:1017400004094645F0D13B69002B3FF488AE0434D0
:10175000002398453FF483AE14F8041C7A69914243
:101760000CD114F8031CBA69914207D1FA6914F834
:10177000021C914204BF002204F8012C01330434FE
:10178000E7E7A1464FF000084FF0FF0AD9E7FF2333
:10179000C6E7B9F1080F0ED12E44B5423FF45FAE53
:1017A00015F8011BBB682046042203EB8101FDF7FD
:1017B000AFFC0434F1E700230A939846464504EB56
:1017C00088093FF44CAE7A6829460AA8FDF7C6FCA2
:1017D000B968042201EB80014846FDF799FC08F145
:1017E0000108EBE7B9F1080F4FF0000313D0A91C73
:1017F0009E4204F104043FF432AE15F8232004F8AD
:10180000022C04F8032C04F8042C11F8232004F80B
:10181000012C0133ECE7691C9E4204F104043FF4FF
:101820001EAE15F8132004F8022C04F8032C04F85B
:10183000042C11F8132004F8012C0133ECE7B9F162
:10184000080F4FEA860200F084802244944205F19A
:1018500008053FF404AE15F8083C237015F8063C63
:10186000637015F8043CA37015F8023CE37004346F
:10187000ECE7022B40F0E3803B78002B3DD1B9F13F
:10188000080F0ED12E44B54204F103043FF4E7AD36
:1018900015F8013B04F8013C04F8023C04F8033C51
:1018A000F1E7B9F1100F0ED19E4204F103043FF4A9
:1018B000D6AD15F8132004F8012C04F8022C04F816
:1018C000032C0133F0E7012707FA09F706EB460678
:1018D000013F0A932644B4423FF4C1AD4A4629462B
:1018E0000AA8FDF73BFCC0EB0020B0FBF7F0C0B24C
:1018F000A070607004F8030BEDE7023B042B3FF689
:10190000AEAD01A252F823F01D1901085D190108BE
:10191000AD1901085F140108F1190108B9F1080FA8
:1019200015D000239E4204F1030405F106053FF49F
:1019300096AD15F8062C04F8032C15F8042C04F8C1
:10194000022C15F8022C04F8012C0133EAE706EB0F
:10195000460229462046FDF7DBFB80E5B9F1080F7A
:101960000ED12E44B5423FF47AAD15F8011BBB6889
:101970002046032203EB8101FDF7CAFB0334F1E7A4
:10198000002306EB46060A932644B4423FF467ADB3
:101990007A6829460AA8FDF7E1FBB968032201EB42
:1019A00080012046FDF7B4FB0334EEE7B9F1080FE0
:1019B0004FF0000317D09E4204F103043FF44FADF3
:1019C00015F8232004F8012C04F8022C04F8032C49
:1019D0000133F0E715F8132004F8012C04F8022C69
:1019E00004F8032C01339E4204F10304F2D136E5DE
:1019F000B9F1080F21D000239E4204F1030405F140
:101A000008053FF42CAD15F8082C04F8032C15F844
:101A1000062C04F8022C15F8042C04F8012C0133D0
:101A2000EAE705EB87010322FDF772FB013707EBBD
:101A30004700BE422044F4D111E50027F7E74FF0FC
:101A400000088DF822808DF824808DF826808DF88E
:101A500028800794A246A146A346B0453FF4FFACB8
:101A60000AAB0DF1260209A90DF12200CDE901878B
:101A70000095FDF721FC9DF826300693059B9DF807
:101A8000221093F800C09DF824209DF82800BCF196
:101A9000000F27D15A68082A0DD104F80810079BB7
:101AA000033308F1010807930BF1060B09F1040950
:101AB0000AF1080AD1E7102A05D1631C03F81810AF
:101AC00004F81810EBE7C2F1080321FA03F34FF012
:101AD000FF31914023EA0103DBB241462046FDF786
:101AE000A8FBDCE7ACF1020CBCF1040FD7D80FF275
:101AF000080E5EF82CF000BF0D1B01083D1B01080D
:101B0000591B01089F1A0108831B0108059B58688F
:101B1000082805D1079B5A70069A19709A70BEE77B
:101B2000069B8BF801108BF800108BF803208BF8C4
:101B300002208BF805308BF80430B0E7069B00904C
:101B40000BA8FDF794FB031E3BDB059A5268082A9D
:101B5000C3D104F80830A2E7059B5B68082B05D1C8
:101B6000631C04F8181003F8180098E7102B96D19E
:101B700089F8011089F8001089F8030089F802003B
:101B80008DE7059B5B68082B09D1069B89F800103F
:101B900089F8012089F8023089F803007FE7069B65
:101BA0008AF801108AF800108AF803208AF80220C7
:101BB0008AF805308AF804308AF807008AF80600A7
:101BC0006DE74FF0520B4CE44FF06B0B2AE400BF73
:101BD0002DE9F8431E46089B07460C46154603B1FF
:101BE0002EB93024C5F87C412046BDE8F883202B6F
:101BF00001D81B24F6E702F198084046FFF7D3FB13
:101C00004046FFF7AAFB3378892B14D17378502B09
:101C100011D1B3784E2B0ED1F378472B0BD13379FA
:101C20000D2B08D173790A2B05D1B3791A2B02D168
:101C3000F3790A2B01D01C24D4E706F108031846D7
:101C4000FDF770FA0D2801D05E24CBE7274918462E
:101C5000FFF7D6F908B91D24C4E706F11000FDF717
:101C600061FA024606F11400FDF75CFA034607B17B
:101C70003A6004B12360317EC5F8A810707E85F803
:101C8000A40096F81A90C5F89890F77EC5F89C7055
:101C900096F81C80C5F8A08002B10BB95D24A1E7BD
:101CA000FDF784FA0446C5F87C0100289CD1B9F1FF
:101CB000000F01D0202495E70FB1212492E7B8F15D
:101CC000010F01D922248DE7AC696CB906F11D0022
:101CD000FDF728FA1121074606F10C00FFF77CF901
:101CE000874281D039247DE73C467DE769B602080A
:101CF0002DE9F04FE1B0CDE90512069ADDF8A8B163
:101D000009901C4600230360CDE9103313600B607B
:101D10006B9B0093DDE905015B462246FFF758FF08
:101D2000C4F87C01002842D1059B04F1A40819687D
:101D3000069B40461D68FFF725FA064604F1780029
:101D4000FFF720FA59B105FB01F3B3FBF1F295421D
:101D50002AD123B1DA00B2FBF3F3082B24D1B0422D
:101D600038BF3046CB0803FB00F21BB1B2FBF3F3E4
:101D7000984219D101F0070343430733DB089B184E
:101D800012D205332CBF0122002207920CD203FB92
:101D900005F2B2FBF3F39D4206D16B9808F0E4FF25
:101DA0000490D8B9532300E05C23C4F87C31D4F804
:101DB0007C01002840F01283636A04F1A40704F157
:101DC000780539462846002B00F00183FDF7E1FF36
:101DD000002800F00683D4F87C01FFE201230BF118
:101DE00021050893D4F87C7167B96B9AA5EB0B03B6
:101DF0000C339A4201D3AB4530D9236A13B91E2361
:101E0000C4F87C31D4F87C3163B994F8A430032B46
:101E100040F01383D4F8AC30002B40F00E836A23DB
:101E2000C4F87C31049808F019FED4F87C318BB9E1
:101E3000069B1968059B42461868FFF7AFF90546EF
:101E400008F092FF099A1060002840F08581532322
:101E5000C4F87C31109808F001FEA8E72846FDF789
:101E600061F9061E04DA236A002BCBD13F23C7E7B2
:101E70006B9A33449A4204D306F10C032B449B45DE
:101E800001D94023BCE7A649284605F10809FFF718
:101E9000B7F8C8B1079B16EB030A2CBF0127002730
:101EA00001D35F23ACE76B9B5345FAD3049B0798A0
:101EB000324618444946FDF72BF90323CDF81CA000
:101EC00008934FF0000A18E096492846FFF798F863
:101ED0008246002840F0FA8093492846FFF790F8A0
:101EE000B8B1324649464046FEF729F80746C4F8DD
:101EF0007C01002886D102230893A2693A4340F06E
:101F0000E8802846FFF79BF8002800F0E28039239C
:101F100076E786492846FFF773F848B132464946C6
:101F20004046FDF7C8FDC4F87C010028C9D069E728
:101F30007F492846FFF764F830B13246494604F13C
:101F40009800FDF7F7FDEEE77A492846FFF758F8C5
:101F500048B1A36A002BB4D03246494604F1980038
:101F6000FFF741F9DFE774492846FFF749F850B118
:101F7000A36A002BA5D033464A46214604F19800B7
:101F8000FEF74DFECFE76D492846FFF739F8824648
:101F900050B1A36A002B94D033464A46214604F13F
:101FA0009800FEF79EFEBEE765492846FFF728F831
:101FB000F0B1072E1AD10122C4F8F420297A6A7AE6
:101FC00002EB0122C4F8F820AA7AC4F8FC20EA7ACD
:101FD000C4F800212A7BC4F804216A7BC4F80821D4
:101FE000AA7BC4F80C21C4F87CA16AE7492307E75F
:101FF00054492846FFF704F8824630B13246494634
:1020000004F19800FDF7F3FE8DE74F492846FEF7EF
:10201000F7FF98B1042E0FD10122C4F82021297AAC
:102020006A7A02EB0122A97A01EB0221EA7A02EB39
:102030000122C4F82421D6E76023E1E6434928467B
:10204000FEF7DEFF30B13246494604F19800FDF755
:10205000F0FE68E73E492846FEF7D2FF68B1012E40
:1020600009D10123C4F84C312B7AC4F85031002334
:10207000C4F87C3125E76223C2E636492846FEF7DC
:10208000BFFF824638B133464A46214604F19800E4
:10209000FFF7FEF847E7E26922B92A79930601D4EF
:1020A0004523ADE6E26A7AB1089B03F1580080004F
:1020B00000F10C012A4621442044FEF7FEFFC4F83B
:1020C0007C0100287FF49EAE012716E74FF0010A3D
:1020D00013E7BAF1000F7FF495AE6B9B28460BEB2C
:1020E0000301FEF7BEFF05467CE632463946284628
:1020F000FDF78CF88146079B00930194049B4A46A8
:1021000011A910A8FEF756FDC4F87C0100287FF441
:1021100089AE119B99453FF485AE5B2380E600BFF5
:10212000A0B60208A5B602085FB602086EB602089D
:1021300073B6020864B6020878B602087DB60208D3
:1021400082B6020887B602088CB6020891B6020869
:1021500096B602089BB60208D4F87C71002F7FF473
:1021600079AE2946FDF765FF4046FFF70BF80646B6
:10217000002800F02981099B1B680A93109B049397
:10218000059B1B680793069BD3F80080D4F8A0300A
:1021900033BB07281BD8079B00FB03F909F107078E
:1021A00027F00707B94512D004990090079A4346D3
:1021B0000846FDF799FA089038B904990A98CDF8BD
:1021C00000803B464A46FDF752FC089B40E6079AD2
:1021D00004990A9800964346FDF786FA0890F4E7BA
:1021E000079B01930DF1C00B40AB0DF16C0ACDE9DB
:1021F000028000935A4638AB514614A8FDF7F6F911
:102200000DF1E00959F8043B049A5BF82710049893
:10221000D3181D4614AB014453F827205AF8273031
:1022200000962846CDE90B23FDF75EFA08900028BA
:10223000CBD1072EDDE90B230CD8724340A8D11D6A
:1022400050F82700009321F007032946049D2844F5
:10225000FDF70DFC0137072FD4D1079B019358AB35
:102260000093CDE9028650AB48AA29A922A8FDF720
:10227000BDF9072E54D9F0080DF1A40A00225AF82E
:10228000043B0C9393000D93924B03EB82030E934C
:10229000914B03EB82030F93904B002603EB820BD1
:1022A0000C9B9E4238D022AB8D4D53F822300B93BD
:1022B00003FB00F10D9B71434FF0000C03EB05098C
:1022C00025E058AB079D53F8223001EB030E049B29
:1022D00003EB0E080E9B1F680F9B1B6807FB063362
:1022E000DBF8007005FB0373D9F800700A9D07FB4B
:1022F0000C3300FB0353049D2F18774418F801EBAF
:1023000003F801EBB845F9D10CF1010C01440B9B2A
:102310006345D6D10136C3E70132072AAFD154E76E
:10232000079B73430C93002522AB4FF0000853F832
:102330002530079373430B93664B03EB85034746A6
:102340004FEA850B0D9329AB53F825309F4237D3C5
:102350000135072DE8D138E758AB5F4A53F82530EF
:1023600052F80B2008EBC303534413930D9B1B68D7
:1023700003FB07225A4B53F80B10584B53F80B3002
:1023800001FB09330C99734301FB023312930023C1
:1023900004990E9313A8FCF7D5FE0A99024612A8D9
:1023A000FCF7EFFE0E9B01339E42F1D109F10109CA
:1023B000B244079B4B45CFD10B9B01379844C2E7F2
:1023C0004FF0000AD146F4E71F230893FDE6FEF71D
:1023D000BBFEC4F87C0100283FF4FDAC61B0BDE851
:1023E000F08F94F8783003F0FB03022B02D0E36FF8
:1023F000082B20D1099B1E68069B1968059B2A465D
:102400001868FEF7CBFE08F0AFFC099A106080B1A7
:10241000069B1B680193059B1B6800932A463B465D
:102420003146FEF7DDFFC4F87C01304608F016FBAC
:10243000D1E45320F7E73820D0E74046FEF7A2FE6C
:10244000059BD4F8A0101D68069B06461F6800294E
:102450003FF44BAEF91DE81D3246C908C008FCF731
:10246000D5FE042D824605F1030904D94FEAD900AF
:10247000FCF7CCFE824407F1030B4FEA9900324689
:102480004FEADB01FCF7C2FE022D00EB0A0905F161
:10249000010A06D94FEA9B014FEA9A00FCF7B6FE03
:1024A000814407F1010B32464FEA9B014FEA5A0083
:1024B000FCF7ACFE012D814405D94FEA5B016808A9
:1024C000FCF7A4FE8144324679082846FCF79EFEBC
:1024D000814410E6B4B60208ECB6020808B7020858
:1024E000D0B6020801224FF08071C0E90922002213
:1024F000C0E90B21C0E9062241630262FEF763BD19
:1025000010B504467830FEF715FE04F19800BDE8DA
:102510001040FEF748BF10B5FEF744FD0522012329
:1025200080F82C200022C0E90C22C0E90E2383622F
:10253000436210BD10B5FFF7D5FF04463830FFF7F2
:10254000EAFF04F17800FEF7E9FD04F19800FEF7D8
:1025500004FF0123C4F87C3110BDF0B5E3B004469C
:1025600002A81F460D461646FFF7E4FF9DF8A4316A
:102570008DF880306A9B21930023CDE90C33689B52
:102580003246CDE90073294602AB2046FFF7B0FB87
:10259000044602A8FFF7B4FF204663B0F0BD1FB5A4
:1025A0004FF0080C0624CDE9014C069C0094FFF77F
:1025B000D4FF04B010BD30B500EB810102468A4261
:1025C00000F1030000D130BD13785478957803F002
:1025D000F80343EA5413ED08A40843EA052343EA49
:1025E0004433D47800F8014CC3F3072400F8024CBC
:1025F00000F8033C0432E2E7886910B50C4618B1D4
:1026000008F02CFA0023A36110BD0000F0B50C7C8B
:1026100089B00026012C0D4603962AD14F68384612
:10262000EDF7E0FD03381F493844EDF7D1FD28B937
:102630003A4605A904A8FEF771FC18B1002420460B
:1026400009B0F0BD059B009307AA049B06A903A847
:10265000FFF7A5FF0646049808F000FA002EEDD11A
:10266000DDE9063103985943FFF7A5FF039BAB61F2
:10267000E5E7A4B94B685A6800929B6807AA06A9C7
:1026800003A8FFF78CFF0028D9D1DDE906310398B4
:102690005943FFF790FF039BAB610124CFE734461A
:1026A000CDE700BF48BD020870B5084686B00E46AB
:1026B0001546F4F7ABF9012804463CD13046EDF756
:1026C00091FD03382D493044EDF782FD30B90222E7
:1026D000314603A807F0F0FF024608B1002427E0C6
:1026E000102103A807F074FF6B46082201A903A874
:1026F00007F0B9FE009B082BF0D103A807F094FE69
:10270000DDE90121130A23F0FF0303EB1263C3F396
:102710000A030A0A9B0222F0FF0202EB116243F055
:10272000020343EA42532A6802F4407213432B60C7
:10273000204606B070BD0028D0D1114A10685168FB
:1027400003AB03C30822B16803A817F03DFF0028BC
:10275000EED13368C3F38A22337803F01F0343EAD0
:1027600082237288C2F34A1243EA42532A6802F46F
:10277000407213432B600124DAE700BF48BD020812
:102780004CBD020810B5F6F779FE07490446F6F786
:102790009FFE20460549F6F79DFE20460449BDE808
:1027A0001040F6F799BE00BFA92601080D260108C2
:1027B000F925010808B5FBF739FFFCF74DFCBDE82A
:1027C0000840FFF7DFBFF0B5C0F3423300F0070465
:1027D00003EBC40301F00705C1F34234C2F1FF0665
:1027E00004EBC504744302FB0344C1F3C403C0F308
:1027F000C407734307FB023348F2810580348033FA
:102800006C436B43C3F3C453C4F3826747EAC30703
:10281000C1F30423C0F30420734300FB023380336D
:102820006B43C3F3C45347EA0323E00D43EA40304C
:10283000F0BD4FF0FF3070472DE9F04108460C46DF
:10284000F2F78EFE024668B9B04D29682046F2F7CD
:1028500027F929684FF480320C312046F2F720F92D
:10286000296827E0AA492046EFF750F806460028D5
:1028700061D02046F2F774FEA6490646EFF746F807
:102880000546002840F0B3803046F2F769FEA149C2
:10289000EFF73CF8A8B19D4E31682A46C03120467A
:1028A000F2F7FEF831684FF480320C312046F2F72F
:1028B000F7F83168984A18312046BDE8F041F2F740
:1028C000EFB82046F2F762FE054688B92046F2F7D7
:1028D00047FE9249EFF71AF850B18C4E31682A46FC
:1028E0006C312046F2F7DCF831682A46A831E3E77C
:1028F0002046F2F74BFE012810D12046F2F730FEB9
:102900008649EFF703F848B1804D00222968204638
:10291000F2F7C6F829680022C03197E72046F2F79F
:102920001FFE7F49EEF7F2FF024600285FD1774D88
:10293000296824318AE77B492046EEF7E7FF054600
:10294000002856D0714D2968324630312046F2F7C2
:10295000A7F8296832463C312046F2F7A1F82968E9
:10296000324601F59C712046F2F79AF82968202238
:1029700084312046F2F794F82968202201F5A271EB
:102980002046F2F78DF829680422F0312046F2F74C
:1029900087F82968202201F596712046F2F780F821
:1029A0002968012254312046F2F77AF829688022FA
:1029B00090312046F2F774F82046F2F7D1FD5A49DB
:1029C000EEF7A4FF58B12968002201F52E712046C8
:1029D000F2F766F82968202201F534716CE7204689
:1029E000F2F7BEFD5149EEF791FF0028EBD1BDE8AB
:1029F000F0814F492046EEF789FF074628B1434B47
:102A000019682A4601F5FC7156E74A492046EEF757
:102A10007DFF0646002800F0FB802046F2F7A0FD6F
:102A200045493A4DEEF772FF804678B329683A4639
:102A300001F53D712046F2F733F829683A46CC316A
:102A40002046F2F72DF829684FF4A02230312046B5
:102A5000F2F726F82968394A84312046F2F720F83F
:102A60002968374A90312046F2F71AF82968354A22
:102A70003C312046F2F714F82968334A48312046A1
:102A8000F2F70EF82968314A603115E72046F2F76F
:102A900067FD2049EEF73AFF0646002858D029681E
:102AA000424678312046F1F7FBFF29680422F031D5
:102AB0002046F1F7F5FF2968042201F552712046FE
:102AC000F1F7EEFF29681D4A84312046F1F7E8FF4F
:102AD00029681C4A48312046F1F7E2FF2968194A63
:102AE00001F555712046F1F7DBFF2968164AF031F0
:102AF0002046F1F7D5FF2968144AFC312046F1F74A
:102B0000CFFF2968104A01F55271D5E6D80200209E
:102B1000E8B4020864C7020840000100B8C7020810
:102B2000A4BD02088CFF0208DCC50208F8C5020833
:102B30009C000308A8FF020810C702082000050037
:102B400080000500010005000400050008000500E4
:102B50002046F2F705FDBC49EEF7D8FE296802468B
:102B600078B3324601F510712046F1F799FF2968D4
:102B70000422F0312046F1F793FF29680822FC3146
:102B80002046F1F78DFF29684FF4A02201F513715B
:102B90002046F1F785FF2968AC4A84312046F1F7D9
:102BA0007FFF2968AA4A90312046F1F779FF29680A
:102BB000A84AF0312046F1F773FF2968A64AFC3194
:102BC0007AE624312046F1F76BFF29680422F031C0
:102BD0002046F1F765FF29680822FC312046F1F70D
:102BE0005FFF29684FF4A02230312046F1F758FFEB
:102BF0002968974A90312046F1F752FF2968934A95
:102C000084312046F1F74CFF2968944A3C31CBE7E8
:102C100093492046EEF77AFE074630B3914D296876
:102C2000324648312046F1F73BFF2968324601F52C
:102C300084712046F1F734FF29680422F0312046E0
:102C4000F1F72EFF29680822FC312046F1F728FF12
:102C500029684FF400323C312046F1F721FF296802
:102C60004FF4003201F5847126E67F492046EEF7E5
:102C70004DFE0646002844D07A4D29683A46483130
:102C80002046F1F70DFF29683A4601F58471204688
:102C9000F1F706FF29680422F0312046F1F700FF22
:102CA00029680822FC312046F1F7FAFE29684FF422
:102CB00000323C312046F1F7F3FE29684FF4003230
:102CC00001F584712046F1F7EBFE29684FF440329C
:102CD00001F5B4712046F1F7E3FE2968634A01F576
:102CE00096712046F1F7DCFE29684FF4403201F579
:102CF0009C712046F1F7D4FE29685C4A01F5A27167
:102D0000DAE55B492046EEF701FE0746002852D07F
:102D1000544D2968324624312046F1F7C1FE296816
:102D200032469C312046F1F7BBFE2968324601F558
:102D30008A712046F1F7B4FE29680422F03120465A
:102D4000F1F7AEFE29680822FC312046F1F7A8FE13
:102D500029684FF480320C312046F1F7A1FE296832
:102D6000444A18312046F1F79BFE29684FF4A0220F
:102D700078312046F1F794FE29684FF4A02201F53E
:102D800001712046F1F78CFE29684FF4A022C03172
:102D90002046F1F785FE29682C4A84312046F1F758
:102DA0007FFE29682B4A3C312046F1F779FE2968DD
:102DB000294A543180E530492046EEF7A7FD002826
:102DC00062D0284D29683A46CC312046F1F768FE9A
:102DD00029680422F0312046F1F762FE2968274A6B
:102DE00090312046F1F75CFE29684FF4003201F57E
:102DF000EA712046F1F754FE2968214A3C31204609
:102E0000F1F74EFE29681E4A01F5F0712046F1F7F0
:102E100047FE29681B4A84312046F1F741FE2968A4
:102E2000184A01F596712046F1F73AFE2968154ACD
:102E300001F5A2712046F1F733FE29684FF4003204
:102E400001F59C7138E500BFA4BD02082000050013
:102E500080000500040005000800050001000500D1
:102E600070FF0208D80200202001030820000300A0
:102E70005801030840000100E8FF0208800002003A
:102E80000100020020000200C6492046EEF73EFD88
:102E900000285CD0C44D296800226C312046F1F72F
:102EA000FFFD2968002201F584712046F1F7F8FD45
:102EB0002968002201F5AE712046F1F7F1FD29687D
:102EC000802290312046F1F7EBFD29680422F03191
:102ED0002046F1F7E5FD2968B44A3C312046F1F778
:102EE000DFFD29684FF4003201F584712046F1F7C7
:102EF000D7FD2968AE4A90312046F1F7D1FD296807
:102F00004FF4403201F5B4712046F1F7C9FD29684C
:102F10004FF4403278312046F1F7C2FD29684FF472
:102F2000403201F5F6712046F1F7BAFD2968A14A51
:102F300090312046F1F7B4FD29689C4A01F5A27151
:102F40002046F1F7ADFD29684FF40032D6E69A49E4
:102F50002046EEF7DBFC064600283ED0924D29685D
:102F6000002224312046F1F79BFD29680022B4316C
:102F70002046F1F795FD2968002201F5DE71204613
:102F8000F1F78EFD29684FF480320C312046F1F7BD
:102F900087FD2968894A18312046F1F781FD2968A3
:102FA0004FF4A02201F5CC712046F1F779FD296894
:102FB0004FF4003201F5D2712046F1F771FD296816
:102FC0004FF4C02201F5D8712046F1F769FD296858
:102FD0004FF4E02201F5CC716EE479492046EEF71A
:102FE00095FC074650B3704D29683246243120467F
:102FF000F1F756FD2968324601F5A8712046F1F730
:103000004FFD29683246D8312046F1F749FD29683D
:103010003246E4312046F1F743FD29680422F031BD
:103020002046F1F73DFD29680822FC312046F1F7E2
:1030300037FD29684FF480223C313DE46149204648
:10304000EEF764FC064650B3574D29683A462431E2
:103050002046F1F725FD29683A46B4312046F1F7BC
:103060001FFD29683A4601F59C712046F1F718FDCD
:103070002968202201F5A2712046F1F711FD296887
:10308000202284312046F1F70BFD29680422F0311B
:103090002046F1F705FD29680822FC3150E74A492E
:1030A0002046EEF733FC0746002839D03E4D29680C
:1030B000324624312046F1F7F3FC2968324601F507
:1030C00090712046F1F7ECFC29683246D831204651
:1030D000F1F7E6FC2968324601F5E4712046F1F784
:1030E000DFFC29684FF480320C312046F1F7D8FC20
:1030F0002968324A18312046F1F7D2FC29684FF48A
:10310000802278312046F1F7CBFC29682F4A3C31E8
:103110002046F1F7C5FC29682D4A8431FFF7CCBB66
:103120002C492046EEF7F2FB0646F0B11E4D296809
:103130003A4601F5C0712046F1F7B2FC29684FF418
:10314000003201F5C0712046F1F7AAFC29684FF45E
:10315000003201F5C6712046F1F7A2FC29684FF450
:10316000403201F5B471FFF7A7BB1B492046EEF7CB
:10317000CDFB054690B30C4D2968324601F5C07170
:103180002046F1F78DFC29684FF4003201F5C0713B
:103190002046F1F785FC29684FF4003201F5C6712D
:1031A000FFF78ABB3C010308D8020020010002009F
:1031B00080000200800003001CC1020840000100E2
:1031C0000401030840000308240003080100040070
:1031D0002000040054FF020848C70208B6492046F0
:1031E000EEF794FB0646A0B1B44E31682A4624316E
:1031F0002046F1F755FC31682A4601F584712046D6
:10320000F1F74EFC31684FF4003201F50771FFF71A
:1032100053BBAB492046EEF779FB054698B3A74D63
:103220002968324624312046F1F73AFC29683246B3
:10323000B4312046F1F734FC29680422F0312046ED
:10324000F1F72EFC29680822FC312046F1F728FC12
:1032500029684FF480320C312046F1F721FC2968AF
:10326000984A18312046F1F71BFC2968964A01F567
:103270000A712046F1F714FC29684FF4002201F589
:103280000D71FFF719BB91492046EEF73FFB58B18E
:103290008A4E31682A4624312046F1F701FC316814
:1032A00000229C31FFF708BB89492046EEF72EFB30
:1032B00030B1824B1968002201F51671FFF7FCBA94
:1032C00084492046EEF722FB07460028F1D18249C7
:1032D0002046EEF71BFB0646002843D0774D3A46C2
:1032E00029682046F1F7DCFB7C4B29681B78012B11
:1032F0000CBFB431A83100222046F1F7D1FB296878
:103300000422F0312046F1F7CBFB29680822FC317A
:103310002046F1F7C5FB29684FF4A0223031204642
:10332000F1F7BEFB29686E4A90312046F1F7B8FBF1
:1033300029684FF4A02278312046F1F7B1FB2968C3
:103340004FF4A02201F543712046F1F7A9FB29684B
:10335000644A84312046F1F7A3FB2968624A6C3144
:10336000FFF787BB61492046EEF7D0FA054660B10A
:10337000524D2968324624312046F1F791FB2968E5
:10338000324601F54671FFF761BA59492046EEF71A
:10339000BDFA064660B1494E31682A466C31204676
:1033A000F1F77EFB31682A4601F54C71FFF784BACC
:1033B00050492046EEF7AAFA054620B33F4D29684A
:1033C000324678312046F1F76BFB2968324601F529
:1033D00049712046F1F764FB296804223C312046FC
:1033E000F1F75EFB2968042201F54C712046F1F7E4
:1033F00057FB2968202201F54C712046F1F750FB5C
:103400002968202289E63C492046EEF77FFA0646E5
:1034100060B12A4E31682A4624312046F1F740FB3C
:1034200031682A4601F51C71FFF746BA3349204638
:10343000EEF76CFA054630B1204D2968324601F5A9
:103440002271FFF703BA2E492046EEF75FFA0646CF
:1034500030B11A4E31682A4601F52571FFF71FBABF
:1034600028492046EEF752FAC8B1144D2968324671
:1034700001F51F712046F1F713FB2968202201F5A1
:1034800034712046F1F70CFB29682122483120468F
:10349000F1F706FB296801224831FFF70DBA1A49F6
:1034A0002046EEF733FA88B3044D2968002201F56F
:1034B0002B71FFF78CBA00BFD8C60208D8020020D3
:1034C000780103084000010002000700A4BD0208C3
:1034D00054BE0208FCC0020850C50208B202002017
:1034E000800005002000050001000500C0C502089D
:1034F00088C50208A4C50208BCC6020830C6020876
:1035000014C6020884C60208DCC5020865492046C4
:10351000EEF7FCF906460028C6D163492046EEF7CF
:10352000F5F9054630B1614D2968324601F528713B
:10353000FFF78CB95E492046EEF7E8F9064630B150
:103540005A4B19682A4601F53171FFF7B5B9594947
:103550002046EEF7DBF9054630B1544B1968324688
:1035600001F53771FFF7A8B953492046EEF7CEF9B8
:10357000074660B14D4E31682A4624312046F1F7A6
:103580008FFA31682A4601F53A71FFF795B94B4930
:103590002046EEF7BBF9064630B1444B19683A466F
:1035A00001F54071FFF788B945492046EEF7AEF9BD
:1035B0000546E0B13D4D2968324624312046F1F7F9
:1035C0006FFA29683246B4312046F1F769FA296862
:1035D0000422F0312046F1F763FA29680822FC3111
:1035E0002046F1F75DFA29684FF4E02224E53549D9
:1035F0002046EEF78BF920B12C4E2A463168FFF7B2
:103600004EB931492046EEF781F910B1274DFFF749
:1036100020B92E492046EEF779F938B1234D002222
:1036200029682046F1F73CFA296839E628492046FE
:10363000EEF76CF9054630B11C4B1968002201F514
:103640009071FFF739B923492046EEF75FF9064636
:10365000D0B1164E31682A4601F519712046F1F7AE
:103660001FFA31682A46C0312046F1F719FA31684D
:103670004FF4403278312046F1F712FA31684FF4B6
:103680004032C031FFF718B913492046EEF73EF932
:1036900000283FF4ACA9054B1968324601F5587172
:1036A000FFF70AB9F8C50208A0C60208D802002030
:1036B00068C602084CC6020810C70208F4C6020811
:1036C0002CC702089CC7020880C7020864C702080A
:1036D000B8C7020838C102086CC5020838B50A4BE1
:1036E0001B6ADB070C4615464FF002014FF0120033
:1036F00007D506F083FE2A462146BDE83840FFF78D
:1037000062B806F069FEF6E7B402002038B5044658
:103710000D4608F095F929462046BDE8384008F0E6
:1037200094B938B504460D4608F076F92946204686
:10373000BDE8384008F075B90846114606F0CFBD1F
:1037400038B504460D4608F049F929462046BDE83B
:10375000384008F04DB938B504460D4608F066F912
:1037600029462046BDE8384008F065B938B504461A
:103770000D4608F05BF92946204608F05CF9294619
:10378000204608F049F929462046BDE8384008F0AF
:1037900048B90000034B1B780BB107F05DBF07F081
:1037A00051BF00BFA802002038B50C46054606F000
:1037B0001FF96043EF280ADD284606F019F9502367
:1037C00004FB0030A02390FBF3F000B238BD0120D1
:1037D000FCE700002DE9F04FA54DA64C85B09846BA
:1037E0002B680E9F03908A4691463BB9A24A4FF43C
:1037F0005B70137007F0B8FA2860206006F0D2F80A
:1038000006F0D6F8B0F5A07F41F3B58106F0CAF80E
:1038100006F0CEF8B0F5347FB4BF02230123974EF3
:10382000974D3370039BEB60964BEF61C5E90577CD
:10383000DFF868B2944FA5F810A0A5F812902B609D
:10384000C5F82080B8F1000F01F098814AF21033DA
:10385000ABF800300521122006F0BEFD2B6ADFF820
:103860004092DFF84082388013F0010F01F096811A
:1038700044F22963A9F8003048F22963A8F800301F
:103880004FF0000A4623CDE9003A804A804981483A
:10389000502307F09DFF7D4A7D497F485023CDE9A5
:1038A00000AA07F095FF206800F59C70FFF772FFF3
:1038B0002068784900F59C7008F083F9206800F5CD
:1038C000A270FFF767FF2068734900F5A27008F047
:1038D00078F920680C30FFF75DFF236803F10C0ACC
:1038E0002B6ADA0741F166810221122006F086FD7B
:1038F0000146504608F0AEF8206847F6FF710C30DC
:1039000008F04BF92368E868072103F10C0AFFF778
:103910004BFF01465046FFF729FF2368E868052161
:1039200003F10C0AFFF740FF0146504608F056F835
:10393000206866210C3008F096F8206856490C3053
:1039400008F03FF920681830FFF724FF2068FF21B6
:10395000183008F088F82068FFF71CFF2068FF2166
:1039600008F081F8BBF80010206808F073F8398877
:10397000206808F0F9F83378D4F800A0012B41F062
:103980001E81E8680E21FFF70FFF0146504608F040
:1039900057F83378D4F800A0012B41F01781E8687C
:1039A0000E21FFF701FF0146504608F04EF820684F
:1039B0002430FFF7EFFE2368E86803F1240A337828
:1039C000012B0CBF0C210821FFF7EEFE01465046EB
:1039D00008F0E3F82068FF21243008F044F820685C
:1039E000B9F80010243008F035F82068B8F8001055
:1039F000243008F04AF82368E868022103F1240A19
:103A0000FFF7D2FE0146504608F04CF8206801212D
:103A1000243008F050F820683988243008F0A4F8E1
:103A2000236803F1240A3378012B41F0D680E8683B
:103A30001821FFF7B9FE01465046FFF797FE2368AD
:103A400003F1240A3378012B41F0CE80E8680E217F
:103A5000FFF7AAFE0146504607F0F2FF236803F184
:103A6000240A3378012B41F0C680E8680E211BE060
:103A700020030020D8020020A8020020B20200206B
:103A8000B402002039280108AE020020899A0108FA
:103A90005ABD02089402002080020020B0020020DB
:103AA000AC020020AA020020FFF77EFE014650462D
:103AB00007F0CBFF2368122003F1240A06F082FCF2
:103AC0000146504608F035F82368E868012103F103
:103AD000240AFFF769FE0146504608F025F82068E1
:103AE000F030FFF757FE2068298AF03007F0ECFF2E
:103AF0002368E868032103F1F00AFFF755FE014649
:103B0000504607F0DCFF2368E868032103F1F00A60
:103B1000FFF74AFE0146504607F0E4FF20687F2188
:103B2000F03007F0DAFF2068FC30FFF733FE206842
:103B3000698AFC3007F0C8FF2368E868032103F1B5
:103B4000FC0AFFF731FE0146504607F0B8FF206837
:103B50007F21FC3007F0C1FF20683030FFF71AFEEC
:103B6000236803F1300A3378012B41F04B80E86879
:103B70001021FFF719FE0146504608F00EF82068A4
:103B8000FF21303007F06FFF2068B8F800103030A8
:103B900007F060FF2B6A13F0010A43D1236812205B
:103BA00003F1300B06F00EFC0146584607F0AEFF5D
:103BB0002368504603F1300B05F01AFF00EB40007C
:103BC000EF2841F32680504605F012FF03235021D1
:103BD00000FB0311A02391FBF3F109B2584607F053
:103BE00086FF20687F21303007F099FF2368D5F8E1
:103BF0000CB0002003F1300A05F0FAFE3B2841F337
:103C00000B80002005F0F4FE282300F1140191FB45
:103C1000F3F121B109B25846FFF7C6FD01465046FF
:103C200007F06AFF20683988303007F09DFF23686D
:103C300003F1300A3378012B40F0F187E86818214E
:103C4000FFF7B2FD01465046FFF785FD236803F1FB
:103C5000300A3378012B40F0E987E8680E21FFF73E
:103C6000A3FD01465046FFF75CFD2368E868DFF8D6
:103C700024B2052103F1300AFFF796FD01465046B4
:103C800007F0E3FE2368E868052103F1300AFFF737
:103C90008BFD0146504607F0D3FE2068DFF8F8A1FF
:103CA0007A4BCBF800308430794BCAF80030FFF7FC
:103CB00071FD20685946843007F077FF2068232182
:103CC000843007F076FF20689030FFF763FD2068AE
:103CD0005146903007F069FF20687F21903007F04F
:103CE00068FF206800F59070FFF754FD20680121FF
:103CF00000F5907007F055FF2068012100F59070E5
:103D000007F0D9FE2068C030FFF744FD236803F1B7
:103D1000C00A3378012B40F09087E8681821FFF73C
:103D200043FD01465046FFF721FD236803F1C00A19
:103D30003378012B40F08887E8681821FFF734FDBD
:103D40000146504607F07CFE236803F1C00A337831
:103D5000012B40F08087E8681821FFF725FD014618
:103D6000504607F072FE2068B430FFF713FD236859
:103D700003F1B40A3378012B40F07487E8680E2110
:103D8000FFF712FD01465046FFF7F0FC236803F1F0
:103D9000B40A3378012B40F06C87E8680E21FFF7F6
:103DA00003FD01465046FFF7B1FC2068CC30FFF719
:103DB000F1FC2368E8680A2103F1CC0AFFF7F4FC60
:103DC0000146504607F03CFE2368E8680A2103F1EB
:103DD000CC0AFFF7E9FC0146504607F036FE2068A2
:103DE000D830FFF7D7FC2368E868142103F1D80A1C
:103DF000FFF7DAFC0146504607F0C5FE2068E430C4
:103E0000FFF7C8FC20680221E43007F0C1FE2068FB
:103E10009C30FFF7BFFC206800219C30FFF7A6FC18
:103E2000206800219C3007F00BFE206800219C30A8
:103E300007F00BFE2068A830FFF7ACFC236803F105
:103E4000A80A3378012B40F01B87E8680821FFF7A8
:103E5000ABFC01465046FFF789FC236803F1A80A32
:103E60003378012B40F01387E8680821FFF79CFCAA
:103E70000146504607F0E4FD236803F1A80A3378B1
:103E8000012B40F00B87E868082107E0393701086B
:103E9000DD3601087802002070020020FFF784FC64
:103EA0000146504607F0D1FD20683C30FFF772FC18
:103EB0002068298A3C3007F0CDFD206800F13C03E2
:103EC000FEF7B7FC0146184607F04EFE2068FF21BA
:103ED0003C3007F0C8FD20684830FFF75BFC2068E5
:103EE000298A483007F0B6FD2068298A483007F053
:103EF0003BFE20683321483007F0B5FD2068543080
:103F0000FFF748FC2068698A543007F0A3FD206859
:103F100000F15403FEF78DFC0146184607F024FE1D
:103F20002068FF21543007F09EFD20686030FFF7C5
:103F300031FC2068698A603007F08CFD2068698A4E
:103F4000603007F011FE20683321603007F08BFDF0
:103F500020686C30FFF71EFC2068B8F800106C3049
:103F600007F078FD2068FF216C3007F07CFD2068A9
:103F700039886C3007F0F8FD20687830FFF70AFCCC
:103F80002068B9F80010783007F064FD2068FF2140
:103F9000783007F068FD20683988783007F0E4FD54
:103FA000206800F58470FFF7F5FB206847F6FF7185
:103FB00000F5847007F0F1FD206800F58A70FFF7C6
:103FC000E9FB2068002100F58A7007F0E6FD206813
:103FD00000F59670FFF7DEFB2368E868032103F520
:103FE000967AFFF7E1FB0146504607F00BFD236888
:103FF000E868032103F5967AFFF7D6FB01465046A1
:1040000007F005FD206800F5B470FFF7C3FB2068DA
:10401000298A00F5B47007F01DFD2068FF2100F526
:10402000B47007F020FD2368E868062103F5B47A30
:10403000FFF7BAFB01465046FFF798FB206847F6AA
:10404000FF7100F5B47007F0A8FD206800F5A870B6
:10405000FFF7A0FB2068C82100F5A87007F0ADFDB0
:10406000206800F5AE70FFF795FB2068782100F519
:10407000AE7007F0A2FD206800F5C070FFF78AFB64
:104080002068B8F8001000F5C07007F064FD2368E0
:10409000E8680F2103F5C07AFFF786FB014650461A
:1040A00007F050FD2068012100F5C07007F04FFDBA
:1040B000206800F5C670FFF76DFB2068298A00F5BF
:1040C000C67007F048FD206800F5E470FFF762FB5A
:1040D00020684FF4827100F5E47007F08EFC2068D0
:1040E00000F5EA70FFF756FB2368E868032103F543
:1040F000EA7AFFF759FB01465046FFF737FB236882
:10410000E868022103F5EA7AFFF74EFB01465046C4
:1041100007F0C8FC2068298A00F5EA7007F0B5FCB2
:104120002068B9F8001000F5EA7007F093FC2068E9
:10413000FF2100F5EA7007F096FC2368E86803F5B4
:10414000EA7A3378012B0CBF0C210821FFF72CFBF6
:1041500000EBD07040F34F01504607F01EFD206881
:1041600000F5F070FFF716FB2068AC4900F5F07021
:1041700007F086FC206800F5F073FEF75AFB014655
:10418000184607F0F1FC2068696900F5F07007F047
:10419000F5FC206800F5F670FFF7FCFA2368E86884
:1041A000042103F5F67AFFF7FFFA414209B25046BF
:1041B000FFF7DCFA206800F5F673FEF73AFB0146DC
:1041C000184607F047FC206800F5FC70FFF7E2FA9C
:1041D0002068012100F5FC7007F0A6FC20683988F2
:1041E00000F5FC7007F0A5FC206800F5DE70FFF715
:1041F000D1FA2068002100F5DE7007F05CFC23682E
:10420000E8680A2103F5DE7AFFF7CEFA0146504648
:1042100007F01BFC2068B8F8001000F5DE7007F00E
:1042200088FC206800F5CC70FFF7B4FA2368E868D2
:10423000032103F5CC78FFF7B7FA0146404607F0B3
:1042400073FC2368E868032103F5CC78FFF7ACFA28
:104250000146404607F0A1FC2368E868082103F501
:10426000CC78FFF7A1FA01464046FFF769FA2368C8
:10427000E868022103F5CC78FFF796FA014640463C
:1042800007F0E3FB206800F5D270FFF783FA20689F
:1042900047F6FF7100F5D27007F07FFC2368E868ED
:1042A000082103F5D278FFF77FFA01464046FFF771
:1042B00047FA2068298A00F5D27007F0CBFB206806
:1042C000FF2100F5D27007F0CEFB206800F5D87012
:1042D000FFF760FA2368E868012103F5D878FFF753
:1042E00063FA0146404607F01FFC2068398800F554
:1042F000D87007F01EFC2368E868022103F5D8781F
:10430000FFF752FA01464046FFF730FA23681220C1
:1043100003F5D87806F056F80146404607F024FC2D
:10432000206800F51C70FFF735FA2068002100F5C1
:104330001C70FFF71BFA2068002100F51C70FFF7C6
:10434000E5F92068002100F51C7007F026FC2068C4
:10435000012100F51C7007F024FC2068002100F505
:104360001C7007F0A4FB206800F53170FFF712FA0B
:104370002368E86803F531783378012B0CBF0C21F2
:104380000821FFF711FA0146404607F006FC2068B5
:10439000012100F5317007F004FC2068FF2100F5D1
:1043A000317007F060FB2068B9F8001000F531703B
:1043B00007F050FB2068398800F5317007F0D4FB16
:1043C000206800F51F70FFF7E5F9236803F51F78F3
:1043D0003378012B40F06984E8680E21FFF7E4F997
:1043E00001464046FFF7B7F9236803F51F78337895
:1043F000012B40F06184E8680E21FFF7D5F90146F2
:104400004046FFF78EF9236803F51F783378012BB8
:1044100040F05984E8680E2102E000BF55BD020853
:10442000FFF7C2F901464046FFF770F92368E868D4
:10443000012103F51F78FFF7B7F90146404607F061
:1044400031FB2068192100F51F7007F027FB206859
:10445000398800F51F7007F018FB2068002100F56F
:104460001F7007F024FB206800F52270FFF792F917
:104470002068002100F52270FFF778F920680021FC
:1044800000F52270FFF742F92368E868012103F57F
:104490002278FFF789F90146404607F003FB2068C0
:1044A000192100F5227007F0F9FA2068398800F523
:1044B000227007F0EAFA2068082100F5227007F060
:1044C000F6FA206800F52570FFF764F920680021EE
:1044D00000F52570FFF74AF92068002100F52570E6
:1044E000FFF714F9206800F52B70FFF753F93378C4
:1044F0002768012B07F52B7740F0EC83E8680E2145
:10450000FFF752F901463846FFF725F93378276857
:10451000012B07F52B7740F0E383E8680821FFF7CC
:1045200043F901463846FFF7FCF833782468012B3D
:1045300004F52B7440F0DA83E8680E21FFF734F9B4
:1045400001462046CA4CFFF7E1F8206800F52E70BE
:10455000FFF720F933782768012B07F52E7740F015
:10456000CB83E8680821FFF71FF901463846FFF7BB
:10457000F2F833782768BF4D012B07F52E7740F00E
:10458000C183E8680821FFF70FF901463846FFF7B5
:10459000C8F82068DFF8EC82002100F52E7007F0E3
:1045A000BEFA2068002100F52E7007F05CFA206842
:1045B000B8F8001000F52E7007F0D6FA206800F564
:1045C0002870FFF7E7F82068002100F52870FFF752
:1045D000C2F82068002100F52870FFF797F82068DE
:1045E00000F53470FFF7D6F82068332100F53470F9
:1045F00007F039FA1220266805F0E4FE06F5347655
:104600000146304607F026FA20689B4E00F53770C9
:10461000FFF7C0F82068002100F5377007F023FA93
:1046200033782768012B07F5377740F07183E86806
:104630000821FFF7B9F801463846FFF772F82068FD
:1046400000F50470FFF7A6F80521E8682768FFF772
:10465000ABF807F504770146384607F065FA20689D
:10466000B8F8001000F5047007F063FA1421E86848
:104670002768FFF799F807F5047701463846FFF7F2
:104680005FF80F21E8682768FFF78EF807F50477D1
:104690000146384607F0CAF9206800F50770FFF7B1
:1046A00079F8206847F6FF7100F5077007F075FA92
:1046B0002068B8F8001000F5077007F0CBF9206803
:1046C000FF2100F5077007F0CEF90F21E868276891
:1046D000FFF76AF807F5077701463846FFF730F825
:1046E000206800F50170FFF755F80121E868276898
:1046F000FFF75AF807F501770146384607F0D2F977
:104700005E4F2068398800F5017007F0BEF9206817
:10471000032100F5017007F0CAF9206800F50A705E
:10472000FFF738F82068B8F8001000F50A7007F0B5
:10473000ACF92368E868022103F50A78FFF734F83A
:104740000146404607F0AEF92368E868012103F509
:104750000A78FFF729F8414209B2404607F066F9A6
:104760002068042100F50A7007F0A1F920684FF4D1
:10477000C87100F50A7007F020FA206800F50D7086
:10478000FFF708F8236803F50D782B6ADB0740F183
:10479000C5820221122005F031FE0146404607F095
:1047A000E3F9206800F51070FEF7F4FF236803F5C5
:1047B00010783378012B40F0B682E8680E21FEF7BE
:1047C000F3FF01464046FEF7D1FF236803F510785A
:1047D0003378012B40F0AD82E8680E21FEF7E4FF4C
:1047E00000EBD07040F34F014046FEF78FFF20688A
:1047F00000F51370FEF7CEFF2368E868012103F58A
:104800001378FEF7D1FF0146404607F04BF92068C8
:10481000398800F5137007F038F9194B20681988AA
:1048200000F5137007F016F92068332100F51370B6
:1048300007F019F9206800F51670FEF7ABFF236842
:1048400003F516783378012B40F07982E8680E2161
:10485000FEF7AAFF01464046FEF77DFF236803F5F9
:1048600016783378012B40F07082E8680E210BE057
:10487000D8020020B4020020B2020020AA020020C8
:10488000AC020020AE020020FEF78EFF014640463B
:1048900007F0C2F8236803F516783378012B40F04F
:1048A0005A82E8680821FEF77FFF0146404607F07C
:1048B000B8F8236803F516783378012B40F051825D
:1048C000E8680E21FEF770FF01464046FEF71EFF26
:1048D000206800F51970FEF75DFF2368E8680A217B
:1048E00003F51978FEF760FF0146404607F02AF904
:1048F000206800F53D70FEF74DFF2368E86804214D
:1049000003F53D78FEF750FF01464046FEF72EFFC7
:10491000206800F53A70FEF73DFF206842F264011E
:1049200000F53A7007F05FF8206800F54070FEF778
:1049300031FF2368122003F5407805F043FD01465E
:10494000404607F087F820687F2100F5407007F0A7
:104950008AF8206800F54370FEF71CFF20680021EC
:1049600000F5437007F0C3F8236803F54378337804
:10497000032B40F0FC81E8680821FEF715FF00EBEF
:10498000D07040F34F000146404607F006F920681A
:1049900000F55570FEF7FEFE2068298A00F5557077
:1049A00007F073F82368E868022103F55578FEF7ED
:1049B000FBFE410009B2404607F074F8206801216F
:1049C00000F5557007F073F8206800F55270FEF797
:1049D000E1FE2368E868022103F55278FEF7E4FE61
:1049E000414209B2404607F07DF8206800F5467064
:1049F000FEF7D0FE236803F546783378012B40F0AC
:104A0000BE81E8681821FEF7CFFE01464046FEF75A
:104A1000A2FE2068002100F54670FEF782FE2068A5
:104A2000002100F54670FEF771FE2068012100F5B7
:104A3000467007F0B6F8206800F54970FEF7AAFE48
:104A40002368E868012103F54978FEF7ADFE0146C9
:104A5000404607F027F82068398800F5497007F0CC
:104A600014F82068012100F5497007F020F8337828
:104A70002768012B07F5497740F08781E8680E2108
:104A8000FEF792FE01463846FEF770FE337827683F
:104A9000012B07F5497740F07E81E8680E21FEF78B
:104AA00083FE0146384606F0D0FF206800F54C70C2
:104AB000FEF770FE33782768012B07F54C7740F03E
:104AC0007081E8681821FEF76FFE0146384606F04F
:104AD00099FF206800F55870FEF75CFE2068FF2102
:104AE00000F5587006F0BFFF206800F55873FDF719
:104AF000A0FE0146184606F0ADFF1220266805F01C
:104B000061FC06F558760146304606F0B0FF206895
:104B100047F6FF7100F5587007F03FF80F21E8687D
:104B20002668FEF741FE06F558760146304606F047
:104B3000DEFF206800F55873FDF77BFE014618463E
:104B400006F0E4FF0521E8682468FEF72DFE04F571
:104B500058740146204606F0D4FF039B002B40F01A
:104B600026810020F0F720F8944B954801221A7016
:104B700005B0BDE8F08F0323FEF751BE04211220DB
:104B800005F02AFC2B6AABF80000D9073EF562AEAF
:104B90000421122005F032FCFEF760BEFDF749FE4D
:104BA0000221A9F80000122005F016FCA8F8000068
:104BB000FEF766BE122005F005FCFEF799BE022B3B
:104BC000E8680CBF0C210A21FEF7DDBE022BE86865
:104BD0000CBF0C210A21FEF7E4BE022BE8680CBFD3
:104BE00014211021FEF725BF022BE8680CBF0C2111
:104BF0000A21FEF72DBF022BE8680CBF0C210A2109
:104C0000FEF752BF022BE8680CBF0C210821FEF70B
:104C1000B0BF0121FEF7E2BF0121FEF7FCBF022B6E
:104C2000E8680CBF14211021FFF70AB8022BE868CE
:104C30000CBF0C210A21FFF712B8022BE8680CBF49
:104C400014211021FFF76BB8022BE8680CBF142168
:104C50001021FFF773B8022BE8680CBF1421102154
:104C6000FFF77BB8022BE8680CBF0C210A21FFF785
:104C700087B8022BE8680CBF0C210A21FFF78FB818
:104C8000022BE8680CBF06210221FFF7E0B8022BD7
:104C9000E8680CBF06210221FFF7E8B8022BE8689C
:104CA0000CBF06210221FFF7F9B8022BE8680CBF00
:104CB0000C210A21FFF792BB022BE8680CBF0C21E4
:104CC0000A21FFF79ABB022BE8680CBF0C210A21CE
:104CD000FFF7A6BB022BE8680CBF0C210A210FE4EA
:104CE000022BE8680CBF0621022118E4022BE868B9
:104CF0000CBF0C210A2121E4022BE8680CBF06211D
:104D0000022130E4022BE8680CBF062102213AE4BC
:104D1000022BE8680CBF062102218AE4012112203F
:104D200005F05AFB39E5022BE8680CBF0C210A217B
:104D300045E5022BE8680CBF0C210A214EE5022B49
:104D4000E8680CBF0C210A2182E5022BE8680CBF41
:104D50000C210A2198E5022BE8680CBF06210221EC
:104D6000A1E5022BE8680CBF0C210A21AAE5012B62
:104D7000E8680CBF0C210821FEF716FD03E6022BA4
:104D8000E8680CBF142110213DE6022BE8680CBF37
:104D90000C210A2174E6022BE8680CBF0C210A21C1
:104DA0007DE6022BE8680CBF142110218BE60398E6
:104DB000EBF70AFC85427FF4D7AED2E6A8020020CA
:104DC000B4020020034B04481B68002B08BF1846A0
:104DD000704700BF20030020B4020020024B186877
:104DE000003818BF01207047200300204B1E19D542
:104DF000013801F10B03012B1CD1820718D164216A
:104E0000B0FBF1F201FB120242B94FF4C873B0FBE0
:104E1000F3F203FB1200B0FA80F35B0903F11C000C
:104E2000C0B270470B2BC4BF0130A1F10D03E2E704
:104E30000023F3E7072293FBF2F2C2EBC2029B1AB4
:104E400003F0010048BF4042C0F11F00E8E770B521
:104E50000446EBF78FFC05462046EBF793FC436BCB
:104E6000B3F5A02F044631D1816B06292FD80369F1
:104E70000022DA7083F82220218F4FF40042284666
:104E800009F040FD78B126696623F3702846F1F7F2
:104E900021FBB080284609F005FDA36B984202BFB4
:104EA0002369B222DA70218F4FF48042284609F03C
:104EB00029FD58B12669FF2386F822302846F1F7EC
:104EC00009FB2269F083138C0133138470BD202207
:104ED00089B2284609F016FD0028CDD023690022AA
:104EE000DA7083F822201220666905F06BFAB0812F
:104EF000C2E7022994BF01230023A0EB030303F1BF
:104F0000010000EB93004FF4C872B3FBF2F21044BF
:104F10004FF06402B3FBF2F3A0EB030094BF0C2349
:104F200000231944C1EB41110C233E39B1FBF3F1CD
:104F300007230844B0FBF3F3C3EBC303C01AC0B2AA
:104F4000704770B504464FF44041406A09F06AFC6E
:104F500094F92E10A08DFFF7CCFF236B054683BB81
:104F6000D4E90A23534033F07F432CD194F92B30FA
:104F7000606A0633E9184FF48042BDE8704089B298
:104F800009F05FBCB3B2216B01EB830231F823104F
:104F9000A38D99420FD192F9021094F92E309942C3
:104FA00009D192F90310606AAB1D19444FF4004215
:104FB00089B209F046FC0136A28EB3B29A42E1D81A
:104FC000CEE70026F8E770BD2DE9F04701234FFA40
:104FD00082F8818580F82E8080F82F3004460F46B5
:104FE000406A202109F01EFC0025A9B2606A202237
:104FF000013509F026FC072DF7D1BFB241463846EE
:10500000FFF7F4FE414605463846FFF772FFDFF82A
:105010000CA106464FF0000905445FFA89F0431CD5
:105020003044C0B2A842DBB209F1010942DB08F109
:10503000FF313846FFF7DAFEC6F10103C718DFF883
:10504000DCA0FFB204F58C794FF000085FFA88F21B
:1050500057FA88F39642DBB234D8EDB205F1460731
:10506000DFF8B880073504EB8707EDB24FF0000991
:10507000EA1FD2B2292A09F1010934D92046FFF7E3
:1050800060FF606A09F00EFC4FF6FF73984204D08F
:10509000F11D606A89B209F098FB2046EDF716FB16
:1050A0002046F0F76FFA00260546F1B2A94229D34F
:1050B000BDE8F08746305246042104EB800006F03C
:1050C0009FFAAAE752460421484606F099FA08F1E9
:1050D0000701606A202289B209F0B3FB08F10108D8
:1050E00009F10409B2E74B4642460421384606F06E
:1050F00087FA2946606A2022013509F0A2FB0437AD
:10510000ADB2B5E72046F0F72EFA636A834203D0CA
:1051100022461C21EBF70EFB0136C6E770BD0208E4
:10512000F8B52F4B2F4E00250C46C1E90A330D630D
:105130008D8604F58C70A82105F090FE2B462A463A
:10514000294D04F134007827591C23B111F0070FC1
:1051500044D0072B39D855F8233040F8043F38297C
:105160000B46F1D1214BC4F81431204609F010FB55
:1051700004F13801606209F017FB606A4FF488712E
:1051800009F081FB00231A221949606AEBF710FB32
:10519000606A42F26401EDF755F820460121F9F703
:1051A00077FA606A0121F9F7BFFAA18D94F92E20F0
:1051B0002046FFF709FF2046FFF7C3FE606A4FF461
:1051C0008041BDE8F840ECF713B902F14603013223
:1051D00004F82370D2B204EB8303BEE73346BCE786
:1051E000E4070101E902030888BD0208EA02030896
:1051F0004F4E01082C307047F8B50C462046002170
:10520000F0F7FEFA20460021F9F742FA002319468A
:1052100002222046F9F764FA204608F041FE0022F7
:1052200005462949294FF0F746F942F2640128461C
:10523000EDF720F82846EDF79BFF2846EDF7FEF83E
:10524000064601462846ECF7FDFF002307223946B3
:105250002846EBF7ADFA04212846ECF7FEF8204685
:105260000BF0E8FF032105460CF06CF800222846FD
:105270000221F0F737F901212846F9F755FA2046BF
:1052800008F00EFE124905460022F0F714F93246E6
:1052900031462846EDF706F800230722394628460E
:1052A000EBF786FA28460421ECF7D7F809490023E2
:1052B0001C222046EBF77CFA20460022BDE8F8408D
:1052C0001C21EBF737BA00BFC0BD02081553010817
:1052D000C4BD0208D952010870B5EBF74BFA054678
:1052E000F0F73EF9FFF786FF044601212846F0F764
:1052F0003AF994F90230054A0549013B52F8233046
:105300002288BDE870400BF0DCBF00BF24BE02085D
:10531000C8BD02082DE9F041EBF72CFA8046F0F702
:105320001FF90646F0F71CF90746FFF763FF002157
:10533000058890F902403046F0F715F980451AD1FA
:10534000012C15D1013DADB20C2422462946384628
:10535000FFF73AFE01213046F0F705F9013C0A4B10
:105360000A4953F824302A46BDE8F0410BF0A9BFA2
:10537000013C64B2E9E70C2C03D10135ADB2012444
:10538000E3E70134F5E700BF24BE0208C8BD020808
:1053900070B508460C46F0F7E3F8002106462046B3
:1053A000F0F72EFA00212046F9F772F920460AF0AC
:1053B0006DF8164905460AF075F833461C22144963
:1053C0002846EBF7F5F901212846F9F7ADF9204613
:1053D0000AF05CF80F4905460AF064F833461C22CF
:1053E0000D492846EBF7E4F928460121F9F79CF925
:1053F0000A491C2220460023EBF7DAF92046002256
:10540000BDE870401C21EBF795B900BF70BE0208E3
:1054100091540108D7C002086154010821540108C1
:1054200038B5EBF7A7F90546F0F79AF8FFF7E2FE73
:10543000044600212846F0F796F82188C1F5FC6162
:10544000073189B20AF0C8F801212846F0F78BF835
:1054500094F902100139BDE8384089B20AF0BCB8AD
:1054600038B50546EBF786F904462846EBF78CF984
:10547000054620460AF0BEF804462846FFF7BAFE65
:10548000621C018852B22846BDE83840FFF79CBD37
:1054900038B50546EBF76EF904462846EBF774F984
:1054A000054620460AF0A6F804462846FFF7A2FE65
:1054B000C4F5FC61073190F9022089B22846BDE8A5
:1054C0003840FFF781BD08B541F61202EFF794F9B5
:1054D00000B208BD08B541F20102EFF78DF900B244
:1054E00008BD08B541F61502EFF786F900B208BD10
:1054F00008B541F61002EFF77FF900B208BD70B5AC
:105500000C4601F12406A36A304653B905F091F91F
:1055100004F13006636B3046A3B9BDE8704005F076
:1055200088B905F098F9037B5B07054602D440680B
:1055300005F094FA3046294605F052F9284605F060
:105540008DFAE0E705F087F905460146304605F09B
:1055500047F9284605F082FADCE7000010B50C4652
:1055600004F12400102105F0FCF8102104F13000B2
:1055700005F0F7F800224FF06413C4E91B23C4E9D7
:105580001D23084B084AC4E91F234FF00123C4F828
:10559000843094F8883023F00F0343F0010384F83B
:1055A000883010BD05000A00FF7F030008B541F2F6
:1055B00032020021EFF720F900B208BDB0F88230C6
:1055C0008B422DE9F34705460C467DD9ECF73CFFAD
:1055D000B5F8846046432846EEF7C4F895F888305D
:1055E0001A0746F30F26804605D4284602B0BDE8C8
:1055F000F047EDF76BB803F00703012B67D128469E
:10560000FFF7D4FF002181462846FFF75CFFAF8AF1
:10561000A7EB080740F6490207444FF4A0212846AB
:10562000EFF7EAF84FF4003182462846FFF752FFC1
:10563000B5F88210B5F91630B5F91A201FFA80F8BE
:105640004F441FFA8AF918FA8AFA1FFA8AFA0139BE
:10565000A3EB0A038C429244BFB2ADF80230ADF81E
:1056600006A016DA06FB04F393FBF1F23344A2EB37
:10567000090293FBF1F34B44A2EB080243443A4482
:105680003B4469462846ADF80020ADF80430EDF7FC
:1056900003F8CCB1B5F88220013C7443013A94FB85
:1056A000F2F33444A3EB090394FBF2F4A144A3EB1B
:1056B0000803C8443B444744ADF80030ADF80470DB
:1056C00069462846ECF7E8FF02B0BDE8F087022BF8
:1056D0008BD100212846FFF704FFB5F88430B5F9D7
:1056E00014A05843071206EB202600212846B5F8DF
:1056F000823096FBF3F6FFF7E6FE1FFA86F914FBFD
:1057000006F406465644A4B2A6EB0806344419FA39
:1057100084F969462846E41BECF73AFEADF804909C
:10572000ADF80040CCE72DE9F04F0F4687B090462A
:105730001D46044600B9FEE701B9FEE7B0F8823025
:10574000934205D800202880688007B0BDE8F08F1C
:10575000ECF77AFEB4F884304343204643F30F2B32
:10576000ECF788FEB4F88620504394F888200312A2
:1057700002F007020493012A40F30F23059308D196
:10578000B4F8822008FB0BF3013A93FBF2F32B8071
:1057900013E0032A47D1397B3A68C1F3C00104EB17
:1057A000410132F91800CDF800B0B1F97820B1F913
:1057B0007410002305F022F928802046FFF7F6FE3A
:1057C000002106462046FFF77EFE2B883044184411
:1057D00028802046EDF7C6FF2B883A7B1B1AC2F3C0
:1057E00000122B8004EB42027B68B2F96C1033F993
:1057F00018300598B2F970205B1A521A434393FB94
:10580000F2F3049AD31A6B8000212046FFF770FE52
:105810006B883044184468802046EDF74DFF6B8854
:10582000181A00B290E7022AC7D104F124031846DF
:10583000039305F01DF84FF4A02181462046FFF7A1
:1058400050FEB4F884A0002100FB0AFA2046FFF7BE
:1058500048FEB4F88420B4F8821000FB02F6361239
:105860004A1E0BFB08F3039893FBF1F32B8002FB1A
:1058700016B64FEA2A2A96FBF1F636B2B6FBF9F6CF
:105880000FFA86F904F0EAFF2B88014630B9A9EB3C
:105890000A0909EBD97903EB690378E78F42F6D05F
:1058A000334403982B8004F0E0FFEDE704290CD883
:1058B000DFE801F00307050B09003C307047483072
:1058C00070475430704760307047002070470000C8
:1058D0002DE9F04F8946B3B011460446FFF7E6FFC5
:1058E0000389C3F30E03012B1646054640F23981A6
:1058F00090F90930002B03DB0368002B00F03181A5
:105900002046FFF753FE002180462046FFF7F0FDBA
:1059100007462046ECF7AEFDB4F88630434343F328
:105920000F230A93E38A474420461F44EDF7C4FE41
:10593000BFB23F1ABBB20793002E40F015814FF45F
:10594000C0212046FFF7BFFDB4F914800590B5F9DA
:105950000030B5F90270012E08BF5B420DF1440B17
:1059600004BF1BB27F42584608BF3FB206930DF1F9
:10597000600AF1F74BFC5A464FF4C0212046ECF781
:10598000B5FA5046F1F768F952464FF4C021204667
:10599000ECF712FA494620A8ECF7AFFB834A2192B4
:1059A0000622CDE925AB2292B5F808A02E964FF439
:1059B000C0222D92EA88CAF30E0AC2F30E020AF13F
:1059C000FF3A02FB0AFA1FFA88F202F1FF380132AD
:1059D000002E18BF90460FFA88F31FFA88F8A8EB3C
:1059E00007070B933BB20993069BA8EB03080FFA3A
:1059F00088F30893002704EB4603B84606930A9AF7
:105A0000BDF94630D31A079A7B43B3FBFAF313442C
:105A10001BB2ADF83230ADF836300B9BADF83030FC
:105A2000EB88C3F30E03B7FBF3F203FB1273002BF7
:105A300000F0A680099B4FF0000BADF834300CABA2
:105A400029930DAB2A93069BB3F970300093069B04
:105A50005246B3F96C300021AAEB070004F0CEFFE8
:105A600003463090BBF1000F00F0958095F90920B6
:105A7000002A80F290800DF1500B4D4A10215846BB
:105A800005F0BEFD18AB259320AA10231A2120464D
:105A90002C93CDF8ACB0EAF74DFE41F6FF730193BD
:105AA000BDF97230189A2B9900930EA8BDF9743085
:105AB000CDF8088006F079FFBDF93A30BDF8362000
:105AC000BDF83400BDF838C003EBD373C3F34F0304
:105AD000D11A1A4409B212B2BDF81430ADF83E1012
:105AE000ADF84220002E4FD1A0EB0C0CACEB030C18
:105AF000ADF83CC0C31A1BB2ADF84030B4F9163053
:105B000093420BDCB4F91A308B4207DB002300937D
:105B10000FAA2B9B18A94846F1F7BCF8BDF94630EF
:105B2000BDF9322003EBD373591002EB6303B4F9D0
:105B3000162093420CDBBDF93630B4F91A205B1AFB
:105B4000934205DC0DAB0CAA11A94846F1F76AFB9C
:105B500020AA1B2120460137EAF7ECFDBA45BFF425
:105B60004EAF33B0BDE8F08F41F613024FF4C021C1
:105B70002046EEF741FE03B2B4F918800593E6E63D
:105B8000089B4FF0010B58E700EB030E6044ADF8A3
:105B90003CE00344AFE720AA1A212046CDE92B8838
:105BA000CDF89480EAF7C6FDB8E700BF1CC1020833
:105BB00018C102082DE9F04FB1B0CDE90521114619
:105BC0000446FFF773FE0389C3F30E03012B05465A
:105BD00040D990F90930002B02DB0368002B39D043
:105BE00000212046FFF76FFC82462046FFF7DEFCCF
:105BF00083462046ECF728FC0DF15808074640463E
:105C0000B4F88460F1F728F842464FF4C0212046EA
:105C1000ECF7D2F8B4F9143008932046EDF7A2FD62
:105C2000059B0990022B95F9093018D1002B14DA45
:105C300041F611024FF4C0212046EEF7DDFD03B21C
:105C40000493069BB4F91A909A68B2F906304B4552
:105C500080F2118131B0BDE8F08F0023F0E7002B16
:105C600080F206814FF4C0212046FFF741FC0490EA
:105C7000B4F916907E4333120793089B0AEB0B0787
:105C80001F440DF13C0A099B5046FF1AF1F7BEFA7A
:105C900052464FF4C0212046ECF728F94FF0000B94
:105CA0000699CDF840B01EA8ECF727FA984B1F9341
:105CB0000623209302214FF4C023CDE92B31059B0D
:105CC000CDE9238AB3F1020A94F8883003F0070380
:105CD00018BF4FF0010A022B46F30F26BFB200F0A7
:105CE000D9800FFA87FB2F89EB88ADF82A90C7F38C
:105CF0000E07013FC3F30E035F434FF0000904EBAF
:105D00004A0ABDF93E20B5F80680BDF82A10B21A3D
:105D100009FB02F2B2FBF7F25A4412B2ADF82820A6
:105D2000ADF82C20059AC8F30E08022AB9FBF8F347
:105D300008FB139800F0CE80B8F1000F40F0C88047
:105D40002A88891A0AB2ADF82E200AAA27920BAA2D
:105D5000289294F8882002F00702032A0AD1BAF99F
:105D600078300093BAF974303A460021484604F07E
:105D700045FE03462E93B8F1000F40F0BE8095F922
:105D80000920002A80F2B980624A102112A805F089
:105D900037FC16AB239312AB29931EAA10231A21AA
:105DA00020462A93EAF7C6FC41F6FF730193BDF93A
:105DB0006A30169A299900930CA8BDF96C30CDF879
:105DC000088006F0F2FDBDF93030BDF82C200598B2
:105DD00003EBD373C3F34F03D11A1A4409B212B2BF
:105DE0000228BDF81030BDF82E00ADF83410ADF823
:105DF000382078D0C01ABDF8323080B2ADF83A0001
:105E0000C01AADF83600B4F9143093420BDCB4F983
:105E100018308B4207DB002300930698299B0DAABC
:105E200016A9F0F737FFBDF93E30BDF9282003EB86
:105E3000D373591002EB6303B4F9142093420CDBC3
:105E4000BDF92C30B4F918205B1A934205DC069892
:105E50000BAB0AAA0FA9F1F7E5F91EAA1B212046F0
:105E600009F10109EAF766FC4F45BFF44AAFF1E6D4
:105E700000230493FCE6169B0499B3F90830B2F9A9
:105E8000022049440B44B5F900100B449342BFF67D
:105E9000F1AEDFE659462046FFF723FBB4F8843025
:105EA000584306EB2026B4F8823096FBF3F633B263
:105EB000A3EB202303EBD37307EB6307079B03EBF1
:105EC0002028A8EB06080FFA87FB0FFA88F60AE7E6
:105ED0006A8836E7B8F1000F03D12A880A4412B263
:105EE00031E76A88FAE70344BDF832009BB2ADF8A7
:105EF00036300344ADF83A3085E700231EAA1A2154
:105F00002046CDE929332393EAF714FC8BE700BF41
:105F10001CC1020818C102082DE9F04FDFF888976C
:105F2000D3B048460D46EAF760FB012848D1284621
:105F3000EAF724FC04462846EAF71CFC012C8346B9
:105F40005AD1EAF7E9FD40A9EAF74DFEBBF8143053
:105F5000BDF80041E41AA4B25846ADF80041EDF78F
:105F600001FC231858469DB2ECF76EFA0021044656
:105F70005846BBF88460FFF7A6FA2B1A98B21BB2FA
:105F8000002B37DB06FB04F141F30F2199421ADAAB
:105F9000BBF882100139BBF87C308B4210D08CB238
:105FA00021465846FFF70AFBBBF87C105846FFF71E
:105FB00005FBABF87C4000221C215846EAF7BAFBEF
:105FC00053B0BDE8F08F9BF8883003F00703012B36
:105FD00008D1BBF882204B10013A00FB023393FB3F
:105FE000F1F1D8E7022B05D1BBF882304343B3FB74
:105FF000F1F1D0E70021CEE7082C08D1B0F87C10F1
:10600000FFF7DCFA47F6FF73ABF87C30D8E7292CB2
:1060100004D153B0BDE8F04FECF78DBA132C16D174
:10602000B0F96410B0F958309942B8BF1946B0F9C8
:106030004C309942B8BF1946B0F940309942B8BFC8
:106040001946284653B0BDE8F04FEAF7E9BB2C2CBF
:1060500014D12846EAF796FB04465846ECF7F4F9C3
:10606000BBF8843043431B1223805846ECF702FAF6
:10607000BBF8863043431B126380A1E7152C9FD1E8
:106080002846EAF7C6FB24AC0BF11403826804939C
:1060900082461946204603F034FF002871D0DAF812
:1060A0000830CAF8084058460793FFF77FFA0021E6
:1060B00004465846FFF707FAA3B200210890584655
:1060C0000393FFF715FA04465846ECF7BDF9BBF801
:1060D0008430099058460A93ECF7CCF90DF1C808C2
:1060E00007464046BBF88650F1F790F8424600213B
:1060F0005846EBF7FBFE514640A8EBF7FEFF0026A3
:106100004FF0FF3340AA1A215846CDE941964E93ED
:10611000CDE949664D96CDF81881EAF70BFB31467B
:1061200031225846EEF768FBC3B258460693FFF794
:106130003DFA3146332281465846EEF75DFBC6B242
:106140005846EDF70FFB0B905846EDF7B5FABBF844
:106150007E80B8F1000F40F04781BBF88080B8F135
:10616000000F40F0A7814FF0FF334E9340AA002369
:106170001B215846CDE94933EAF7DCFA079BCAF8F8
:106180000830002251465846FFF7A2FB0122514633
:106190005846FFF79DFB022251465846FFF70AFD7D
:1061A000042251465846FFF705FD0BF1240318461B
:1061B000039304F069FB0646002840F0BB809BF87F
:1061C000883003F00703012B40F04D831CACDAF854
:1061D00008200499204603F094FE002800F0AA80CD
:1061E000DAF808300A93BBF88230CAF80840012B6D
:1061F00040F2A0805846FFF7D9F931460446584688
:10620000FFF761F9314605465846FFF771F90590E9
:106210005846ECF719F9BBF88430069058460793B6
:10622000ECF728F9BBF88630099306465846BBF9C7
:106230001480EDF797FABBF916300B9307465846D2
:10624000EDF73AFADAF808200C9004991EA803F04A
:1062500058FE00286ED024A8F0F7D8FF24AA4FF4E7
:10626000A0215846EBF742FE32A8F1F7F1FF32AA1F
:106270004FF400315846EBF733FC4FF400315846E9
:10628000FFF728F900EBD07040F34F0941F2040208
:106290004FF400315846EEF7AFFAC0F3C03303FABB
:1062A00080F043100893089ABDF9923003984A454C
:1062B000A8BF4A4603EBD37112B2B2EB610FC2BF63
:1062C0009DF8992042F010028DF89920012B02BF11
:1062D0009DF8993043F010038DF89930099B15FA19
:1062E00084F55E43331245441493ED1B46F30F23AC
:1062F0000D93ABB215932BB20E93059B13FA84F456
:106300000B9B1C440C9BE41AA3B21693BBF882307F
:106310000F93DDE90632534343F30F230B9304F04D
:106320009DFA47F6FF780446002C40F02A810A9B2C
:10633000CAF808300BF130031846039304F0A4FAAE
:1063400000287FF43DAE1AAC049ADAF80810204613
:1063500003F0D7FD00283FF433AEDAF80830CAF86E
:1063600008401EA80493F0F751FF1EAA4FF4E02145
:106370005846EBF7BBFD24A8F1F76AFF9DF8803083
:106380008DF893304FF4E02147F6FF735846ADF88F
:106390009030FFF79FF800EBD0704FF4E02140F30E
:1063A0004F075846FFF796F800EBD07040F34F08C0
:1063B000514640A8EBF7A1FE32AB44934FF4E023E3
:1063C0004D93B94B41930DF1840905230398CDF802
:1063D0001891429304F042FA0446002840F02285C6
:1063E000049BCAF80830EBE5039B1C44BBF816304D
:1063F0001C44201A83B20C93BBF81430ADF87830EB
:10640000BBF81830ADF884300FFA88F30593069B7B
:10641000022B4DD9B9F1000F4ADD16F0020406D067
:1064200000215846FFF764F8B0FA80F46409F307D6
:106430000CD541F6110200215846EEF7DDF900B205
:1064400020B908F1FF380FFA88F305937D4345F32F
:106450000F254FF001081EAF059B9C42BFF67DAE95
:10646000BBF87E204E9405FB04F3013A93FBF2F354
:106470000C9A499713441BB2ADF87A30ADF88630C8
:10648000894B40AACDE941381A2121AB58464A939D
:10649000EAF750F921AB3A4632A95046F0F7C2FE6E
:1064A000013440AA1B215846EAF744F924B2D3E745
:1064B0000024CBE7089B039D1D44BBF814301D440A
:1064C0000B9BED1ABBF81630ADF87A30BBF81A30DA
:1064D000ADF88630069B022BADB20FFA88F74ED985
:1064E000B9F1000F4BDD16F0040406D00021584628
:1064F000FEF7E9FFB0FA80F4640936070BD541F6E0
:10650000130200215846EEF777F900B218B908F1E6
:10651000FF380FFA88F7DDE909635E4346F30F267B
:106520004FF002090DF17808BC42BFF61CAEBBF873
:1065300080204E9406FB04F3013A93FBF2F32B44C4
:106540001BB2ADF87830ADF88430574BCDF82481CC
:10655000CDE9413940AA21AB1A2158464A93EAF7BE
:10656000E9F821AB424632A95046F0F75BFE013410
:1065700040AA1B215846EAF7DDF824B2D4E70024EC
:10658000C9E7237B13F0010305D02146039804F0EB
:106590006CF90446C8E62289ADF890202289ADF84E
:1065A000CC209BF88820149D1007227B58BFB4F99B
:1065B0000A300993C2F300120E9B0998ADF86430BB
:1065C000ADF868300BEB42026368B2F96C1033F936
:1065D00010300D98B2F970205B1A43431698284486
:1065E00080B2521A129093FBF2F35146C31A40A89C
:1065F000ADF86A30EBF781FD2B4B419303234293B7
:106600004FF4A0234D9324AB469332AB4493002325
:10661000BDF96A600793099851941FFA89F30696A9
:106620001393BDF81C10BBF882508D423ED80F9BCF
:106630000B9A9342A9DA8D42A7D1626832F9101001
:1066400047F6FF739942A0D0BDF868301FFA89F170
:106650005D1A0B44ADF88830BDF82010BDF86A30E3
:10666000ADF884505D1A0B44ADF88A30BDF81C308B
:10667000ADF88650013B4E930023CDE9493321AD5F
:1066800032F91030509340AA1A2158464395EAF740
:1066900051F82A4632A95046F1F700FE40AA1B21C4
:1066A0005846EAF747F870E71CC10208BDF96A309E
:1066B0001093ADF866300A9BBDF96820B3F9043039
:1066C000ADF864204B4401339A423FF75EAFBDF80A
:1066D0001CE00B9B6F1E0EFB03F393FBF7F3159F60
:1066E0003B449FB21797099F774497FBF5FC05FB46
:1066F0001C773DB2277B0595C7F300170BEB4707C7
:106700001BB2B7F96C501195D4F804C0059DADF8D3
:1067100068303CF915500C93119BB7F97070ED1A65
:106720000D9B5D43119BFF1A129B95FBF7F55D1BBB
:106730000A9BB3F900700C9BA7EB0907013F2DB230
:10674000BB42ADF86A5039DB002937D00F9B0B995B
:106750008B424FEA400736DB3CF9101041452DD003
:10676000059B3CF91310414528D006990C9BAE427D
:10677000B8BF2E46A942A8BF29469A4206911DD00D
:10678000179B013B8E421BB208BF0136ADF8683043
:10679000ADF86430069BADF8663008BF36B21AAB70
:1067A00019AA24A95046ADF86A60F0F73BFDBDF880
:1067B000683006950133ADF868302E46079B059882
:1067C000013307932DE7139BBDF8401092B2D31A03
:1067D000ADF88430139B1A44BDF82030ADF8882002
:1067E000CA1A1944ADF88620ADF88A100EF1FF33AD
:1067F0004E933CF9103043450CBF002219AA499230
:10680000059A3CF912205093424514BF1AAA00225F
:106810004A9221AA43921A2140AA5846E9F78AFFD0
:106820006368DA5F42450AD0059A33F9123043456E
:1068300005D01AAB19AA24A95046F0F7F3FCB9F118
:10684000000F0AD0089B43B16368DB5F434504D067
:1068500021AA32A95046F1F721FD40AA1B21584632
:10686000E9F768FFAAE7022B40F00B8121ACDAF8C8
:1068700008200499204603F044FB00283FF45AAD59
:10688000DAF80830CAF80840314658460593FEF752
:106890001AFE314680465846FEF72AFE0446584600
:1068A000EBF7D2FDBBF8845045435846EBF7E2FDC9
:1068B000BBF8863058430312069340F30F23039826
:1068C000079303F0D5FF314681465846FEF709FE8F
:1068D000BBF88470BBF882204743531E4FF4A021BD
:1068E00045F30F253F12584607FB135393FBF2F372
:1068F0001BB2B3FBF9F30893FEF7F3FDBBF884304A
:1069000043431B1258460993ECF72CFFA8EB0008F1
:106910001FFA88F358460A93ECF7CEFE241AA3B266
:1069200032A80B93F1F794FC32AA4FF4A0215846F9
:10693000EBF7D6F89DF8D530BDF8C82066F3020312
:106940008DF8D530FF238DF8CB30BBF81A30514687
:10695000134440A8ADF89630EBF7CFFB4FF4A023DB
:106960004D939B4B4193042342937B1934460C93E4
:10697000BBF88230A2B2934201D8059BD8E40C9AAE
:106980000A990398A6B2724392FBF3F2BBF8143053
:106990004E960B441A440FFA82F803F05FFF24AFBF
:1069A00005460DB32B7B13F001034FD19BF88810E4
:1069B000BDF984000A07089A58BFB5F90A30ADF846
:1069C000908008EB0209099A1FFA89F9A9EB0201E4
:1069D000013909B28842ADF8941035DCBDF9880060
:1069E000BBF88210404501DA0134C1E7287B2A89CF
:1069F000ADF8CC203344C0F3001093FBF1F201FB5F
:106A00001233D5F804C0079A1BB20BEB40003CF9D7
:106A10001310B0F96CE0B0F97000A1EB0E0102FBAD
:106A200001F8BBF816200B990A4406990A44A0EB1A
:106A30000E0098FBF0F1521AADF892203CF9133099
:106A400047F6FF72934207D10FFA89F82946039857
:106A500003F00BFF0546A4E732AA44921A2140AA8C
:106A60005846CDE950354397E9F764FE3A4632A9D6
:106A70005046F1F713FC40AA1B215846E9F75AFE8D
:106A8000E2E7032B7FF456AC1EACDAF80820049939
:106A9000204603F036FA00283FF44CACDAF8083010
:106AA000CAF8084058460E93FEF780FD314604466A
:106AB0005846FEF708FD314607465846FEF718FDD2
:106AC00006465846EBF7C0FCBBF88430434343F31B
:106AD0000F2358460793EBF7CDFCBBF8863058439D
:106AE0000312089340F30F230993BBF81430A5B2A7
:106AF000584617FA84F41C44ECF734FEA4B2241A66
:106B0000A3B20A9323B20B93BBF816303544584610
:106B10001D44ECF7D1FDADB22D1AABB224A80C93F5
:106B2000F0F774FB24AA4FF4A0215846EBF7DEF9E6
:106B300032A8F1F78DFB32AA4FF400315846EAF73C
:106B4000CFFF4FF400315846FEF7C4FC00EBD07085
:106B500040F34F0341F204024FF4003158460593CD
:106B6000EDF74AFEC0F3C03303FA80F043100693FA
:106B7000DDE90521BDF9923003988A42A8BF0A4693
:106B800012B203EBD371B2EB610FC2BF9DF8992033
:106B900042F010028DF89920012B02BF9DF8993028
:106BA00043F010038DF8993003F058FE47F6FF7953
:106BB000044614B90E9BFFF7BBBB257B15F00105FE
:106BC00008D02146039803F050FE0446F1E700BFC9
:106BD0001CC102082389ADF890302389ADF8CC3070
:106BE0009BF888301E070B9B58BFB4F90A50ADF8CC
:106BF0006830ADF87030636833F915300A2B7ED0F9
:106C0000237BC3F3C0030BEB4303B3F97820B3F941
:106C10007410236833F91500079B0093002303F0D9
:106C2000EDFE0A9B1844237BADF87000C3F30013FC
:106C30000BEB4303B3F97020B3F96C10636833F9BD
:106C40001500099B0093002303F0D8FE0C9B089AC3
:106C50001344181A00B2ADF87200514640A8EBF781
:106C60004CFA4FF4A0234D93BB4B41930323429323
:106C700024AB469332AB089A44930C9B5194134433
:106C8000A84600261093B3B20D930D9ABBF882303C
:106C900093423AD895D1626832F918304B4590D07A
:106CA000BDF81410BDF87030581A0B44ADF8883098
:106CB000BDF81810BDF87230ADF88400581A0B44B6
:106CC000ADF88600ADF88A30B6B20023CDE949337D
:106CD00021AD32F91830509340AA013E1A2158468E
:106CE0004E964395E9F726FD2A4632A95046F1F71C
:106CF000D5FA40AA1B215846E9F71CFD61E74EF280
:106D000001039648ADF87030A5E71C9A1A9215FA5F
:106D100086F7B2B20F9297FBF3F203FB12773FB202
:106D2000636833F91700484579D0237BC3F3001318
:106D30000BEB4303B3F97020B3F96C10099B00937C
:106D4000002303F05BFE109B181A237BADF8720042
:106D5000C3F3C0030BEB4303B3F97820B3F974100A
:106D6000236833F91700079B0093002303F046FEC6
:106D70000A9B18440D9BADF87000002B4FD0BDF856
:106D80001420BDF86830991A1344ADF88830BDF866
:106D90001820BDF86A30ADF88410991A1344ADF884
:106DA0008A300F9B6268ADF88610013B4E934FEA24
:106DB00048030D9332F9183032F9172050934B45A0
:106DC0000CBF00211AA94A4514BF1CAA00224991F0
:106DD0004A920DF1840840AA1A215846CDF80C8138
:106DE000E9F7A8FC63680D9A9A5E4A4512D033F918
:106DF00017304B450ED01CAB1AAA24A95046F0F709
:106E000011FA059B33B1069B23B1424632A9504685
:106E1000F1F744FA40AA1B215846E9F78BFC0136EA
:106E2000B84630E70A221EA9484603F053FE38222E
:106E300024A932A803F04EFEE388ADF88430E3883D
:106E4000ADF8CC3018AB499319AB4A93637BDD079F
:106E500040F18680B4F90060B4F90250BBF8162006
:106E6000BBF9143015441E44B1B2AAB236B22DB2E9
:106E7000002F00F08480B8F1000F00F08280B8B2DB
:106E8000A1EB000C0144ADF874101FFA88F1501A00
:106E90000A44ADF87620ADF870C0ADF872001CAAB7
:106EA0004392227B900726D012F0010F08BF334691
:106EB0009107ADF8603040AA48BFBBF91830ADF873
:106EC000625058BF33461A215846ADF86430ADF8C9
:106ED0006650E9F72FFC19AB18AA49465046F0F75F
:106EE000A1F91CAA32A95046F1F7D8F940AA1B21F2
:106EF0005846E9F71FFC237B13F00C0F26D05A07E6
:106F000048BFBBF91620ADF8606058BF2A461B0782
:106F100048BFBBF91A50ADF862201A2140AA584662
:106F2000ADF86460ADF86650E9F704FC19AB18AA37
:106F300049465046F0F776F91CAA32A95046F1F7B7
:106F4000ADF940AA1B215846E9F7F4FB0398214606
:106F500003F08BFCFFF740BA1CC1020801E0FFFF01
:106F6000A28847F6FF739A42F0D0A1681CAB58463E
:106F7000FEF7D9FBBDF97060BDF972506EE73A4675
:106F80008EE742468CE700BFF0B5DDE9054519B94B
:106F90002A7022701A70F0BD860548BF1E464FEA5F
:106FA000102744BF2B4635467E0742BF26462C4657
:106FB000354617F0060F07F0010604D12EB91F461B
:106FC00023463C4601E0002EF9D12270CC43E4B2C6
:106FD0005443240A2C70C0B24EB930B909026FEA8A
:106FE0001121C9B24A43120AD4E74042C0B2414318
:106FF000F5E72DE9F8430D4606464FF405620021FA
:107000002846EDF7F9FBC0F3C03303FA80F0C0F374
:107010004F0441F612024FF440312846EDF7ECFBE5
:1070200041F6130281464FF440312846EDF7E4FB68
:1070300041F6100280464FF440312846EDF7DCFB64
:1070400041F6110207464FF440312846EDF7D4FBD4
:107050002B8DAA8A698D1A44EB8A0B4404EB09052F
:1070600004EB0801274492B204449BB2551B591A01
:107070003A44234435807180B280F3803046BDE8C5
:10708000F883F7B5054601466846FFF7B2FF694643
:107090002846EBF701FB2846EBF7CAF94FF40562E7
:1070A000074600212846EDF7A7FB95F83C3006B2CD
:1070B000BE1B03F0030306EBD676012B4FEA6606F0
:1070C00021D0022B29D0AC8C20B203F0E9FB704315
:1070D000C0135A34288520B203F0E2FB07EBD777C0
:1070E0002B8D7043C7F34F073B4407EBE0372B85ED
:1070F000294668466F85FFF77CFF69462846EBF70F
:10710000CBFA03B0F0BD95F826404FF4B4735C435E
:107110006423B4FBF3F4A4B2D6E795F82740F4E770
:10712000114B124A10B54B6291F83C30127823F0A3
:10713000070381F83C300023C1E90C3391F82C306F
:107140000C4662F3000381F82C3020464FF4803166
:10715000EAF74EF920464FF44071EAF77EF92046EF
:10716000BDE81040FFF78DBF00006464E00200201E
:107170000B469BB2B3F5B47F37B5044688BF4FF4D6
:10718000B4700A4688BFB3FBF0F5C1F3074188BF6E
:1071900000FB15334FEA126288BF9BB2A08C6429B2
:1071A00028BF6421642A28BF642298420DD0A3849A
:1071B00084F8261084F827202046FFF762FF204637
:1071C000EBF784FA012003B030BD8DF806108DF87E
:1071D0000720E08CBDF806508542E8D10020F2E798
:1071E00090F8272090F82610808C03F082B80000D9
:1071F0002DE9F04FC348A9B00D46E9F7F6F901288B
:107200003ED12846E9F7BAFA06462846E9F7B2FA27
:10721000132E044637D141F612024FF44031EDF7F8
:10722000EBFA41F613020FFA80F84FF44031204692
:10723000EDF7E2FA41F6100206B24FF44031204673
:10724000EDF7DAFA41F6110207B24FF44031204669
:10725000EDF7D2FA04B22846E9F794FA46453346E8
:10726000B8BF4346BB42B8BF3B46A342B8BF234664
:10727000B0F9002002331BB29342B8BF134603801B
:1072800029B0BDE8F08F152E00F2BC800C2E00F264
:10729000A080012E00F04881022EF1D1E9F73CFCDC
:1072A00006460028ECD0E9F73DFC042802D002286D
:1072B00040F076812046A58AEBF7BAF800EBD07053
:1072C00005EB60052046ADF85050E58AEBF7B6F8BF
:1072D00000EBD07005EB6005ADF852503368B4F99F
:1072E00038101A7EBDF950305B1A002BB8BF5B42D4
:1072F000934209DCBDF95230B4F93A105B1A002B05
:10730000B8BF5B429A4204DA02F0AAFB149B6063A6
:10731000A363A28ABDF850309B1AADF85030E28AC0
:10732000BDF8523020469B1AADF85230EBF780F88A
:107330004FF40562054600212046EDF75DFABDF8E1
:107340005020BDF85210C5F34E03D21AC91A1B1AA9
:107350009DB21BB212B209B2412BADF85020ADF86C
:10736000521009DDC0F3C03303FA80F0A5EB6003CF
:107370001BB2412BB8BF4123494302FB021703FB59
:1073800003F5606B02F07AFBAF4280F20E81336846
:107390009B8B98427FF674AF94F83C305A073FF5C8
:1073A0006FAF03F0030201320321B2FBF1F101EBF5
:1073B0004101521A62F3010384F83C302046FFF782
:1073C00060FE2046EBF782F9E9F7A6FBE9F74BFCF4
:1073D00056E70D3E082E3FF653AF01A353F826F0B3
:1073E0004F740108817201088172010881720108DD
:1073F000157601085379010881720108817201082C
:107400002F760108292E07D02A2E7FF439AF29B014
:10741000BDE8F04FFFF735BE2846E9F7B3F905465A
:107420002046EBF705F8AB882A8801339B1A1BB27C
:10743000984201D02046EAE72046EAF7FFFFEB88B2
:107440006A8801339B1A1BB29842F3D118E7284689
:10745000E9F798F9036823F00202112A39D1636A27
:107460001A9394F83C3003F00303012B1BD0022B3A
:1074700024D04BB9A38C4FF4B4720133B3FBF2F1B7
:1074800002FB1133ADF868301A992046FFF770FE01
:1074900000283FF4F5AE00221C21204629B0BDE8AB
:1074A000F04FE9F747B994F8263064220133B3FB73
:1074B000F2F102FB11338DF86A30E5E794F82730DA
:1074C00064220133B3FBF2F102FB11338DF86B3010
:1074D000DAE7142B02D0122B7FF4D2AE636A1A9330
:1074E00094F83C3003F00303012B0DD0022B13D092
:1074F000002BC9D1A38C13B1013B9BB2C2E74FF45F
:10750000B473BFE738C1020894F8263013B1013BC9
:10751000DBB2D0E76423CEE794F8273013B1013B08
:10752000DBB2D3E76423D1E702F09AFA6063E9F7AC
:10753000F3FA04F13801E9F756FBE9F7EDFA0546ED
:10754000206B02F09BFA2B689B8B98421CD2636ADB
:107550001A9394F83C3003F00303012B18D0022B4C
:107560001AD00BB9ADF868302846E9F77CFB1A99B8
:107570002046FFF7FDFD38B100221C212046E9F727
:10758000D9F801287FF47CAE02F06AFA206377E62E
:1075900064238DF86A30E7E764238DF86B30E3E706
:1075A00014A93046E9F71FFB98E6BDF95210BDF962
:1075B000500003F0C1F94FF4B472B0FBF2F303FBD7
:1075C0001200636A1A9394F83C3003F00303012B12
:1075D00080B211D0022B16D00BB9ADF868001A9901
:1075E0002046FFF7C5FD00283FF44AAE00221C21CB
:1075F0002046E9F79FF843E664235843B0FBF2F0D6
:107600008DF86A00EBE764235843B0FBF2F08DF885
:107610006B00E4E72846E9F7B5F847F6FF72016822
:10762000054604F1140002F0B9FC287128E628464A
:10763000E9F7A0F804462846E9F7EBF8059020465C
:10764000EAF7F6FE06462046EAF7F8FE06EBD6769F
:10765000A38ADFF81493DFF814A3DFF814B346F31A
:107660004F0633449BB20293E38A00EBD07003EBE6
:1076700060039BB211A80393EFF7C8FD11AA002184
:107680002046EAF733FC4FF41D7342F23412002116
:1076900016FB03F3204693FBF2F34FF4056202332B
:1076A000ADF84630EDF7A8F803B2074647F6FF728B
:1076B000089304F11401002314A8F0F7B9FB00218A
:1076C00014A8F0F7FDF9B4F91610B4F91A300690C1
:1076D000B4F91800B4F814C0BAB2801A11449B1A55
:1076E0001CFA87F7ADF83800ADF83610ADF83A302F
:1076F00047F6FF7201230DA91AA8ADF83470F0F710
:1077000097FB00211AA8F0F7DBF9BDF94630079086
:107710000493002700238DF83C308DF832308DF82B
:10772000333094F83C3099F80010C3F3010203F0B1
:1077300003034FF48768012B08FB07F800F0BB80B8
:10774000022B00F0E0808B4216D094F8263085485A
:1077500089F8002003EB4303142103EB0313B3FB6D
:10776000F1F3037094F8273003EB430303EB0313A7
:10777000B3FBF1F38AF800300FAB019379490DF1B7
:107780003303009307EBC70040009AF80020097804
:1077900080B20DF13203FFF7F7FB9DF832309DF810
:1077A00033209DF83C1003F0F803C90843EA521354
:1077B00043EA0123920843EA4233ADF844304FEAEA
:1077C00018230B93049B48F30F22F11810460A92DA
:1077D000099103F065F80999029B484303EBE030F7
:1077E0000B9BADF83C005A331BB2184688460993F0
:1077F00003F056F8039B0A9A08FB00F003EBE03015
:10780000089BADF83E00A6EB0308049B1046A8EBCE
:10781000030803F045F8029B08FB00F003EBE0309F
:10782000099BADF84000184603F03AF8039B08FBAB
:1078300000F003EBE030ADF8420010AB05980FAA62
:1078400011A90137EFF7EEFC562F7FF463AF14A8B0
:10785000F0F796F91AA8F0F793F90698F0F766F999
:107860000798F0F763F92846E8F784FF04462846AE
:10787000E8F7CFFF05461AA8F0F7EAFC1AAA4FF47A
:1078800040312046EAF72CF947F6FF73ADF868302F
:1078900094F82C30DB0704D52046FFF7A1FCADF8A7
:1078A0006C00214614A8FFF7A4FB14AA1AA92846C5
:1078B000F0F7F4FCE4E4012916D0A38C89F8002049
:1078C0004FF4C0614B434FF4B471B3FBF1F3ABF829
:1078D000003094F8273003EB430303EB0313142128
:1078E000B3FBF1F38AF800300FAB01930DF13303D2
:1078F000009307EB47019AF800200DF13203C9B25B
:10790000BBF8000047E7022916D0A38C89F80020B5
:107910004FF4C0614B434FF4B471B3FBF1F3ABF8D8
:10792000003094F8263003EB4303142103EB0313D8
:10793000B3FBF1F30B490B700FAB019309490DF148
:107940003303009307EB470209780DF13203D2B2FB
:10795000D6E72846E8F716FF0378022B1CBF012361
:1079600003708DE4DF02002001000020DE02002011
:10797000DC020020F8B5E8F7FDFE044606F092FFB1
:107980004FF6FF73984200F0DF80204606F08AFF32
:107990000146204606F088FF0546002800F0D48006
:1079A0006A49E8F715FC68B9694B84F83C00196826
:1079B000204606F0F9FE674B19682046BDE8F840FE
:1079C00006F0F6BE64492846E8F702FC50B90123E8
:1079D00084F83C305E4B2046596806F0E5FE5D4B6E
:1079E0005968EAE75D492846E8F7F2FB50B90223F7
:1079F00084F83C30564B2046996806F0D5FE554B2E
:107A00009968DAE756492846E8F7E2FB20B155497C
:107A10002846E8F7DDFB88B9002220212046E8F758
:107A200089FE012840F09080A06B002800F08C8037
:107A300000222021BDE8F840E8F77CBE4A492846EC
:107A4000E8F7C6FB024658B91F212046E8F772FE48
:107A5000012879D1A06B002876D000221F21E9E708
:107A6000A66B002E70D041492846E8F7B1FB20B143
:107A70003F492846E8F7ACFB60B930460A210CF0D4
:107A800099FAA06B0CF0CBF900285DD0A06B002216
:107A90001F21CFE737492846E8F79AFB20B930463F
:107AA000BDE8F8400CF004BC33492846E8F790FBE9
:107AB00020B93046BDE8F8400CF0F6BB2F49284607
:107AC000E8F786FB20B93046BDE8F8400CF010BB63
:107AD0002B492846E8F77CFB074678BB30460CF07C
:107AE0009CF90546A06B0CF08FF903782D2BADB2F5
:107AF00010D10121A06B0CF08BF8A06B0CF0F8FA00
:107B00002B21A06B0CF056FA2946A06BBDE8F8407B
:107B10000CF07EB82B2BA06B07D101210CF078F86C
:107B2000A06B0CF0E5FA2D21EBE739460CF070F86C
:107B30002D21A06B0CF03EFA691CE6E72946304681
:107B4000BDE8F8400CF08CB9F8BD00BF54C1020884
:107B5000280000200400002058C102085CC102086F
:107B60005FC1020863C1020855BD020867C102086F
:107B70006DC10208C0BD0208C4BD020871C102087F
:107B800075C10208F8B590F83D30184F13F00105A3
:107B9000044607D090F83C3057F82310BDE8F84071
:107BA00006F006BE008E400003F0DEF894F83C308C
:107BB000228E57F823105200064602F08BFF2B4608
:107BC000218E9AB2914208D82046314606F0F0FD47
:107BD0003046BDE8F84002F041BF99B2013336F8B3
:107BE000112022F4007226F81120E9E70400002099
:107BF00010B5064B90F83C20044653F8221006F0CE
:107C0000D3FD2046BDE81040FFF7BCBF2800002090
:107C100038B50C4620460421E9F71FFCA38F23F456
:107C2000FF73002523F00103A3872A462B46204635
:107C3000A5630521EAF79EFB2B4607491C22204637
:107C4000E8F7B6FD20462A462946EDF75CFC2046BB
:107C5000BDE83840FFF7CCBF7579010840F2071145
:107C6000C0F3C4034B4307335B11002210B563F329
:107C7000174200F00704C0F3423303EBC40340F2A1
:107C80000314634303339B1163F30F22C0F30423F4
:107C90004B4307335B1163F3070242F07F4010BD93
:107CA000F0B5C0F3423300F0070403EBC40301F066
:107CB0000705C1F34234C2F1FF0604EBC504744367
:107CC00002FB0344C1F3C403C0F3C407734307FBBF
:107CD000023348F28105803480336C436B43C3F335
:107CE000C453C4F3826747EAC307C1F30423C0F354
:107CF0000420734300FB023380336B43C3F3C4534C
:107D000047EA0323E00D43EA4030F0BD4FF00000A6
:107D1000704700002DE9F0430846A1B00D46E8F792
:107D20002DFDA0F11503DBB2012B064600F2E58024
:107D30002846E8F71FFD152E044640F0E58068460A
:107D4000F0F786FA6A4600212046E9F7C9FEFFF7F8
:107D5000DDFF0646BDF80400FFF780FFC0F30743D0
:107D6000C0F3072203EB430303EB820353FA80F2D1
:107D70003146A08CC2F3C702FFF792FF0746FFF718
:107D8000C5FF0646BDF80800FFF768FFC0F30743CC
:107D9000C0F3072203EB430303EB820353FA80F2A1
:107DA0003146A08CC2F3C702FFF77AFF0646FFF701
:107DB000ADFF8046BDF82C00FFF750FFC0F307432E
:107DC000C0F3072203EB430303EB820353FA80F271
:107DD0004146A08CC2F3C702FFF762FFADF82C004A
:107DE000FFF794FF8046BDF81E00FFF737FFC0F392
:107DF0000743C0F3072103EB430303EB810353FA6B
:107E000080F24146A08CC2F3C702FFF749FF8046CB
:107E1000FFF77CFF8146BDF82400FFF71FFFC0F38A
:107E20000743C0F3072103EB430303EB810353FA3A
:107E300080F24946A08CC2F3C702FFF731FF8146AA
:107E4000FFF764FF94F8262001463846FFF728FF25
:107E5000ADF80400FFF75AFF01463046FFF720FF58
:107E6000ADF80800FFF752FF01464046FFF718FF44
:107E7000ADF81E00FFF74AFF0146BDF82C00FFF7E2
:107E80000FFFADF82C00FFF741FF01464846FFF712
:107E900007FFBDF92E30ADF82400503A5343AF210F
:107EA00093FBF1F3ADF82E30BDF93430284653433F
:107EB00093FBF1F3ADF83430E8F7ABFC054601462F
:107EC0000EA8EAF71AF9124B0F9304F114060023D7
:107ED0000EAA1A21204610931B931196CDF848D074
:107EE000E8F728FC324669462846F0F7D7F90EAA8B
:107EF0001B212046E8F71EFC06E005482946E8F766
:107F000074FB01283FF414AF21B0BDE8F08300BF3B
:107F10006CC5020810B508460C46EEF7DBFAFF23E5
:107F200084F82630A08410BD01F1540002F081BC19
:107F300010B50C4620460121F6F7AAFB2046022187
:107F4000BDE81040E9F789BA10B50C46204600217B
:107F5000F6F79EFB0223204600211A46F6F7C0FBE7
:107F600020460221BDE81040E9F777BA474B70B5CB
:107F70000C4620461968EAF7D3F920460021F6F7A7
:107F800087FB94F86230002523F00F0384F86230F9
:107F9000042104F15400A4F8605002F0E2FB2046F2
:107FA000E9F71AFA01216062E9F722FA2146C4E9E9
:107FB0001155E563E56425643548E9F7BFFC0646DD
:107FC000E9F747FD304642F26401EAF753F93046DB
:107FD0000121F6F7A9FB30460121F6F759FB30469F
:107FE0004FF48041E9F704FA30460221E9F735FA07
:107FF0003146A6622748E9F7A1FC0646E9F729FDC4
:1080000042F2D172304642F26401EAF74BF9294656
:108010003046F6F73DFB02231A4629463046F6F76E
:108020005FFB30460221E9F718FA4FF480413046F1
:10803000E9F7DEF92663304605F032FF23460722D2
:1080400006461549E8F7B4FB30464FF48041E9F79E
:10805000CFF929463046F6F71BFB6663304607F03A
:1080600075FF0E4907F07EFF206B09F0E3F8012150
:108070000646E9F7BDF9A663E56225652346204675
:108080000749BDE870401C22E8F792BB540200206B
:1080900014C60208F8C50208A9820108C0BD02087A
:1080A000A580010810B5E8F76FFBC36A04464BB121
:1080B000806B38B1596A99B109F0C8F8A06B0121F9
:1080C000E9F7CBF9236CA3B1E06C90B1596A59B1CF
:1080D00009F0BCF8E06C0121BDE81040E9F7BDB93A
:1080E0000121E9F785F9EDE7BDE810400121E9F745
:1080F0007FB910BD486A10B50C4618B102F0AEFC4D
:108100000023636210BD10B508460C46EDF728FA4F
:10811000416A2046EDF704FB20460121F6F7B8FA44
:108120000223204600211A46F6F7DAFA20464FF4D9
:108130008041BDE81040E9F75BB910B50446006B1B
:1081400078B3E36A6BB394F86210C1F3410101297B
:1081500006D002291ED051B9EDF752FB012103E0F0
:108160000021EDF74DFB0021E06AF6F7DDFA206B08
:10817000EAF716FDE06AEAF713FD206BEAF7F8FF6D
:10818000206BEAF777F9012130B9206BBDE8104088
:10819000E9F72EB90121DFE7206BBDE81040E9F7D0
:1081A0005CB910BD836C8B4209D0436B8B4208D104
:1081B00090F8610001288CBF002001207047012049
:1081C00070470020704710B50446543002F031FB70
:1081D000002384F8603010BD38B50446C06A0D46EF
:1081E00010B1616AEDF79CFA002D3DD004F1540006
:1081F00002F0BFFA056094F86030A16A013384F898
:1082000060302846EDF78CFA206DE56220B1236CD2
:1082100001216BB3E9F75DF9236C9BB394F86230ED
:10822000D9070AD51A07A06C4FF0010123D5E9F749
:1082300014F9A06C0221E9F7DBF894F86030606B68
:10824000012B4FF0010128D9E9F707F9606B0221F2
:10825000E9F7CEF8204600221C21E8F76BFA204609
:10826000BDE83840FFF769BF2046FFF7ACFFCBE71A
:10827000E9F739F9D0E7E9F7BBF8A06C0221E9F793
:10828000ECF8DAE794F86030606B012B4FF00101F5
:10829000DAD894F862301B07D6D4E9F7A9F8606BF6
:1082A0000221E9F7DAF8D5E7F8B50446E8F766FA07
:1082B000072840D12046E8F75DFA05462046E8F752
:1082C00063FA436B9D42044602D0836C9D4232D1D7
:1082D00094F8603084F8613029462046FFF762FF49
:1082E00048BB04F15407384602F0B5FA0146064689
:1082F000384602F0B6FA0546E8B13146384602F093
:108300006FFA304602F0AAFB94F86030013B84F823
:1083100060302946384602F063FA94F86030013B39
:1083200084F8603020462968FFF756FF2846BDE8EC
:10833000F84002F093BBF8BD10B501F130000C46D7
:1083400002F077FA04F12400BDE8104002F071BA9F
:1083500010B50C462421601802F003FA04F1300035
:108360001C21BDE8104002F0FCB900002DE9F04FDF
:10837000DFF820A4E3B050460C46E8F736F90128B0
:1083800040F032812046E8F7F9F906462046E8F742
:10839000F1F9152E054640F027812046E8F739FA15
:1083A00048AC1DA904902846EAF77AF82046EEF773
:1083B0009DF851224FF4A0212846ECF71DFA9DF8B4
:1083C0002D31BDF87860003818BF012060F38203BA
:1083D0008DF82D31BDF874300136F61AC6F3C0326F
:1083E00002FA86F6C6F34F063344ADF80031BDF805
:1083F000763040F26242334400212846ADF8023123
:10840000ECF7FAF90499814650A8E9F776FE4FF4A3
:1084100000335D930023529305F1300318465894BE
:10842000CDF844A1069302F019FA0DF5807B0446BD
:10843000002C40F0DC80BDF87830BDF87410BDF839
:10844000760001335B1AC3F3C03202FA83F3BDF83E
:108450007A200132121AC2F3C03404FA82F25B109D
:1084600052109342A8BF134627AC9AB211FA83F177
:1084700010FA83F32046ADF86A301592ADF8681013
:10848000EEF7C4FE22464FF4C0212846E9F72EFD40
:108490009DF8A53040A843F010038DF8A530EEF705
:1084A000DBFB40AA4FF4C0212846E9F785FC50A821
:1084B0000499E9F722FE4FF4C0235D9303235293FE
:1084C00005F124031846CDF844A15694139302F005
:1084D000C5F90446002840F0D780BDF87860BDF8A3
:1084E00074300136F61AC6F3C03202FA86F6C6F3C5
:1084F0004F063344ADF8B830BDF8763040A8334469
:10850000ADF8BA300DF59079EEF780FE40AA4FF441
:10851000A0212846E9F7EAFC4846EEF749FA4A4620
:108520004FF4A0212846E9F798FC40F26242214628
:108530002846ECF761F9049980465FFA80FA50A862
:10854000E9F7DBFD934B519306982EAB599302F05C
:1085500085F94FF00A0B0446002C40F0E182BDF88B
:108560007840BDF874600134A41BC4F3C03303FA2F
:1085700084F4BDF87630C4F34F0450A826441C445C
:10858000EFF766FE50AA4FF400312846E9F7A8FA43
:1085900041F201024FF400312846ECF72DF941F287
:1085A000040207B24FF400312846ECF725F907EB37
:1085B000D777B6B2C7F34F07F31BADF82031C0F33E
:1085C000C03303FA80F0C0F34F00A4B2231A3E4434
:1085D000044448AA0498ADF8223150A9ADF82461AA
:1085E000ADF82641EFF75AFE63B0BDE8F08F23796E
:1085F000032B43D1238BADF82031238AADF82231F0
:108600006279FD2A9DBF5FFA89F353431B124B46E3
:108610008DF82C312768B7F92030FA8B1A44009274
:10862000D7E90512A06802F0E9F9B7F92030FA8B12
:108630001A440092D7E905128046E06802F0DEF99C
:10864000638B61943344074650AA1A212846ADF83B
:108650007C31CDF864B1BFB2E8F76CF81FFA88F34B
:10866000049800935A4648A9BDF87C310197EDF76C
:1086700048FF50AA1B212846E8F75CF821460698D7
:1086800002F0F3F80446D3E6159AA38BA789619408
:1086900013449EB2F11B1BB21FFA81F8169309B264
:1086A000A3881791BDF86810F21A9B1B11FA83F08A
:1086B000ADF87C00BDF86A0011FA82F110FA83F37C
:1086C00010FA82F2ADF87E30ADF88010ADF882205D
:1086D000012347F6FF721FA92EA8EFF7A9FBBDF8EB
:1086E0006830BF1B13FA87F2ADF88420BDF86A200A
:1086F000013B434412FA87F7013AADF888309044C1
:10870000012347F6FF7221A934A8ADF88670ADF8B1
:108710008A80EFF78DFBBDF868309A1BADF88C208E
:10872000BDF86A20013B911B3344013AADF88E102D
:10873000ADF890301644002347F6FF7223A93AA8FB
:10874000ADF89260EFF774FB00213AA8EFF7B8F9A3
:1087500063890C90D3B1013B0793002308939DF8E4
:10876000203062881293934216D32EA8EFF708FAAE
:1087700034A8EFF705FA3AA8EFF702FA0C98EFF7EA
:10878000D5F91398214602F070F8A2E64FF6FF7370
:10879000E2E700BFD8C60208079B1298013307938F
:1087A00007996389994204BF00230793A369009343
:1087B000636902F1FF324FF000010CBF4FF0010A74
:1087C0004FF0000A02F01AF905906090BAF1000F1C
:1087D00000F02381237A03F00702DB081193637A08
:1087E000109203F01F025B090F93B4F90E300E9242
:1087F00006980D9302F032F8119B0993DDE90E877C
:10880000109BDDF834B00A930646002E40F0148128
:10881000129BB4F81E90208C03FB09F963884FEA81
:108820000929013B99FBF3F94FEA292318935FFAD1
:1088300089F3C9F30F29484400B20B9302F030F8D2
:10884000189B218C1490581C83B211FA80F000B24E
:10885000199302F025F80B9B149AC3F580715843C5
:1088600001FB0200228C18915A32031209EB02001C
:1088700000B2149302F014F8228C199B5A328146EC
:10888000981800B202F00CF80B9B0A9A1899ADF8F0
:108890009EB058439DF89C3062F30203099A62F33C
:1088A000C7038DF89C309DF89D30BDF8682068F3B3
:1088B000040367F347138DF89D30169B01FB0909EC
:1088C0005B444FEA292903FB09F17F3102EBE132D6
:1088D000ADF86C20149A5343BDF86A207F3302EB45
:1088E000E3331AAFADF86E3040A9129B59975E93EF
:1088F0005591BAF1000F00F008810C98EFF716F9C6
:108900000DF5907B179BB4F910A0BDF86880BDF8F9
:108910006A70202240A95846A3EB0A0A02F0DAF84E
:10892000CDF854B10DF1A80B059BAD4A1021584666
:1089300002F066FE50AA1A212846CDF86CB1E7F77E
:10894000F9FE41F6FF730193BDF91231409A5B992C
:1089500000931CA8BDF91431029604F026F8BDF965
:1089600070201499009602EBD273A8EB6308BDF94E
:1089700072300AFB09F903EBD3700AFB01F17F3176
:10898000A7EB600709F17F0907EBE13708EBE9384E
:108990001FFA88F8BFB255990498ADF89480ADF8E5
:1089A000967090441F4425AA5B9BADF89880ADF863
:1089B0009A70EEF76FF931463AA8EFF781F80C900C
:1089C00034A80021EFF77CF81AAB1BAA27A90646AA
:1089D0000498EEF727FC3046EFF7A8F850AA1621C6
:1089E0002846E7F7A7FE9DF89C30109A62F3020331
:1089F000119A62F3C7038DF89C300E9A9DF89D3052
:108A000062F304030F9A62F347138DF89D300D9BB8
:108A1000ADF89E30089B0133A0E6237803F00702EF
:108A2000DB0811936378109203F01F025B090F9328
:108A30000E92B4F90630DBE63379022B18D1B16817
:108A4000059B8B4214DBF268934211DC338A708AF7
:108A50005B440FFA83FBB38A98420FD1B37CF77C57
:108A600003F00702DB0807F01F080A9209937F0949
:108A70003146069801F0F9FE0646C6E6B37DFF20B2
:108A800013F0010300900CBFD4E9051200230598F0
:108A900001F0B4FFB77C337DC0B2C0F1FF0EFA081D
:108AA000D9080EFB02F201FB0022717D48F2810C15
:108AB00003F007034FEA5118803208EBC3080CFBA0
:108AC00002F2F37CC2F3C45207F0070709925A0975
:108AD00002EBC7020EFB02F203F01F0300FB0827A4
:108AE00001F01F010EFB03F8803701FB00880CFB2F
:108AF00007F708F18008C7F382620CFB08F80A92B6
:108B0000C7F3C257C8F3C458B2E750AA1A2128467F
:108B1000CDF854A1CDF86CA1E7F70CFE2EA850E7D4
:108B2000276861942379012B5CD1B7F92030FA8B47
:108B30001A440092D7E90512E06801F05FFF638AEA
:108B4000BA8B0146334400B29F18059101F0A8FE8C
:108B50003FB2059900FB07F2BDF8BA0047F6FF7374
:108B600092FBF3F2024401F15A0000B2ADF8EA20A0
:108B700001F096FE47F6FF73784390FBF3F0BDF8E3
:108B8000B8301844ADF8E800A38AADF80031238A64
:108B9000ADF802316279FD2A9DBF5FFA88F3534335
:108BA0001B0A53468DF8083101235E9340AF3AAB60
:108BB00050AA1A2128465A935697E7F7BBFD049806
:108BC0003AAB2EAA3946EEF72DFB50AA1B212846B8
:108BD000E7F7B0FD2146069801F047FE0446BBE4E6
:108BE00018C10208002BF5D12369002BF2D0B7F988
:108BF0002030FA8B1A440092D7E90512E06801F0A0
:108C0000FDFE34A907462069F0F78AFBB4F914C0C9
:108C1000BDF8B8203499B4F91600BDF8BA30A2EB0B
:108C20000C02C1F38A2192B20139ADF8E8200A445E
:108C3000ADF8EC20BDF8D2201B1AC2F34A129BB249
:108C4000013AADF8EA301344ADF8EE306279ADF890
:108C50002601FD2A9CBF5FFA88F353430BFB07F7FD
:108C600094BF1B0A5346B7F5616FC8BFA7F561678C
:108C700050AA1A2128468DF82B31ADF824C1ADF841
:108C80002071CDF85C91E7F755FD236904983AAA65
:108C90004946EDF7D3FE98E72DE9F04304468BB043
:108CA000122105A802F0DAF8A36E002B236E4FDA2A
:108CB000002BB4BF2D222B228DF8142000250DF19E
:108CC0001506002B01AF2E4AB8BF5B420E21384675
:108CD00002F096FC3846E7F785FA94F8708008F0C1
:108CE0000F08A8EB0002002A0ADD01303B1813F838
:108CF000011D9954BB42FAD13021384611F08EFC47
:108D000094F870200F2A8CBF4FEA1219C1463846DA
:108D100000234B4502D010F8011BE1B90F2A1ED8E1
:108D200005A920460BF03CFA94F87010E36E01F0B0
:108D30000F010A22092B1EDC4945C4BF0131C9B20B
:108D4000491BC9B220460AF063FF0BB0BDE8F083AF
:108D5000012505AEB5E706F8011B0133D9E72E2240
:108D600006F8012B9845DBDDFA5C002AD8D006F81E
:108D7000012B0133F6E70139C9B293FBF2F3D9E7CE
:108D800018C1020838B5134B0022C1E91823124B51
:108D90000125C1E91A35B1F8703023F4FF6323F0DF
:108DA000070343F480630C4643F00503A1F87030D9
:108DB000204629460AF0EDFF294620460AF0E2FF48
:108DC00020468221E9F73EFA2046BDE83840FFF709
:108DD00063BF00BF9F8601006179FEFFC36E092B50
:108DE000D2BF01230A2293FBF2F3C366FFF754BFFD
:108DF000C26E416E0A235A43836E002BB8BF5B429A
:108E00008B42B8BF0B469342A8BFC266FFF744BF70
:108E1000026EC16E436E10B454189C420CDC002CE0
:108E200003DD002ABCBF52420266036E0B445DF8AC
:108E3000044B0366FFF730BF90F87110C907F6D5F1
:108E40009A4208BF836EF2E7026EC16E836E10B461
:108E5000541A9C420CDB002C03DA002AC4BF524295
:108E60000266036E5B1A5DF8044B0366FFF714BFDE
:108E700090F87110C907F6D59A4208BF436EF2E721
:108E8000F8B554480D46E7F7B0FB012807466BD10B
:108E90002846E7F773FC06462846E7F76BFC082EE2
:108EA000044672D1E7F738FEE7F73CFE0428204677
:108EB00030D1E8F72FFBE7F72AFE002854D094F8CA
:108EC000702002F00F02012A4ED994F87130E56E3D
:108ED00003F00603042B11D1012D04DD2046BDE86B
:108EE000F840FFF77BBF023A0A20002101F06EFD37
:108EF000E0662046BDE8F840FFF77ABF013A0A2055
:108F0000002101F063FDEB1785428B41F1DB0A2361
:108F1000E366E3E70AF078FF0546E7F763F9236CB9
:108F2000EA5C2E2A21D120460BF0C2F994F8701089
:108F3000206C01F00F03B0EB111F03F1FF3382B27D
:108F400004D90F2984BF02F1FF3292B29B1AA26E9C
:108F5000002AB8BF0133002101220A2588B28342CA
:108F600001F101010FD8E266F8BD984204D1411E1B
:108F700020460AF04DFED9E7002BD7D1A36E002B77
:108F8000D4DA3946F4E76A43E8E70D2EECD1E7F787
:108F9000C3FDE7F7C7FD06462846E7F7F3FB016880
:108FA0001329204605D1042E99D1BDE8F840FFF7DA
:108FB0002FBF142905D1042E9CD1BDE8F840FFF73E
:108FC00043BF1129F1D01229F7D0BDE8F8400AF0CB
:108FD000F1BF00BF2CC7020870B50C4690B002214B
:108FE0002046E8F73AFA684600F048FE164B01932F
:108FF0004FF6FF73ADF83C30144B00941B680A9396
:10900000134B1B686846CDE9073303F5B473099326
:1090100000F07AFE0F4B069300250F4B01934FF49F
:10902000B4766846CDE90755099600F06DFE3246E4
:109030002946204604F00BF84FF48771204604F0CF
:1090400012F810B070BD00BF63900108E802002064
:10905000E40200200F9E01085D90010889B203F030
:1090600090BE89B203F0CDBE91F82C3013F00C0FF6
:1090700070B50C4616D194F82C309B0722D1606A4B
:1090800001F0ECFC0023636270BD52F8250001F092
:10909000E5FC636A43F825600135238D626AAB42C3
:1090A000F3D8E8E700252E46F7E752F8350001F03F
:1090B000D5FC636A43F835600135238D626AAB42A3
:1090C000F3D8DCE700252E46F7E7000070B5464BE5
:1090D0001B7881F82C30013B0D46072B09D8DFE8BF
:1090E00003F05C5E08040808085A01212846F5F7D9
:1090F000CFFA42F2640211462846E9F7D3F828462F
:1091000005F046FB06462846E8F766F901210446C5
:10911000304605F0ADFE042001F026FE334B6862B8
:1091200001460360304605F03FFB00231C22304916
:109130003046E7F73DFB4FF480413046E8F758F9F9
:1091400000231A462B492046E7F732FB0021204630
:10915000EAF739FA95F82C30042B24D021D8013BBA
:10916000012B32D9E7F706FC10B13146E7F72CFCAA
:1091700020460021F5F78CFA20460321EAF746FA4B
:1091800020468021E8F734F920464FF48061BDE89D
:109190007040E8F762B90921A8E70021A6E7082195
:1091A000A4E7082BDED1144B42F264013046B3F938
:1091B0000020E9F777F842F264012046E9F742F827
:1091C00001212046F5F7B0FACCE70B4B3046B3F956
:1091D000001042F26402E9F765F842F264012046A9
:1091E000E9F748F8ECE700BFEE020020EA020308C6
:1091F0004B930108B9920108EC0200200121ECF721
:10920000B2B90021ECF7AFB9038D2DE9F0478B42DD
:1092100005460E46174698BF03F1FF36E9F7A8FF4B
:109220002846FFF7EBFF814648B341F615020021BF
:10923000EBF7E2FA04B24846E9F706F90021824664
:1092400041F26A422846EBF7D7FAC0B2012804EB94
:109250000A031FFA86F80ABF764213FB08F113FBD4
:1092600006F13A4609B24846EAF7DAFD2846FFF722
:10927000C8FF8022414605F0E4FAA5F82A80BDE83F
:10928000F087000038B50B480C46E7F7AEF9012827
:109290000ED12046E7F772FA05462046E7F76AFA4C
:1092A000292D05D1BDE83840418D0022FFF7ACBF24
:1092B00038BD00BF64C7020873B50446E7F75AFA21
:1092C00005462046E7F75AFA06462846ECF748F9DD
:1092D0002B2E044606D1418D002202B0BDE870401D
:1092E000FFF792BF0A2E2ED101A92846EAF704FB08
:1092F0002846E9F7A9F841F26A42064600212046CD
:10930000EBF77AFAF30FBDF90450C0B233440128E9
:1093100043F34F030BBF5B1BED1893FBF6F395FB79
:10932000F6F50CBF1DB22DB2668D25EAE57501225A
:1093300029462046FFF768FFB54204D000221C21D1
:109340002046E7F7F7F902B070BD38B5E7F712FA33
:109350000546ECF705F90446284605F0A3FA012274
:1093600001462046BDE83840FFF74EBF10B542F237
:1093700064020C4620461146E8F794FF00231A4683
:1093800008492046E7F714FA20468021E8F730F82C
:1093900020460321EAF73AF920460321BDE81040B0
:1093A000EAF73FB9A99301082DE9F7430446E7F727
:1093B000E5F905462046E7F7DDF90A2D044646D1D2
:1093C000E9F742F806462046E9F754F801A90746AE
:1093D0002046EAF791FA06EBD673BDF9045043F341
:1093E0004F031D4407EBD77395FBF6F515FB06F508
:1093F000BDF9066043F34F031E4496FBF7F616FBD8
:1094000007F62DB236B24FF000082046ECF7BAF856
:10941000404501D80F2516E041462046ECF7A3F859
:109420000746E8F7C2FF81463846E8F7DAFF4D45C0
:1094300010D186420ED1676200221C21204697F887
:109440002450E7F777F929462046EAF7D0F803B029
:10945000BDE8F08308F10108D7E700002DE9F041ED
:1094600008460C46ECF77CF842F2640211460546C9
:109470002046E8F717FF2046E9F77AFE124FDFF89B
:1094800050802846E8F7E0FF396811FB00F12846D4
:109490000EB2E8F7EFFFD8F8002012FB00F212B28C
:1094A00031462046E8F7C3FE084BD8F8002019786B
:1094B0003B6884F82410134304D12846BDE8F041EA
:1094C000EAF795B8BDE8F081F4020020F802002028
:1094D000F002002070B508460C46ECF741F806464D
:1094E000E8F7A6FF05463046E8F7A8FF29460246FA
:1094F0002046E8F7D7FE01212046F5F7C9F82046B7
:10950000E7F76AFF0F4B0546B3F9002042F264010A
:10951000E8F7C8FE28460021F5F7BAF802231A46F4
:1095200000212846F5F7DCF82046E7F755FF012132
:109530000446F5F7F9F8204642F26401BDE87040B0
:10954000E8F780BEFA02002000B9FEE7436818473A
:109550002DE9F0410D4616469846044600B9FEE74F
:1095600001B9FEE700230B602768434632462946CF
:109570002046B84728B1AB7BDB0602D42C60BDE89F
:10958000F0816469002CEFD1F9E71FB5134600B9EB
:10959000FEE70A466946FFF7DBFF08B1BDF80400A5
:1095A00005B05DF804FB03780A78934209BF4B7855
:1095B000981A4078C01A704703880A88934209BFF6
:1095C0004B88981A4088C01A704700880B88C01AC8
:1095D00070470000F0B50C4685B079B105696A693D
:1095E00072B96F8A0020C7F308074FF0140C83B2DA
:1095F0009F420BD812B1002314605360002003E097
:1096000013688B42EDD1506805B0F0BDAB680CFB20
:1096100000F699199B59B1F804E0E31A9E4500F150
:109620000100E4D38A7C022A02D1C888184419E0D8
:109630001AB9CA68D05CCB88F8E7032A18D1ADF80C
:109640000E30184B0A8A0093896802230DF10E0030
:1096500003F007FA30B1AB6833449A68DB88801AAC
:1096600003EB60006B69002BCED0C3E90040CBE771
:10967000012A14D1ADF80E300A4B0A8A009389688A
:1096800002230DF10E0003F0ECF90028EAD0AB68DC
:1096900033449A68801ADA68DB88105AC6E70020DB
:1096A000E0E700BFCB950108092910B508BF2021CC
:1096B0000469FFF78FFF58B1E37C3F2B9FBF6368BE
:1096C00053F830302068C3F3130394BFC018002050
:1096D00010BD00002DE9F043092A85B00D46114662
:1096E00008BF20210669804699460CBF0127002744
:1096F000FFF770FF044640B3F3684BBB002371686B
:10970000328A01EBC40153434A88C2F30B101B1188
:1097100002460FB102B25200083313441B09AB805A
:109720004B792B810A79EA8091F906306B8191F9A6
:109730000730AB81F17CAB7BC1F3430123F01F0306
:109740000B43AB73002F5FD1012005B0BDE8F08360
:1097500049464046FFF73EFF0028CFD0D8F81020FA
:10976000D2F80C80D27C930639D498F80B203F2A8B
:109770001AD8D8F80090D8F8082004EB0023ADF8E8
:109780000C30234B009322F040420223494603A8A9
:1097900003F067F903460028B1D0A0EB09035B1082
:1097A000D8F80420D356AAE702F0C002402AA5D177
:1097B000D8F80090D8F80820164B009304EB00402E
:1097C0000390042322F04042494603A803F049F9DC
:1097D0000346002893D0A0EB09039B10E0E7D8F8DC
:1097E0000420D8F80810125D095C002A86D00029F0
:1097F00084D0D8F8003098F80D00013A0B4400FBF3
:10980000023313F9013C7AE75200EA809CE700BF7B
:10981000A7950108B99501087047000010B54C21C3
:10982000044601F01BFB0D4A4FF0FF33C4E900234F
:109830000023A360236923F4FF3323F4E47343F488
:10984000824343F0080323614EF20703A386044BCF
:10985000C4E90F333823636410BD00BF4001F0003A
:10986000E1940008F8B504460D4617461E461C2133
:1098700001F0F4FAC4E90057C4E90256F8BD00004B
:109880002DE9F3410546424800F073FF044600B954
:10989000FEE7AB6B53B9686C01F066FA064600B997
:1098A000FEE70146EB6B28469847AE63394F4FF40D
:1098B000AC71204601F0D2FA3748256022460A21D1
:1098C0003E683C6002F090F9606000B9FEE72B7CD6
:1098D0009A070AD5E9682A886888C96812FB00F2E5
:1098E00091423CBF6FF341032B74FF2384F829306E
:1098F0004FF6FF736385FBF771FA0546002843D1E5
:10990000052000F05FFD8046284600F05BFD234BFC
:1099100000930246012341462046F9F75BFFA06011
:109920000020E7F759FD20610020E7F755FDE061D1
:109930000020E7F751FD1A4A20620021E069EBF7A9
:1099400019FA174A206A0021EBF714FAE06902219C
:10995000E7F783FD206A0221E7F77FFDE069002138
:10996000E9F731FE0021206AE9F72DFE2069E8F7CA
:10997000ADFE002E08BF264660683E6002F03EFA4B
:10998000204602B0BDE8F081FBF71CFAC7E700BF34
:10999000E804002004030020A9600008D4C70208DE
:1099A000FFFF0F00014B1868704700BF0403002041
:1099B00010B9064B186840B103681A7CD20602D56C
:1099C000B3F902007047B3F90000704704030020A8
:1099D00010B9064B186840B103681A7CD20602D54C
:1099E000B3F900007047B3F9020070470403002088
:1099F00010B9054B186820B103681869C0F3C91085
:109A000070478220704700BF04030020C368002213
:109A10001A615A61704700000146034809B900F015
:109A20001ABF00F01EBF00BFE80400200368D8681A
:109A3000704700000146034809B900F00CBF00F070
:109A400010BF00BFDC040020034B00221A70034A41
:109A50001368034413607047080300200C030020C0
:109A6000044B1868044B4FF0010119701A78002A52
:109A7000FBD070470C0300200803002010B50446FB
:109A8000FFF7EEFF001B10BD13B54FF4806300938A
:109A900004460023826AC06A194600F0AFFFE269FB
:109AA000636A9B1A584302EBA02002B010BD00006D
:109AB00008B5094B094801221A7000F0CCFE084B8A
:109AC00020B91868BDE8084002F08EB91868BDE8F2
:109AD000084002F08EB900BF15030020C404002026
:109AE000100300202DE9F843534F544E3868DFF837
:109AF0005481DFF84C91FFF7C1FF3378054683F0BE
:109B000001034F48337000F0A6FE044624B9FFF766
:109B1000A7FF3860BDE8F883002388F8003094F888
:109B20003E303278C3F3800191427FD062F38203EA
:109B3000190784F83E30DAB21AD4E36A002B17DC36
:109B4000EB4215D4D30709D423693BB1204698478B
:109B5000E3690344E361636A03446362A3680BB18E
:109B60002046984794F83E3043F0080384F83E308E
:109B7000E36A2B44002BE3622BDBA26A9A42D4BF38
:109B8000E262E3622046A3699847236A8342014662
:109B900004D0636820620BB120689847D4E90A03B7
:109BA000834216DB94F83E30A28F616B13F0020300
:109BB0001DD1B2B9002936D12148214600F010FE4E
:109BC000FFF776FFE3680BB120469847204600F088
:109BD00045FF98F800304BB3484600F03CFE044681
:109BE00094E74FF6FF7C624504D0013AA287A28F2A
:109BF000002ADFD0A26B5242E2620029E9D013B9F9
:109C0000226B5242E26294F83E206063B3FA83F31F
:109C10005B0963F3410284F83E20E269636AE36111
:109C2000C4E90921D5E7002BE4D0C5E72146484621
:109C300000F017FED3E700BF180300201403002034
:109C4000C40400201503002008B50848402100F096
:109C500088FD00220A21064801F0C6FF054B186066
:109C6000FFF726FF044B00221A7008BDC404002031
:109C7000E59A0108100300201503002010B54021CB
:109C8000044601F0EBF84FF4FA73A3620023E3619A
:109C9000642363620123A387044BA36194F83E30DD
:109CA00043F0010384F83E3010BD00BF899A0108DB
:109CB0002DE9F84305461348DFF848900E4600F0BA
:109CC000CAFD4FF00008044614B94046BDE8F883C9
:109CD0002146484600F0C5FD2368AB42074600D048
:109CE00075B96368B34200D056B92146484600F0C2
:109CF00077FD204600F0B2FEFFF7DAFE4FF00108D4
:109D00003C46E1E7C4040020416838B5054611B17E
:109D10000068FFF7CDFF1A4800F0B6FD18B1FFF755
:109D20009FFE184B1860164800F023FD044600B94A
:109D3000FEE74022294600F0CDFE2B68124AAB42D6
:109D4000127894F83E3008BF246062F3820384F8EE
:109D50003E30DB070FD523693BB120469847E369C6
:109D60000344E361636A0344636263681BB1206870
:109D700008B1E1699847FFF79BFE204638BD00BF58
:109D8000C4040020180300201403002070B5054609
:109D90000948094E0C4600F05EFD00B970BD03682D
:109DA000AB4204D14368A342F8D0002CF6D0014660
:109DB000304600F056FDF0E7C4040020891A00295F
:109DC000B8BF49424FF47A72034651439942B1FBFE
:109DD000F0F038BF0130704737B54FF4806500951B
:109DE00000230446826AC06A194600F007FE009507
:109DF00040F2B6334FF46172002100F07DFDE2695C
:109E0000636A9B1A584302EBA02003B030BD37B5FC
:109E10004FF48065009500230446826AC06A1946A3
:109E200000F0ECFD00954FF46E733222002100F03B
:109E300063FDE269636A9B1A584302EBA02003B0FA
:109E400030BDD0E90A329A42ACBF406AC06970475F
:109E500030B5B0F90430B0F9005040885B1B03EB1B
:109E6000D373121A5C10C3F34F03491BD21AC91AD9
:109E700012FB02F2644311FB01218C4234BF00202B
:109E8000012030BD8380BDF9003001804280C38055
:109E9000704703880139194481807047438801392C
:109EA0001944C1807047B0F90030B0F90420B0F90E
:109EB0000210D21AB0F90630581A013002FB000025
:109EC0007047038889B25B1A0380838819444388EA
:109ED000818092B29B1A4380C3881A44C280704723
:109EE000038813FA81F30380838813FA81F143888E
:109EF000818013FA82F34380C38813FA82F2C2800E
:109F00007047B1F9003070B5B2F90050B1F9046092
:109F10009D42B8BF1D460446B1F902300580B2F932
:109F20000200B1F906108342B8BF0346B2F904003B
:109F3000B2F906206380B042A8BF30468A42A8BF6B
:109F40000A468542A080E28004DC9342CCBF002018
:109F5000012070BD0020FCE7B2F9003010B5B1F966
:109F60000040A342A8BF23460380B1F90240B2F9E2
:109F70000230A342A8BF23464380B1F90440B2F99E
:109F80000430A342B8BF23468380B2F90630B1F94A
:109F900006209342B8BF1346C38010BD2DE9F04F91
:109FA000B1F90090B0F90040A14587B08846C0F2F1
:109FB0008880B0F904300193994500F38280B1F9AB
:109FC00002A0B0F902B0DA457BDBB0F906309A4561
:109FD00077DC002A03DC012007B0BDE8F08FBDF874
:109FE00004000290A7B20130C01B9EB2ADF8104031
:109FF000C0F3C0341FFA8BFC04FA80F0741CA4EB8D
:10A000000C04C4F3C03505FA84F540106D10A84265
:10A01000A8BF28469042A8BF10461CFA80F417FA41
:10A0200080F7002285B2BFB224B204A80393ADF832
:10A030001470ADF812B0ADF81640FFF7AFFF039BF8
:10A04000024640B13D44ADF814505246494604A87A
:10A05000FFF7FEFEC0E7761BB6B2414604A8ADF896
:10A060001260ADF81630FFF799FF024630B12F4469
:10A07000751BADF81470ADF81250E6E7029B5F1B3C
:10A08000BFB2019BADF81070414604A8ADF8143082
:10A09000FFF784FF024630B17F1B761BADF81070CE
:10A0A000ADF81260D1E7414604A8ADF812B0ADF8A2
:10A0B0001640FFF773FF00288DD07F1BADF810709E
:10A0C000C3E7002088E7B0F90020B1F904309A42D4
:10A0D00014DCB0F90420B1F900309A420EDBB0F97B
:10A0E0000220B1F906309A4208DCB0F90600B1F955
:10A0F00002309842B4BF0020012070470020704712
:10A100002DE9F341B1F90030B0F90070BB420C46C3
:10A11000154603DD002002B0BDE8F081B0F9023041
:10A12000B1F902109942F5DCB0F90460B4F90410F9
:10A13000B142EFDBB0F90680B4F906104145E9DB26
:10A140002AB301A92046ADF80470ADF80630FFF738
:10A1500025FF0028DED02A4601A92046ADF804607C
:10A16000FFF71CFF0028D5D02A4601A92046ADF8EC
:10A170000470ADF80680FFF711FF0028CAD02A4608
:10A1800001A92046ADF80460FFF708FFC3E70120EE
:10A19000C1E72DE9F341B1F90030B0F90460B342F1
:10A1A0000C4615463FDCB0F90680B1F90230434554
:10A1B00039DCB0F90070B1F90430BB4233DBB0F9DF
:10A1C0000230B1F9061099422DDB1AB9002002B015
:10A1D000BDE8F08101A92046ADF80470ADF8063065
:10A1E000FFF7DCFE0028F1D12A4601A92046ADF890
:10A1F0000460FFF7D3FE0028E8D12A4601A92046D3
:10A20000ADF80470ADF80680FFF7C8FE0028DDD178
:10A210002A4601A92046ADF80460FFF7BFFE80F092
:10A220000100C0B2D3E70120D1E7F0B5C0F342335B
:10A2300000F0070403EBC40301F00705C1F3423447
:10A24000C2F1FF0604EBC504744302FB0344C1F3EF
:10A25000C403C0F3C407734307FB023348F281050C
:10A26000803480336C436B43C3F3C453C4F38267BD
:10A2700047EAC307C1F30423C0F30420734300FB80
:10A28000023380336B43C3F3C45347EA0323E00D27
:10A2900043EA4030F0BD4FF00000704710B583072F
:10A2A0008CB21CBF20F8021B02F1FF3204EB044108
:10A2B000102A00F1200304D800EB420290420BD197
:10A2C00010BD43E9081143E9061143E9041143E9CC
:10A2D0000211103A1846EBE720F8024BEEE708B5FA
:10A2E00003460A46FFF7D7FF1946BDE80840FFF7C7
:10A2F0009CBFC1EB0121642370B589B2C2EB02227D
:10A30000B1FBF3F111F0FF0692B2B2FBF3F2D2B25D
:10A310000BD1D30850091946C2F3820240EAC100AA
:10A3200040EA032040EA423070BDC0EB00202B2100
:10A330004FF4B473B0FBF3F398B2B0FBF1F06FF0ED
:10A340002A01C0B201FB003303EB43035B00DBB225
:10A3500016FB03F1C3F1FF03734309121B12C1F192
:10A36000FF01C6F1FF05C3F1FF03554302FB01F4F2
:10A370005343C5F30725C4F30721C3F30723042878
:10A380001BD8DFE800F003050E11150011461A4630
:10A39000C2F34210C1F3C401C5F3C403C2F3820285
:10A3A000BCE729461D46F3E70B4629461546EEE76E
:10A3B00011462A460D461946EAE70B4611462A463B
:10A3C000F0E70000122801D9FFF765BF014B33F811
:10A3D000100070476EFE0208122801D9FFF75BBF1C
:10A3E0000139C9B20429F9D800EB8000024B0844B6
:10A3F00033F81000704700BFB0FD0208122801D9E1
:10A40000FFF749BF0139C9B20329F9D8024B01EB63
:10A41000800133F81100704718FD0208014804213B
:10A4200000F09FB9D004002038B504464068B0B1B0
:10A43000C368B3B12168984763685B88054643B138
:10A44000A36833B1D86808B100F008FBA06800F039
:10A4500005FB0023C4E90033A360284638BD0B2563
:10A46000FBE70925F9E72DE9F04F044687B00F46D1
:10A4700015469A4613B10023CAF8003060680028D8
:10A4800000F0A080D0F810B0BBF1000F00F09D806C
:10A49000B0F8029000230493B9F1000F00F08A8015
:10A4A000A268D2E9001C9668D2F80C808E4255D37F
:10A4B000664553D219FA81F2B6B292B2A2EB060BFC
:10A4C0001FFA8BFB711A5D45039218FA81F10BD8C4
:10A4D0002A46384600F0FEFAA268049593682B4499
:10A4E00093604FF0000915E038465A4600F0F2FA42
:10A4F0004D4560685F444FF0000315D904AB0093ED
:10A5000006692168A5EB0B033A46B0478146B9F1CD
:10A51000000FE1D0BAF1000F02D0049BCAF800305E
:10A52000484607B0BDE8F08F059305AB009321685E
:10A53000D0F810B04B464246D847A2685368013362
:10A54000136005991944039B51602E44F21A814609
:10A5500092B24146384610F0F4F8D8E74D4506D996
:10A5600004AB009321682B463A46D847CEE7B8F1B2
:10A57000000F0CD14846039200F0F6FB039AA36843
:10A58000D060D3F80C80B8F1000F00D1FEE70023B3
:10A590006068059305AB009342464B46D0F810B077
:10A5A0002168D847A2681660059B334453608146F2
:10A5B0002A46CEE704AB009321682B463A46D8479B
:10A5C0008146A7E74FF00B09AAE74FF00909A7E773
:10A5D00037B5044640681346002838D08569002DF9
:10A5E00037D0428882B1012B10D0022B1FD013B17B
:10A5F000002003B030BDA3681A6899608A4202D86F
:10A600005B688B42F4D200230A460AE0A3689A688A
:10A610000A4419689A608A4202D35B689A42E7D971
:10A6200000232168AC4603B0BDE8304060470A46CD
:10A630002168A8470028DCD160682168C36901AAA5
:10A6400098470028D5D1A368019A9A60D1E70B20DA
:10A65000CFE70920CDE70346406810B40A4620B989
:10A6600008600B205DF8044B7047C46914B90C6096
:10A670000920F7E7418821B19B689B68136000209F
:10A68000F0E7196823465DF8044B184738B50446CF
:10A690000848084D00F0DFF8014609B9084638BD02
:10A6A00008680378A342FAD0284600F0DAF8014699
:10A6B000F3E700BFD0040020F8B5064617460C4665
:10A6C00051B30878FFF7E2FF054638B343681BB97A
:10A6D000AB6833B9092003E098470028F8D101207E
:10A6E000F8BD62783A2A14BF611CA11C3A4628467C
:10A6F0009847431E033313D86B88C6E900050BB98E
:10A700000020EDE7102000F02FFBB06000B9FEE75D
:10A71000102100F0A3FBF3E70B20E1E70320DFE7C4
:10A720000C20DDE710B50446E5F75CFD08B90748E5
:10A7300004E0235C2E2B02D10130204410BD2F2BCE
:10A74000F5D05C2BF3D00138F0E700BFEA02030834
:10A7500009B10368CA50704711B1036819444A60CF
:10A7600070470331002321F00301C0E90133016088
:10A77000704738B504460068083000F0F5FA054621
:10A7800080B1014600222046FFF7E2FF6268FFF732
:10A79000E3FF616811B12A46FFF7DAFFA36865603D
:10A7A00003B9A560284638BD38B5054600680830AD
:10A7B00000F0DAFA044688B1014600222846FFF785
:10A7C000CBFF2146AA68FFF7C3FFA96811B1224653
:10A7D000FFF7C2FF6B68AC6003B96C60204638BD00
:10A7E00038B50B4640B1D0E90014A3420AD10B445E
:10A7F0005968416009B9816038BD0022BDE8384020
:10A80000FFF7A6BF85685C58AB4209D184600CB9DC
:10A810004460F1E721460022BDE83840FFF79CBFC5
:10A820000B4421465D682A46FFF796FF22462946DB
:10A83000E4E770B5044608B1456805B970BD236802
:10A840002B4429465E682046FFF7CAFF284600F0E1
:10A8500005F93546F1E700B14068704700B18068FE
:10A86000704703681944486870470368C8587047C0
:10A87000034640B14268002002B9704719680A4493
:10A8800001305268F8E7704730B1436833B98068E7
:10A89000B0FA80F0400970470120704700207047EF
:10A8A0004FF4B47390FBF3F202FB130000B20028E4
:10A8B000BCBFC01800B259280E4B02DC33F910009F
:10A8C000704780B2A0F15A02592A03D8C0F1B400EF
:10A8D00080B2F3E7A0F1B40292B2592A85BFC0F565
:10A8E000B47080B233F8120033F81000404200B266
:10A8F000704700BF94FE0208F0B500FB00F6C0F5FB
:10A900008064B60A059F04FB04F542437043AD0A18
:10A91000800A6A437843634302EB420273436C4309
:10A92000800A00EB125003EB4303A40A00EB135020
:10A930004C4300EB9420F0BD0028BABF40420123F5
:10A9400000230029BEBF49420233DBB22D228842D8
:10A9500089BF514350431033B1FBF0F198BFB0FBB6
:10A96000F1F1CAB288BFDBB2162A16D92C2A1FD839
:10A97000292A1FD8252A1FD8202A8CBF032004206B
:10A98000DA06084448BFC0F15A0003F001029B07F1
:10A9900017D59AB1B43080B27047012A08D9052A78
:10A9A00008D9092A08D90F2A34BF03200420E7E771
:10A9B0000020E5E70120E3E70220E1E7C0F1B40071
:10A9C000E9E7002AE7D0C0F5B470E4E730B5034604
:10A9D0000C460120002102B930BDD50741BF00FB64
:10A9E00004F503FB0155A0FB0301491903FB04F522
:10A9F000A3FB0334521004EB4504ECE710B5044606
:10AA0000944202980ADA8C42C1BF641AC01A4443C5
:10AA1000521AD2BF184694FBF2F4E01810BD1AB1D6
:10AA20001A6901321A6170475A6801325A609A688D
:10AA30000A449A60DA68914288BFD9607047000082
:10AA400008B504484FF4204101F0A6FB024B186002
:10AA500008BD00BF0005002000A50020044B98425F
:10AA6000014604D018B1034B186801F0B8BB704719
:10AA70004C00002000A5002010B5084A002352F821
:10AA80003340844202EBC30104D18B796FF300039E
:10AA90008B7110BD0133102BF1D1FAE714040020A3
:10AAA000F8B50B4C002527462E46206848B1FFF725
:10AAB000D5FF07EBC50326609A7966F300029A7109
:10AAC000A6800135102D04F10804EED1F8BD00BFB9
:10AAD0001404002070B500F0030301F00306B34234
:10AAE00005460C4640F09B80002B40F0AA800346B0
:10AAF000202A03F1200501F1200400F2B680042A87
:10AB000000F2D78001391A44934200F0948011F882
:10AB1000014F03F8014BF7E713F8204C01F8204CE4
:10AB200013F81F4C01F81F4C13F81E4C01F81E4C73
:10AB300013F81D4C01F81D4C13F81C4C01F81C4C6B
:10AB400013F81B4C01F81B4C13F81A4C01F81A4C63
:10AB500013F8194C01F8194C13F8184C01F8184C5B
:10AB600013F8174C01F8174C13F8164C01F8164C53
:10AB700013F8154C01F8154C13F8144C01F8144C4B
:10AB800013F8134C01F8134C13F8124C01F8124C43
:10AB900013F8114C01F8114C13F8104C01F8104C3B
:10ABA00013F80F4C01F80F4C13F80E4C01F80E4C33
:10ABB00013F80D4C01F80D4C13F80C4C01F80C4C2B
:10ABC00013F80B4C01F80B4C13F80A4C01F80A4C23
:10ABD00013F8094C01F8094C13F8084C01F8084C1B
:10ABE00013F8074C01F8074C13F8064C01F8064C13
:10ABF00013F8054C01F8054C13F8044C01F8044C0B
:10AC000013F8034C01F8034C13F8024C01F8024C02
:10AC100013F8014C01F8014C203A1C460D46202A3D
:10AC200005F1200104F120033FF676AF2B46013CED
:10AC30002A44934200D170BD14F8011F03F8011B90
:10AC4000F7E7C3F10403002A3FF451AFC5180346E8
:10AC500014F8011B03F8011BAB42214602F1FF323D
:10AC60003FF446AF002AF3D142E754F8203C45F8C0
:10AC7000203C54F81C3C45F81C3C54F8183C45F862
:10AC8000183C54F8143C45F8143C54F8103C45F872
:10AC9000103C54F80C3C45F80C3C54F8083C45F882
:10ACA000083C54F8043C45F8043C203A21462B4625
:10ACB0001EE751F8044B43F8044B043A1FE710F029
:10ACC000030310B40BD0C3F1040342B1034400F8F2
:10ACD000011B984202F1FF3201D0002AF7D101EBAB
:10ACE000012303EB014303EB0163202A00F120045D
:10ACF00005D8042A0ED85DF8044B0FF08FBC44E948
:10AD0000083344E9063344E9043344E90233203A82
:10AD10002046EAE740F8043B043AEAE710B51C2273
:10AD200000210446FFF7CBFF0D4B186801F042FAF3
:10AD30000C49224601F0D4F9A36864214FF4204065
:10AD400001FB03F2B2FBF0F28A1A206022762BB1EB
:10AD5000E2684A43B2FBF3F28A1AD3B2637610BDBB
:10AD600000A500201FAA010810B5014688B058B1FF
:10AD7000064B186801F021FA044610B901A8FFF744
:10AD8000CDFF204608B010BD014CFAE700A5002019
:10AD90004C00002008B50A4671B10949884204D127
:10ADA000BDE808401046FFF7DFBF064B01461868B4
:10ADB000BDE8084001F053BAFFF750FE004808BD57
:10ADC0004C00002000A50020F8B5054698B1224CA3
:10ADD00000234FF0FF32271D04EBC306B179C807EB
:10ADE00013D437F83300A8420FD305D141F0010145
:10ADF00054F83300B171F8BD561C01D15AB204E0C9
:10AE000004EBC20189888142F8D80133102BE3D1C9
:10AE1000511C08D004EBC20154F832008B7943F086
:10AE200001038B71E7E7002604EBC607BB79DB075C
:10AE30000ED454F836002946FFF7ACFF00B9FEE700
:10AE4000BB7944F8360043F00103BB71BD80D2E703
:10AE50000136102EE8D1FEE71404002010F00303A1
:10AE60000A460AD10021202A00F1200314D8002329
:10AE7000042A1CD800210FF0D1BBC3F10403002920
:10AE8000F0D00344002100F8011B984202F1FF3288
:10AE9000E8D0002AF7D1E5E743E9081143E90611B4
:10AEA00043E9041143E90211203A1846DBE740F870
:10AEB000043B043ADCE710F003030A460CD14FF0E0
:10AEC000FF31202A00F1200315D84FF0FF33042A68
:10AED0001CD8FF210FF0A2BBC3F104030029EED060
:10AEE0000344FF2100F8011B984202F1FF32E6D033
:10AEF000002AF7D1E3E743E9081143E9061143E9E2
:10AF0000041143E90211203A1846DAE740F8043BFD
:10AF1000043ADCE79A4238BF8854704770472DE9FD
:10AF2000F74F9946DDE91163804613F002008B4626
:10AF30001746DDE90C54DDE90F2A9DF83810009022
:10AF40001DD103F0010C3EB1BCF1000F04D011B9CA
:10AF500013F00C0F00D0013E4FF0300E04E0202C17
:10AF600004D005F804E00134A245F8D8BCF1000F84
:10AF700005D04FF0300CB44201D2202C2ED1D8068F
:10AF800017D558052FD474B3544501D0B4422AD1F3
:10AF9000601E27D0102A32D1023C98062BD4202CD8
:10AFA00009D078222A550134202C04D030222A5589
:10AFB0000134202C25D120249B0740D03A4625443B
:10AFC0001444A2423FD1009B23B1D51BAE4207EBF4
:10AFD000050441D8204603B0BDE8F08F05F804C051
:10AFE0000134C8E70446102AD7D0022ADCD1202C2D
:10AFF000E1D06222D6E7202CDDD05822D2E70446E9
:10B00000F3E719B12D222A550134D5E7590701D5A7
:10B010002B22F8E71A07CFD52022F4E74B465946F2
:10B020002020C0470AF1010A019B564503EB0A02A2
:10B03000F4D8321BB44288BF00223A44BFE73B1B1E
:10B04000A2460193F0E702F1010A15F8010D4B4603
:10B050005946C0475246B4E74B462246594620203F
:10B06000C0470135B2E72DE9F04391B0189D1A9E13
:10B070001D9F0DB927F010077C0500D515B317F0FB
:10B08000200F14BF4FF0410E4FF0610EAC460DF192
:10B0900020080025AEF10A0EBCFBF6F906FB19C923
:10B0A0005FFA89F4B9F1090F94BF30347444E4B203
:10B0B000B44508F8014BBCFBF6F405F1010501D3DA
:10B0C000202D10D11C9C05941B9C0697CDE9036490
:10B0D0009DF86440CDE9015408AC0094FFF71FFFD0
:10B0E00011B0BDE8F083A446D6E72DE9F04F95B046
:10B0F000DDE91E74269ECDE90A2357EA040308BF42
:10B1000026F010067205CDE90801DDE9229B02D583
:10B1100057EA040337D016F0200F14BF41236123F0
:10B120000DF1300A0025A3F10A0821464A465B4684
:10B130003846E5F7B5F8D2B2092A94BF3032424416
:10B140004F45D2B274EB0B040AF8012B05F101054F
:10B1500001D3202D14D1259B0593249B0696CDE980
:10B1600003939DF88030CDE901530CAB0093DDE9EA
:10B170000801DDE90A23FFF7D2FE15B0BDE8F08F24
:10B1800007460C46D1E70025E5E700002DE9F04F22
:10B1900093B091460B930B1E0A93AC4B1C9E14BFAD
:10B1A00082469A4600250B9B187860B94D450A994E
:10B1B0002CBF09F1FF322A464B460020D0472846D3
:10B1C00013B0BDE8F08F0B9F252807F1010707D0CA
:10B1D0000A994B462A46D0476C1C0B972546E2E756
:10B1E0000023394611F8012B2B2A17D00BD8202A1F
:10B1F00017D0232A18D0A2F13000092834D84FF0F4
:10B2000000080A2418E02D2A05D0302AF3D143F093
:10B2100001030F46E5E743F00203FAE743F00403B6
:10B22000F7E743F00803F4E743F01003F1E704FB0A
:10B230000822A2F130080F46394611F8012BA2F17D
:10B2400030000928F3D93A782E2A69D17978A1F10A
:10B250003000092807F1010243F4806357D81746EC
:10B2600000244FF00A0C14E02A2A0AD156F8048B65
:10B27000B8F1000FBCBF43F00203C8F100080F464D
:10B28000E1E74FF00008DEE70CFB0422A2F13004F6
:10B290000F46394611F8012BA2F130000928F3D9E5
:10B2A0003A4612F8011B6C2943D03BD8682947D095
:10B2B0006A294FD03A4612F8010B0B92782800F217
:10B2C0009981612849D8252800F09481242840F2EA
:10B2D000918100F0F702502A40F08C8100F0DF02EB
:10B2E000582A66D0502A5CD179780B98562918BF15
:10B2F000384643F4887310220746397801F0F70086
:10B3000050285CD143F0200323F00C035BE02A2992
:10B3100005D156F8044B023724EAE474C0E7174617
:10B320000024BDE7742901D07A29C3D143F4807386
:10B330000BE079786C29F9D143F440730237B9E70F
:10B340007978682903D043F080031746B2E743F0C9
:10B35000C003F3E743F40073F7E7A0F162023C494E
:10B36000D2B24FF0010C0CFA02F211400029B5D113
:10B37000732800F0E180632840F03C8113F0020460
:10B3800000F0C78067460A9916F8040B4B462A4618
:10B3900005F1010BD047002C00F0CC803C465A460A
:10B3A000C0E06F2807D0622807D023F010030A22DC
:10B3B000A3E71022A1E708229FE702229DE769295F
:10B3C00001D06429A0D1580548BF23F001036929A1
:10B3D00001D064293ED198051ED5073626F0070610
:10B3E000B34670685BF8081B0694CDE90783002319
:10B3F0000593C30F0028029304920B4602DA4B42D6
:10B4000060EB4000CDE900300A994B462A46504691
:10B41000FFF76BFE05462FE0D90506F1040B01D5B9
:10B42000316802E058060CD53178CDE90224CDE927
:10B43000048300294FEAD1730193B8BF49420091B8
:10B440003CE01906ECD5B6F90010EEE71DAF010897
:10B4500085604800562913D1B3460A995BF8043B2E
:10B460005A681268009211922944A9EB05021B68E0
:10B470005046FFF78BFE05447B1C0B935E4692E61D
:10B4800013F400710FD0CDE907830023CDE9042325
:10B4900006F1070B2BF0070B06940293FBE802233F
:10B4A000CDE90023B0E7D80506F1040B0DD5CDE9B1
:10B4B0000483CDE902240191336800930A994B4635
:10B4C0002A465046FFF7CFFDA4E7590607D5317845
:10B4D000CDE904830023CDE902240193AFE731686D
:10B4E00013F0800F18BF89B2F2E70A994B4620206B
:10B4F000D047EA190137B845F7D8B8F1000F08F17D
:10B50000FF3308BF002308F101071D4408BF0227CD
:10B5100039E72746EDE7551C0A994B462020D047CE
:10B5200001342A464445F6D3A8EB0703B84538BF93
:10B5300000239B445D4636E63246002C52F804BB9D
:10B540000C9214BF21464FF0FF3159445A461078EF
:10B5500008B18A4210D1A2EB0B0713F480620D925E
:10B5600002D0A74228BF274613F002030E9317D13B
:10B570007B1B2A460F9307E00132E8E7561C0A9925
:10B580004B462020D04732460F9BD3189845F5D81C
:10B59000A8EB0703B84538BF00237A1C1D449F1849
:10B5A0005E46A5EB0B0B04E01C460A994B462A4667
:10B5B000D0470BEB060516F8010B28B10D9B002BAD
:10B5C000F3D0631E002CEFD10E9B8BB12A467C1B5F
:10B5D00005E0561C0A994B462020D04732461319E5
:10B5E0004345F6D3A8EB0703B84538BF00231D44F5
:10B5F0000C9ED8E50A994B462A466C1CD047EDE5CF
:10B600000CB41FB506AC0A4654F8043B009401463E
:10B6100004480394FFF7BAFD04B0BDE8104002B03F
:10B62000704700BF15AF010807B5009313460A46DF
:10B6300001460348FFF7AAFD03B05DF804FB00BF15
:10B6400015AF010810B50C210446FFF707FC014BAC
:10B65000236010BDDDCCBBAA38B5044600B9FEE7B7
:10B660000A4D0368AB4200D0FEE790F90930002B89
:10B670000ADBC37A012B02D94068FFF7EFF90C21EE
:10B680002046FFF7EBFB256038BD00BFDDCCBBAA31
:10B69000024B1888013080B218807047500000209B
:10B6A000F8B50F46044600B9FEE70268304B9A42EF
:10B6B00000D0FEE790F90930002B57DBC07A002854
:10B6C00054D001280BD12389C3F30E028A424DD1F5
:10B6D0006FF30E0323810023E3720120F8BD666837
:10B6E00002B206EB8005002335F81310B9423AD1B7
:10B6F000022815D10121E1726BB96A882189C2F350
:10B700000E0262F30E01218143B973686360304613
:10B71000FFF7A4F9E1E736F82220EFE73368F5E711
:10B72000013806235843FFF71FFBF8B1E37A606046
:10B73000013BDBB20022E3724FEA830C023D11466B
:10B7400035F8024FBC420AD056F8224040F821405A
:10B7500000EB4104B5F800E024F80CE001310132BF
:10B760009342EDD2D3E701339842BDD80020B5E72C
:10B77000DDCCBBAA034690F90900002870B509DAB0
:10B780005B68188800B970BD814201D15B6810E028
:10B790000833F6E7D87A0028F5D0012811D05D6883
:10B7A000002305EB800434F8026BB14204D155F854
:10B7B000233013600120E6E701339842F3D80020DC
:10B7C000E1E71889C0F30E008842F8D1DEE70000F7
:10B7D000F8B50F46142104461E461546FFF73EFBFA
:10B7E000054B2760002D08BF1D46069B2361079B64
:10B7F0006360C4E90256F8BD899A0108532824D829
:10B800003A2807D820284DD0223880B211280ED9E6
:10B81000002070473B38294A80B2012383401A40F8
:10B82000002A45D1264A1342F2D0FF207047012357
:10B83000834048F288021342F7D144F201021342D6
:10B8400036D11128E4D10F20704741F25943984274
:10B8500032D020D841F20303984219D014D840F2D4
:10B8600062439842E1D007D840F2574398421FD034
:10B87000B0F58B6FD9D0CBE740F63C039842D4D0DB
:10B8800040F645039842F5E741F206039842BFD1DE
:10B8900041F6FF70704743F60E039842B8D14FF45B
:10B8A000807070474FF0FF33002063F30F00704744
:10B8B00000206FF30F0070470248704701128400A8
:10B8C00000080801D4C7020800B9FEE70268044B6B
:10B8D0009A4200D0FEE7C07AB0FA80F04009704783
:10B8E000DDCCBBAA000910F0180F0CBF00F01F0040
:10B8F000072070472DE9F0410E469046044600B9F6
:10B90000FEE70268344B9A4200D0FEE790F9093016
:10B91000002B0CDBC27A012A35D94068531E00EB9C
:10B92000820131F81350B54203D140F82380BDE8BD
:10B93000F081013BF5D2062102FB0111FFF72AFA43
:10B9400005460028F3D0E77A606000EB87007A00B4
:10B95000014604300EF048FE7B1CDBB203F10042CE
:10B96000013A05EB420205EB8305E37222F82360FE
:10B9700045F8048C3046FFF7B5FF01238340A07AD9
:10B980001843A072D3E71DD10389C3F30E038B4282
:10B9900002D1C0F80480CAE70C20FFF7E5F90028BF
:10B9A000C5D0E37A2289616860600133DBB200EBC5
:10B9B0008305C2F30E02E37220F823206E80C0E9F3
:10B9C0000018D7E70123C3720389C0F8048061F32C
:10B9D0000E030381CEE700BFDDCCBBAA0A4641F2CD
:10B9E0000101FFF787BF0A4641F20301FFF782BF5B
:10B9F0000A4641F20401FFF77DBF0A4641F2060103
:10BA0000FFF778BF0A4640F60A01FFF773BF0A4600
:10BA100040F60B01FFF76EBF0A4641F61001FFF733
:10BA200069BF0A4641F61101FFF764BF0A4641F6B5
:10BA30001201FFF75FBF0A4641F61301FFF75ABF35
:10BA40000A4641F61401FFF755BF0A4641F61501B3
:10BA5000FFF750BF82B000238AB22021ADF800303A
:10BA600002B0FFF747BF0A462121FFF743BF82B06C
:10BA700000238AB22221ADF8003002B0FFF73ABFAE
:10BA80000A4640F62801FFF735BF82B000238AB28C
:10BA90003021ADF8003002B0FFF72CBF0A4631214B
:10BAA000FFF728BF0A4641F23201FFF723BF0A46DB
:10BAB0003321FFF71FBF0A463421FFF71BBF0A4699
:10BAC00040F63A01FFF716BF82B000238AB23B214D
:10BAD000ADF8003002B0FFF70DBF0A4640F63C015A
:10BAE000FFF708BF0A4640F63D01FFF703BF0A46CD
:10BAF0004FF40461FFF7FEBE0A4640F64201FFF72D
:10BB0000F9BE0A4640F64301FFF7F4BE82B00023B7
:10BB10008AB24421ADF8003002B0FFF7EBBE0A460E
:10BB200040F64501FFF7E6BE0A4640F64901FFF739
:10BB3000E1BE82B000238AB24D21ADF8003002B0E0
:10BB4000FFF7D8BE0A464FF40561FFF7D3BE0A4699
:10BB50005121FFF7CFBE82B000238AB25221ADF847
:10BB6000003002B0FFF7C6BE82B000238AB240F2B6
:10BB70005741ADF8003002B0FFF7BCBE0A4641F2B3
:10BB80005941FFF7B7BE0A4641F25B41FFF7B2BE2B
:10BB90000A4641F25D41FFF7ADBE0A466021FFF75C
:10BBA000A9BE0A466121FFF7A5BE0A466321FFF739
:10BBB000A1BE0A466421FFF79DBE0A466521FFF734
:10BBC00099BE0A466721FFF795BE000008B50448F4
:10BBD0001821FEF7C6FD034B01221A7008BD00BFF5
:10BBE000F404002014A50020F8B506460C480F46C2
:10BBF0001546FEF7BEFD044600B9FEE74FF0FF33E1
:10BC00000361037D07606FF3000386600375FDF732
:10BC100027FF044B60600122E5601A702046F8BDE2
:10BC2000F404002011A5002010B501460446054883
:10BC3000FEF7D6FD044B01222046BDE810401A70E5
:10BC4000FEF70CBFF404002012A500202DE9F74FE9
:10BC50005B4E33784BB9012333705A4B93F8008015
:10BC6000B8F1000F06D186F800800125284603B000
:10BC7000BDE8F08FFDF7F4FE074638B9524A136865
:10BC80000133642B94BF194601461160DFF84C91D3
:10BC9000DFF84CB14D484E4D002389F800308BF849
:10BCA0000030FEF7D8FD04462C6084BB4748DFF81F
:10BCB0001C91FEF7D0FD4FF0FF350446002C6AD1F1
:10BCC000DFF820813846FDF7D9FE424FD8F8003022
:10BCD00003443868C8F80030FDF7D0FEB0F5FA7FAD
:10BCE00012D3D8F8003064225343B3FBF0F0C0B253
:10BCF0009042394B9CBF101AC4B21C700023C8F884
:10BD00000030FDF7ADFE386000233370AEE721460A
:10BD10002E48FEF7A6FDD5F800A09AF8142012F0E0
:10BD2000010204460192BFD1DAF80400FDF7A6FE35
:10BD3000DAF80010019A884214D3DAF81010019151
:10BD40000029C4BF01F1FF32CAF81020FDF788FEB8
:10BD5000DAF80820CAF804001AB1019909B150466E
:10BD60009047424699F8001039B9DAF8101021B915
:10BD700050460192FFF758FF019A002A94D09BF891
:10BD800000301BB999F80030002B8DD02B68002BA8
:10BD90007FF47EAF8AE7207D10F001080AD1606849
:10BDA000FDF76CFE236898422CBF4046181A854266
:10BDB00028BF054621464846FEF753FD04467DE769
:10BDC00010A5002014A500200CA50020F4040020DC
:10BDD0009404002004A5002013A5002012A5002033
:10BDE00011A5002008A50020037D43F00103037581
:10BDF0007047037D6FF300030375704710B5044669
:10BE0000FDF72EFE2368C31A013B636010BD436833
:10BE1000032B00D8FEE723F00303184404307047D7
:10BE200008B50246FFF7F3FF026008BD38B54318B6
:10BE300003F10C021C1D0F3323F003039A4200D0C0
:10BE4000FEE7436823F003035A1A151F0A449A4277
:10BE500000D0FEE7636803F003032B43636023F025
:10BE600003030B2B00D8FEE7436803F003030B43E7
:10BE700043602046FFF7D4FF436843F0020343606A
:10BE8000636843F001036360204638BD7047034692
:10BE900068B14A1E11EA020000D0FEE7134449428D
:10BEA0000B40B3F5803F03D20C2B38BF0C23184650
:10BEB000704770B5CD6805B9FEE78C6804B9FEE738
:10BEC000E560AC6003EB421500EB8505EE6B8E423E
:10BED00011D1A042EC630ED100EB820501216C6907
:10BEE00001FA03F324EA03036B6123B90369914068
:10BEF00023EA0103036170BD7F2810B583BFB0FA48
:10BF000080F3C3F11A04E040801092BF002380F058
:10BF10002000C3F119030B60106010BD73B5044617
:10BF2000486801AA0D4620F003006946FFF7E4FFC8
:10BF3000DDE9002606EB421304EB8303D96B01B95C
:10BF4000FEE7C5E90214CD6005F10B0105F108001B
:10BF500021F00301884200D0FEE7DD63216901235F
:10BF600003FA02F00143216104EB8204B3406269E9
:10BF70001A43626102B070BD38B505460C4631B354
:10BF800002B9FEE74B68D90700D4FEE723F00303AC
:10BF900002F110018B420ED311462046FFF746FFF7
:10BFA00001462046FFF73CFF4B6843F002034B601D
:10BFB0002846FFF7B3FF2046FFF729FF436823F029
:10BFC00002034360636823F0010363600834204682
:10BFD00038BD37B5054648680C4601AA694620F0C9
:10BFE0000300FFF789FFDDE900232146284603B05F
:10BFF000BDE83040FFF75DBF73B50023CDE90033E6
:10C0000004460D4619B90026304602B070BD7F299E
:10C0100081BFB1FA81F30120C3F11A03984086BFB2
:10C0200000F1FF304018084601AA6946FFF764FF97
:10C03000009A092AE7DC04EB8200019B40694FF07B
:10C04000FF3101FA03F303400FD1013201FA02F389
:10C0500022691A40D7D092FAA2F2B2FA82F204EB25
:10C06000820300925B6903B9FEE793FAA3F3B3FA84
:10C0700083F303EB421204EB82020193D66B002E92
:10C08000C1D0726822F00302954200D9FEE7009AFF
:10C0900031462046FFF70DFFB6E738B502460846A1
:10C0A000FFF7B5FE0C46054600B9FEE74368DB071F
:10C0B00014D54B68032B00D8FEE701461046FFF766
:10C0C00088FF6268032A00D8FEE76B68043223F019
:10C0D0000303134463602046FFF7A2FE204638BDE9
:10C0E0000D4B70B51546002914BF0E461E46041FA1
:10C0F00014B16168032900D870BDCA4304F1080077
:10C100002B4602F0010221F00301B0472046FFF761
:10C110007EFE0446ECE700BF8DBE010838B5083A44
:10C1200011F003030C4622F0030215D1A2F10C0515
:10C130004FF6F4718D4211D8254642F0010255F8B0
:10C1400004396A602946FFF7E9FE2846FFF768FED2
:10C1500002234360204638BD0024FBE71C46F9E774
:10C1600010F0030110B5044614D1C0E902000161CA
:10C17000282214300EF052FA04F1380304F5A762B5
:10C1800003F1800143F8044F8B42FBD19A42F7D16F
:10C19000204610BD0024FBE770B50E460546FFF7AC
:10C1A000DFFFA6F23C52044605F23C51FFF7B6FF12
:10C1B000204670BD00F23C50704738B50446084632
:10C1C0000421FFF764FE054601462046FFF714FFF1
:10C1D0002A4601462046BDE83840FFF7CDBE70B57F
:10C1E00006460D46002939D051F8043CD90700D540
:10C1F000FEE7A5F108042046FFF712FE436843F06E
:10C200000203436055F8043C43F0010245F8042C56
:10C210009A0719D555F8084C04B9FEE76368DB079F
:10C2200000D4FEE721463046FFF7D3FE6268032ABA
:10C2300000D8FEE755F8043C23F00303134404330D
:10C2400063602046FFF7ECFD21463046FFF725FFEF
:10C2500001463046BDE87040FFF760BE70BD2DE975
:10C26000F047064615460C4631B152B9FFF7B7FF05
:10C270002F463846BDE8F087BDE8F0471146FFF786
:10C280009CBFA1F108094846FFF7C1FD51F8048C95
:10C29000824604211046FFF7FAFD18F0010F074609
:10C2A00000D0FEE728F003088045DAF804302CD2ED
:10C2B000D90706D523F0030308F10402134483428F
:10C2C00012D229463046FFF778FF07460028D0D023
:10C2D00045452A46214628BF4246FEF7FBFB21463C
:10C2E0003046FFF77CFFC4E749463046FFF7D5FEEE
:10C2F0004846FFF78CFD436823F00203436054F87F
:10C30000043C23F0010344F8043C54F8043CDA07ED
:10C3100000D5FEE723F0030307F1100293420FD389
:10C3200039464846FFF782FD436823F00203014681
:10C3300043603046FFF7B1FE01463046FFF7EEFDA1
:10C34000274696E790F900200378002A0FDA03F0D9
:10C35000E002C02A0DD003F0F002E02A0BD003F077
:10C36000F800A0F1F00358425841800070470120C6
:10C370007047022070470320704773B500230246C0
:10C38000019301B901A90B68D556D05C002D03F1CA
:10C39000010402DB0C6002B070BD00F0E005C02DAE
:10C3A0000ED10C60125D02F0C004802C4CD18001D3
:10C3B00000F4F86002F03F02104402330B60EAE739
:10C3C00000F0F005E02D17D10C60145D04F0C005FD
:10C3D000802D39D19D1C0D60525D02F0C005802D6D
:10C3E00032D1000380B202F03F02A401104404F4F1
:10C3F0007C6420440333E1E700F0F805F02D0C6085
:10C4000022D1145D04F0C005802D1DD19D1C0D604E
:10C41000555D05F0C006802E16D1DE1C0E60925DC3
:10C4200002F0C006802E0FD180042403AD0100F479
:10C43000E01004F47C3405F47C6502F03F02044310
:10C44000154428190433B9E70020A4E70B68F7B5B1
:10C45000013B0E4F0B6006460C46042520683B68E6
:10C4600030449847236838B10193094B01A91B68F0
:10C470003046984703B0F0BD2BB1013D013B15F0AC
:10C48000FF052360EAD10020F4E700BF6C00002024
:10C49000640000202DE9F0410024DFF82C800546DF
:10C4A0000F462646BE4202D02B5D281913B92046FE
:10C4B000BDE8F081D8F800309847012838BF012046
:10C4C00054FA80F40136EDE76C000020F7B5002443
:10C4D000074F019406460D46019BAB4202D320460E
:10C4E00003B0F0BD3B6801A9304698470134F3E73B
:10C4F0006400002073B50024074E01940546019B9B
:10C50000EB5C13B9204602B070BD336801A9284620
:10C5100098470134F3E700BF640000207F2882B011
:10C5200011D9B0F5006F10D2830963F03F0300F01A
:10C530003F008DF8043060F07F0000238DF8050087
:10C54000ADF80630019802B07047B0F5803F14D2C4
:10C55000030B63F01F038DF80430C0F3851363F001
:10C560007F0300F03F008DF8053060F07F0000236E
:10C570008DF806008DF80730E4E7B0F5881FE1D2AA
:10C58000830C63F00F038DF80430C0F3053363F0C0
:10C590007F038DF80530C0F3851300F03F0063F092
:10C5A0007F0360F07F008DF806308DF80700C9E743
:10C5B0002329034606D1007888B101284FF00002F4
:10C5C00008D11A7000201A78012A0DD1202908D02C
:10C5D000012070470228F5D11A700120F3E70122EB
:10C5E000FAE702221A70F3E7704700002DE9F04FD6
:10C5F00091B09946DDF868B09DF86C3001918046A5
:10C6000006920593BBF1000F02D00023ABF8003077
:10C61000B8F1000F00F0F58098F80000D8B1019B48
:10C62000002B00F0F080059B13F0060316D00020CD
:10C6300000E0013018F800300A2B00F0E6800D2BE6
:10C6400000F0E380002BF4D1BBF1000F03D04FF6D4
:10C65000FF73ABF8003011B0BDE8F08F059A8DF88C
:10C66000333012F00202079241F6FF7218BF914672
:10C670000D9300930D9B029343440393029B18F880
:10C680000330002B00F0A080B9F1000F40F39C8034
:10C69000079A039841F6FF73002A08BF4B46099397
:10C6A0005B4B00241B68CDE90E440EA998470E9BF6
:10C6B0000F93059B049403F0010382464FF0FF356E
:10C6C0002746224626460A93039B995D39B96B1C7F
:10C6D00056D0029B002B40F08C802E4658E04C4BED
:10C6E00003981A680FA99047049B013308930A9B8B
:10C6F000024673B10B9051460DF13300FFF758FF1E
:10C700000B9A30B1DDE90E61089B0E9104939246BD
:10C71000DAE701980B925146FCF737FF074400B265
:10C720000028C8BF069B0B9ABFB2C4BFFF18BFB298
:10C73000681C3FB205D1069BF91A099B9942C8BFF4
:10C740003546BAF10A0F16D0BAF10D0F13D0AAF57B
:10C750009C4045F2A51188420DD900212D4BC8B24D
:10C76000185C20B9B5F1FF3F08BF3C46CAE78245D7
:10C7700001F10101F2D1002EA9D1691CA9D13C46D9
:10C78000049B23B1BAF10D0F02D10A2A00D10E9EEB
:10C79000009BA4B2A9EB04091C4423B200930FFA36
:10C7A00089F90D9B86B11E4498F800300D960A2B2E
:10C7B0000AD00D2B08D018F806300A2B02D00D2B0A
:10C7C0007FF458AF01360D960D9CACB9104B0DA9F6
:10C7D0001B68404698470146BBF1000F0FD00198F7
:10C7E0002246FCF7D2FE03B20093009BABF8003068
:10C7F00005E000242646CBE7BBF1000FF5D10D98EC
:10C8000029E7404627E7019825E701301CE700BFEC
:10C81000640000204AFF02082DE9F04188461746CF
:10C820000446E8B1E2B11046E3F7DCFC0546B8B1D6
:10C830002046E3F7D7FC0D4B46191B6841462046BE
:10C840009847A31929186E421A1B91420AD9044429
:10C85000013F254417F8013F04F8013BAC42F9D1F0
:10C86000BDE8F0819A5D03F80129EDE75C00002046
:10C870002DE9F0410C4617460546A0B1E3F7B2FC9E
:10C88000DFF830802146D8F8003006462846984721
:10C890002C18D8F800303946204698472346361AD7
:10C8A0005A1B964201D2BDE8F0811A5C03F8012BB5
:10C8B000F6E700BF5C0000202DE9F3410B46019133
:10C8C0000D460021024606460846FEF7ADFE00F181
:10C8D000010807464046FEF747FA044600B9FEE75E
:10C8E0000023C35532462B464146FEF79DFE2046A7
:10C8F00002B0BDE8F08100002DE9F041DFF82880AA
:10C900001C460F46D8F80030214606461546984783
:10C91000386028B12068D8F80030002130449847AA
:10C920002860BDE8F08100BF640000202DE9F043DD
:10C930000F4685B090461D46064620B90024204685
:10C9400005B0BDE8F083002AF8D00378002BF5D0BD
:10C95000002401948DF803400029EFD09DF8309019
:10C9600009F0010919E001AB03AA02A93046FFF75B
:10C97000C3FFB9F1000F05D002990DF10300FFF7D5
:10C9800017FE50B9DDE902124046FCF7FEFD03B286
:10C99000002B02DD2C44044424B2019BBB42E2D3B1
:10C9A000002CC4BF651B2CB2C9E72DE9F04F87B03E
:10C9B0000025BDF94080BDF944A09DF848B003931F
:10C9C00004461646058045800F4611B30AB341F66A
:10C9D000FF731BF0020F18BF9A46B2F90830049398
:10C9E00013890293434405937B5D07EB05099BB9CB
:10C9F00055B119F8013C0A2B01D00D2B04D1029B33
:10CA00006288434413446380B4F9023033BB049B0F
:10CA1000638007B0BDE8F08F0023039A009331468E
:10CA20005346CDF804B04846FFF7E0FDB4F90230B4
:10CA3000059A1344B3F5004F01460544E9D26380DB
:10CA40003246039BCDF800B04846FFF76FFFB4F9BC
:10CA500000308342B8BF03462380C5E7A3EB080339
:10CA6000D6E72DE9F047089D80460F4614469946C3
:10CA70000CB9264612E04FEA540A09FB0A76314601
:10CA80004046A847002808DDE44304F00104AAEB6F
:10CA9000040A06EB09075446EAE7FCD13046BDE834
:10CAA000F08708B541F61202E7F7A6FE00B208BD0E
:10CAB00008B541F61302E7F79FFE00B208BD08B5BE
:10CAC00041F61002E7F798FE00B208BD08B541F63E
:10CAD0001102E7F791FE00B208BD2DE9F84F0F46AD
:10CAE000002104469046FFF7DCFF00210646204661
:10CAF000FFF7DEFF002182462046FFF7E0FF00211E
:10CB000005462046FFF7E2FF81462046E5F790FC08
:10CB1000A0EB060B2046E5F791FC401BA0EB0900BB
:10CB2000ABEB0A0B8345204616DAE5F781FC831B45
:10CB3000A3EB0A03A28A1644E28A03EBD37343F3FE
:10CB40004F03154416FA83F615FA83F53E807D806F
:10CB5000A8F80030BDE8F88FE5F770FC431BA3EBA5
:10CB60000903E7E72DE9F74F17468A464FF40562B8
:10CB70004FF4003104469846E7F73EFEC0F3C03359
:10CB800003FA80F094F83430A68CC0F34F057F1B75
:10CB900013F006033FB201D1238D02E0042B47D1ED
:10CBA000E38C33449EB206F15A0000B2FDF778FEE2
:10CBB000019030B2FDF774FE4FF4403183462046B9
:10CBC000FFF76FFF4FF4403181462046FFF770FFBB
:10CBD0004FF4403100902046FFF771FF4FF4403191
:10CBE00006462046FFF772FF019B009A07FB03F100
:10CBF000BAF8003003EBE1332A449BB2A944A3EB1B
:10CC000009091344BAF80220A8F8009007FB0BFBAF
:10CC100002EBEB3292B22E440544961B2A44A8F84C
:10CC20000430A8F80260A8F8062003B0BDE8F08F31
:10CC3000022BB8D1B4F93030B4F93210B4F92E2047
:10CC40000B4403EBD373B2EB630FA5DAA8E7000044
:10CC50004FF4070310B5144A4B6203F587738B62D8
:10CC60004FF4C803C1E90B2391F8343023F00F03CC
:10CC700043F0080381F834304FF43473CB860C460C
:10CC8000FCF7EEFE238DA063A38720460221E4F784
:10CC9000AFFB20464FF44071E4F7DFFB20460D2147
:10CCA000BDE81040E5F728BF2D0000801FB5044601
:10CCB0000DF1020201A9FFF710FFBDF9022002AB3E
:10CCC00001A92046FFF74EFF02A92046E5F7E4FC44
:10CCD00004B010BD2DE9F04188B007460D46164658
:10CCE0009846E5F7EBFE002848D0B54246D0B5F5AA
:10CCF000B47FBC8C84BFA5F5B475ADB2B6F5B47F76
:10CD000088BFA6F5B4762544ADB288BFB6B2344428
:10CD1000B5F5B47FA4B284BFA5F5B475ADB2B4F5D2
:10CD2000B47F88BFA4F5B4740DF1120205A938468A
:10CD300088BFA4B2FFF7D1FE41464FF405623846E2
:10CD4000E7F75AFD414606B251223846E7F754FD4F
:10CD5000003818BF01200DF11808CDE90208BDF90F
:10CD60001610BDF91400BDF81220CDE900462B467F
:10CD7000E9F7DEFB41463846E5F78EFC08B0BDE832
:10CD8000F081B1F5B47F70B5038D0C4688BFA1F575
:10CD9000B474C18CA3EB010288BFA4B296B212B2E4
:10CDA000002AA3EB0403B8BF06F5B472054698B297
:10CDB0001BB2B8BF12B2002BBCBF00F5B4731BB2DC
:10CDC000981A0028B8BF4042B4280BDD2846E5F782
:10CDD0007DFC2846FFF76AFFEC842846BDE87040DA
:10CDE000FFF764BF9A4206DD4FF40033224628461F
:10CDF000FFF770FFEDE7ECDA0A464FF40033214607
:10CE0000F5E7B1F5B47F70B5C38C0C4688BFA1F5CA
:10CE1000B474018DA1EB030288BFA4B296B212B222
:10CE2000002AA4EB0303B8BF06F5B472054698B216
:10CE30001BB2B8BF12B2002BBCBF00F5B4731BB25B
:10CE4000981A0028B8BF4042B4280BDD2846E5F701
:10CE50003DFC2846FFF72AFF2C852846BDE8704098
:10CE6000FFF724BF9A4207DD0A464FF400332146FC
:10CE70002846FFF72FFFECE7EBDA4FF400332246AA
:10CE8000F6E738B504460D461146FFF7BAFF2946C6
:10CE90002046BDE83840FFF774BFF7B50446B0F947
:10CEA0002E0010F5004F40D0A58D638D94F83420EE
:10CEB0009D4238BF05F5B475C2F3410238BFADB22B
:10CEC000012A2DB20DD0022A3DD072BB0095B4F9D3
:10CED0003220B4F93010FDF791FD618D05B282B2B8
:10CEE0003BE0B4F930C0B4F932200CEB020606EB9B
:10CEF000D6765F19711046F34F0607EBD777B0422D
:10CF000047F34F0EC7F34F0711DA0A46CDF800E09A
:10CF10006146FDF773FD81B205B22046FFF731FF90
:10CF200039462046FFF76DFFA58703B0F0BD009599
:10CF30007346FDF763FD3946064605B22046FFF706
:10CF400020FFB1B2EDE70095B4F93220B4F930100A
:10CF5000FDF754FDA28D05B281B22046FFF791FF87
:10CF6000E2E7B1F5B47F70B5838D0C4688BFA1F5BB
:10CF7000B474418DA3EB010288BFA4B296B212B281
:10CF8000002AA3EB0403B8BF06F5B472054698B2B5
:10CF90001BB2B8BF12B2002BBCBF00F5B4731BB2FA
:10CFA000981A0028B8BF4042B42808DD2846E5F7A3
:10CFB0008DFB6C852846BDE87040FFF76EBF9A4236
:10CFC00005DD002322462846FFF784FEF1E7F0DA6C
:10CFD0000A4600232146F6E7B1F5B47F70B5438DCC
:10CFE0000C4688BFA1F5B474818DA1EB030288BF04
:10CFF000A4B296B212B2002AA4EB0303B8BF06F59E
:10D00000B472054698B21BB2B8BF12B2002BBCBFB7
:10D0100000F5B4731BB2981A0028B8BF4042B42878
:10D0200008DD2846E5F752FBAC852846BDE8704090
:10D03000FFF733BF9A4206DD0A4600232146284601
:10D04000FFF748FEF0E7EFDA00232246F7E738B5AE
:10D0500004460D461146FFF7BFFF29462046BDE8AE
:10D060003840FFF77EBF8184E5F730BB10B4B0F9DC
:10D070002E408C4210D0B0F932208A42A8BF0A4616
:10D08000B0F930109142B8BF11468C4204D05DF81F
:10D09000044BC185FFF701BF5DF8044B70470000EA
:10D0A0002DE9F047C148AAB00F46E3F79EFA0128E0
:10D0B00038D13846E3F762FB06463846E3F75AFBB9
:10D0C00005463846E3F756FB022E044640F0018140
:10D0D000E3F722FD064628B3E3F724FD012821D11A
:10D0E0000AA93046E3F77FFD06AA18A92846FFF7EC
:10D0F000F4FCBDF82830BDF860209B1AADF828304C
:10D10000BDF86220BDF82A309B1AADF82A3094F899
:10D110003430DA0709D5BDF92810BDF92A0051EAE3
:10D12000000342D12AB0BDE8F0874FF400314FF43C
:10D1300005622846E7F760FBBDF818601FFA80F823
:10D140000746A6EB08064FF480312846B6B2E4F74E
:10D15000D3F9F8B1A6EB080636B2BDF92A20BDF91D
:10D160002830012EB8BF01265243ADF8186003FBEA
:10D1700003237643B34208DD94F8343043F00103CF
:10D1800084F83430FCF76CFCA06394F83430DB078F
:10D19000C8D5C0E733B2002BB8BF03339B103FB2F2
:10D1A000BB42ACBFF61AF61BD6E7A68D638DB34221
:10D1B00084BF06F5B476B6B2FDF7BEFB628DA38CD4
:10D1C000B4F83CC01344C11A8BB209B20029BCBFE9
:10D1D00003F5B47319B237B2B31AACEB0206A2EB83
:10D1E0000C0290B211FA82F212B2002AB8BF524277
:10D1F00092B2B2F58C7F1BB2B6B242D994F8342009
:10D2000012F0080F18BF002318440FFA80F8A06B23
:10D21000FCF734FCE38E58434FF47A73B0FBF3F021
:10D2200002B2904505DC52429045BABF404202B27C
:10D230004246618DB4F93030B4F932E0B4F92E8051
:10D24000CDF800E0A7EB010CAEEB03004FEACC0CED
:10D250009CFBF0FC70180CF1040C00EB2C1010443B
:10D2600000B23A46FDF7CAFBB5F92E3006B2B3421A
:10D2700017D1B4F93030B34225D1FCF7F1FBA063EC
:10D2800050E703EBD37343F34F03994294F83420F0
:10D29000ACBF0023012363F3C30284F834200B46A0
:10D2A000B2E7FCF7DDFB3146A0632846FFF7DEFE60
:10D2B000B045DED000221C212846E3F73BFA0128C6
:10D2C0007FF430AFD5E7B4F93230B3427FF42AAF00
:10D2D000D3E7032E26D0083EF3B20D2B3FF622AF44
:10D2E0000D2E3FF61FAF01A353F826F025D30108FA
:10D2F00025D1010825D1010825D1010825D1010832
:10D3000061D3010825D1010825D1010825D10108E3
:10D31000B1D3010825D1010843D4010825D1010862
:10D32000E3D4010894F834306FF3000384F8343008
:10D330002846E4F7EFF80446E3F7E9FB0546E3F790
:10D34000EBFBE3F7EFFB04287FF4ECAE002D3FF49A
:10D35000E9AE002120462AB0BDE8F047E3F7B6BBAE
:10D360003846E3F70FFA0378B4F92E6003F0FD02B4
:10D37000112A12D1E98D013109B22846FFF776FE54
:10D38000B4F92E30B3423FF4CDAE00221C21284622
:10D390002AB0BDE8F047E3F7CDB9142B02D0122B29
:10D3A0007FF4C0AEE98D0139E6E700BF54FF020803
:10D3B0003846E3F7E7F906AA06460AA92846FFF722
:10D3C0008CFBAC680CB1B4F914404FF40562002139
:10D3D0002846E7F711FAA7B2BDF81810BDF828C023
:10D3E00010FA84F4A4B2BDF82A000D1BADB205EB0F
:10D3F0000C03ADF81850611A054410FA81F22DB2F1
:10D400001CFA81F112B209B218A800951BB2FCF700
:10D4100039FD316847F6FF7218A8FCF7BFFD10B15F
:10D42000002333717EE63A1912B2114618A8FCF7B0
:10D4300048FD316847F6FF7218A8FCF7AFFD307160
:10D4400070E600212846FFF72CFB00210446284601
:10D45000FFF72EFB002106462846FFF730FB002190
:10D4600080462846FFF732FBB442B8BF344626B2A6
:10D4700046453446B8BF444626B28642B8BF064643
:10D480004FF440312846FFF70CFB4FF4403104467F
:10D490002846FFF70DFB4FF4403181462846FFF741
:10D4A0000EFB4FF4403180462846FFF70FFB054640
:10D4B0003846E3F767F94C45B8BF4C4623B24345BD
:10D4C000B8BF43461BB2AB42B8BF2B460233B0F9DC
:10D4D000001036B21BB29B1B8B42B8BF0B460380B9
:10D4E00020E63846E3F746F904463846E3F791F973
:10D4F0000DF10A02064603A92046FFF7EEFA31466F
:10D5000018A8E4F7FAFDBDF90A70DFF87881002F5A
:10D510002BDD06AD2846E8F7E9FF2A460021204624
:10D52000E4F734FD0023CDE91983259318AA03AB52
:10D530001A2120462193ADF89C702095E3F7FAF864
:10D54000A38CA28D1A4492B20192628D13449BB2B5
:10D55000009303AA29463046BDF89C30E8F7D1FF76
:10D5600018AA1B212046E3F7E5F84FF400312046C6
:10D57000FFF797FA4FF4003105462046FFF798FA77
:10D580004FF4003182462046FFF799FA4FF40031FC
:10D5900081462046FFF79AFA5545B8BF55462DB249
:10D5A0004D45B8BF4D462DB28542ACBFA7EB05092E
:10D5B000A7EB00090FFA89F9B9F1000F36DD06ADC6
:10D5C0002846E8F793FF2A464FF400312046E4F757
:10D5D000DDFC4FF40033259301231A9318AA03AB03
:10D5E0001A2120462193CDF86480ADF89C902095B7
:10D5F000E3F7A0F8BDF99C30BDF91A20218D9A42BD
:10D60000A28CC8BFADF81A30114489B20191E18CE7
:10D610000A4492B20092294603AA30469BB2E8F728
:10D6200070FF18AA1B212046E3F784F80DF11009BA
:10D630004B460AAD3A4603A92046FFF793FA28461F
:10D64000EAF706FE2A4620464FF44031E4F748FA4E
:10D650004FF44033259318AA02231A212046CDE91E
:10D660001A39CDF864801C95E3F764F84A462946D8
:10D670003046EAF713FE18AA1B212046E3F75AF8B2
:10D6800050E500BF54FF0208838802880133981ACE
:10D6900000B27047C38842880133981A00B27047BD
:10D6A00010B50C4604F13C000021FCF701FB04F12D
:10D6B0004C000021BDE81040FCF7FABA0368186876
:10D6C0004FF0FF32DA6000F13C02934203D19B68D5
:10D6D0004362E4F7FBBF00F14C02934204BF9B6836
:10D6E0000363F6E7C1600068E4F7F0BF30B591B0BE
:10D6F0001C469DF8503005462BB9116011B0BDE8AD
:10D700003040E4F7E3BFE36801330CBF1368A3685C
:10D710002046C4E9013111600021FCF7C9FA6846CE
:10D72000FCF7ACFA0A4B01934FF480730021099384
:10D730006522084B03932846CDE907110094E7F7CB
:10D740005BF80A906846FCF7DFFA11B030BD00BF05
:10D75000E5D60108BDD601082DE9F04FBFB005465A
:10D76000E3F708F804462846E3F753F80CA90390BA
:10D770002046E4F70DFE40F60A0200212046E7F7B6
:10D780003BF840F60B02054600212046E7F734F847
:10D79000BDF83010BDF83480BDF83670ABB2CA1A8F
:10D7A00080B29844ADF83020BDF832201FFA88F8D6
:10D7B00007440133151ABFB20130ADF834809844E4
:10D7C000A8EB0108ADF8367094F85C10ADF8325053
:10D7D0000744BF1AD4E90A2001F0030101290FFA16
:10D7E00088F83FB2A0EB020340F0F380002A80F2F9
:10D7F000F080002840F3ED80216B8E1A7242724156
:10D800000292002141F6120220460893E6F7F4FF47
:10D8100041F61302054600212046E6F7EDFF41F6EA
:10D820001002814600212046E6F7E6FF41F611028C
:10D83000064600212046E6F7DFFF04F13403BDF978
:10D8400034200193ABB206931FFA89F3D21ABDF9C3
:10D8500032C0BDF93610BDF830E00493B3B207937F
:10D8600083B2C91A1EFA85F51CFA86F6ADB292B2D9
:10D87000B6B289B247450593A586089B2287E686FE
:10D88000618700F3A8800131891B09B2032909DCF3
:10D89000E28A07EBD77102EB610292B2911E02326B
:10D8A000E1866287228FA18EA06A0132521A12B2DB
:10D8B0000A92628FE18E0132521A12B2A16D099260
:10D8C0004745D7BF534A544ADDF828B0DDF804A0D5
:10D8D000C8BFDDF824B00892D2BF04F1380904F1C2
:10D8E000360A04F13A094D1C00F08680256D626D00
:10D8F0002D1A121A0BFB05F50BFB02F295FBF3F543
:10D9000092FBF3F22EB212B2921B514348BFFF3189
:10D9100005EB2125A16C4A1C2DB274D0266C626CDB
:10D92000361A121A0BFB06F60BFB02F296FBF3F605
:10D9300092FBF3F230B212B2121A514348BFFF31D8
:10D9400006EB2126002141F26A4220460B9336B2B3
:10D95000E6F752FF47450B9B1FFA86FCA9B200F37E
:10D960008381C0B2012808D15246CCF1000C494253
:10D97000CA460FFA8CF60DB29146BAF8002016444A
:10D98000A9F80060BAF800201544AAF80050029ADD
:10D99000002A45D10198089B9847012858DC039933
:10D9A0002CA8E4F7AAFB4FF4003339931B4B2D93BB
:10D9B000029B2E932CAA019B2F931A212046E2F75B
:10D9C000B9FE2CAA1B212046E2F7B4FE3FB0BDE809
:10D9D000F08F002214E70132521B12B2032A3FF7E4
:10D9E00061AFA28A08EBD87102EB610292B2911E7C
:10D9F0000232A186228755E7256B2D1A0BFB05F510
:10DA000095FBF3F586E7666A361A0BFB06F696FB7E
:10DA1000F3F697E789D6010895D6010870FF02084A
:10DA2000A26AB9F90000BAF90010524247450BFB4F
:10DA300002F292FBF3F292B200F3E8800A4412B2CF
:10DA40008242AABFAAF80000AAF80020A9F8002084
:10DA50001EAD2846EAF7FCFB2A464FF4003120466B
:10DA6000E4F73EF803992CA8E4F747FB4FF40033A2
:10DA70003993844B2D930026019B2F932CAA1A21B6
:10DA8000204630952E96E2F755FE3146602220461C
:10DA9000E6F7B2FE4745DDE909323D46A8BF4546F7
:10DAA00000B26D108542A8BF05469342A8BF134639
:10DAB000BDF978205B109342A8BF13464745D5BFF8
:10DAC000228F628FA18EE18ED4BF01320132521AB1
:10DAD0005B0012B29A4217DD00239DF87BA09DF8EF
:10DAE00092909DF89A60019A03988DF87B301EA958
:10DAF0008DF892308DF89A30EAF7D0FB8DF87BA044
:10DB00008DF892908DF89A60069AA38A1344ADF826
:10DB10003830049A238B9B1AADF83C30079AE38A7D
:10DB20001344ADF83A30059A638B9B1AADF83E303A
:10DB30002A4600230EA912A8EAF77AF9002112A8B2
:10DB4000E9F7BEFF069ABDF830109DF89A60BDF95E
:10DB500036C011440546079ABDF93200002310442F
:10DB60008DF89A30049A8DF8AE30BDF934309B1A96
:10DB7000059AACEB020289B280B29BB292B24745E1
:10DB8000ADF84010ADF84200ADF84430ADF8462095
:10DB900054DC0132121A12B2032A0BDC07EBD773E2
:10DBA000E78A07EB6307BFB2BB1E0237ADF842300E
:10DBB000ADF84670BDF978200199002318A8EAF75E
:10DBC00037F9002118A8E9F77BFF10AA07461EA91C
:10DBD0000398EAF763FB0023019A03988DF87B30E2
:10DBE0001EA98DF892308DF8AE308DF89A60EAF764
:10DBF00055FB18A8E9F7C4FF12A8E9F7C1FF38469A
:10DC0000E9F794FF2846E9F791FFDAE6C2F101034C
:10DC100003441BB29942D6BFA9F80010A9F80030FE
:10DC2000AAF80030B9F90020BAF900309A42BFF6DC
:10DC30000FAFAAF80020A9F8003009E701335B1AFA
:10DC40001BB2032BB6DC08EBD873B4F8148008EBD6
:10DC500063081FFA88F8A8F1020308F10208ADF87A
:10DC60004030ADF84480A5E7B9F800200132A2EBBE
:10DC70000C02AAF80020B9F80020521AA9F80020D6
:10DC800085E600BF70FF02082DE9F04131480C46DF
:10DC9000E2F7ABFC012848D12046E2F76FFD0646CB
:10DCA0002046E2F767FD132E054640D14FF40031C0
:10DCB000E4F7B2F907462046E2F764FD0646B0F9FC
:10DCC0000000B842B8BF3846308041F61202002149
:10DCD0002846E6F791FD41F613020FFA80F800217D
:10DCE0002846E6F789FD41F6100204B200212846D5
:10DCF000E6F782FD41F6110207B200212846E6F759
:10DD00007BFD44452346A8BF4346BB42A8BF3B46D4
:10DD100002B29342A8BF1346002B06DAB6F90020E0
:10DD20005B429342B8BF13463380BDE8F081012EB9
:10DD300001D0082E06D105F134012846BDE8F04196
:10DD4000E4F7AABC152EF0D12046BDE8F041FFF75C
:10DD500003BD00BF70FF020810B501460348E3F79A
:10DD6000EDFD0446E3F775FE204610BD70FF020886
:10DD700073B5466A8E4215D0C36A9942A8BF194648
:10DD80000D46836A016B9942B8BF1946A942B8BFD4
:10DD900029468E4206D0009200F13C0300F1240295
:10DDA000FFF7A4FC02B070BD38B500256423C1E9BB
:10DDB0000B3591F85C304D6465F301030C4681F836
:10DDC0005C304FF0FF33C1E912318B65C1E9095571
:10DDD000C1E90D55C1E90F15C1E9145520460821C7
:10DDE000E3F73BFB20461021E3F737FB2A462946A1
:10DDF0002046BDE83840FFF7BBBF90F85C3003F029
:10DE00000303022B13B515D1C36A9942A8BF194663
:10DE1000836A9942B8BF1946436A9942A8BF194616
:10DE2000036B8B4206D0009200F14C0300F13002EC
:10DE3000FFF75CFC02B010BD90F85C3061F30103A9
:10DE400080F85C3003F00303022B1CBF836A03637A
:10DE5000E4F73CBC836C013314BF406C406A7047EC
:10DE600090F85C3003F00303022B01D0806A704706
:10DE7000836D013314BF406D006B704790F85C00F8
:10DE800000F00300704710B50C4620461021E3F760
:10DE9000E4FA20464FF48061BDE81040E3F7A8BAE9
:10DEA00010B501460348E3F749FD0446E3F7D1FD09
:10DEB000204610BD8CFF020810B50C46886AFCF79E
:10DEC000CDFDE06AFCF7CAFD0023C4E90A3310BDAA
:10DED00008B541F615020021E6F78EFC00B208BD38
:10DEE0002DE9F04F01230027DFF85482438695B0D7
:10DEF00004460E463D46BBB256F8230008B10378EF
:10DF0000A3B9238EAB422BD0A06A18B1FCF7A6FDB3
:10DF10000023A362E06A18B1FCF7A0FD0023E362CE
:10DF2000E800FCF721FFA06260B9FEE74146E2F796
:10DF30004FF918B10135ADB20137DCE7638E01331B
:10DF40006386F9E76800FCF70FFFE06200B9FEE7BF
:10DF5000A36A002B08BF00256900FCF77FFF258618
:10DF600041F26A42002166622046E6F745FC41F62E
:10DF70001202C3B2002120461093E6F73DFC41F6A1
:10DF800010020F9000212046E6F736FC41F61402FD
:10DF9000002183462046E6F72FFC07462046FFF780
:10DFA00097FF08902046E4F74FFA0C902046E4F7DC
:10DFB00061FA638E013B13FB07F3C01A03B24FF003
:10DFC000000A0B93BBB20E931FFA8BFBCDF818A07F
:10DFD000CDF80CA0B4F83280069B434534D32046DC
:10DFE000E4F798F8204615B0BDE8F04FE4F76EBBB3
:10DFF000039B04991D44E36A33F8153003F00703CB
:10E00000012B2CBFC91801318BB204931746BDB246
:10E0100056F82590B9F1000F09D049494846E2F772
:10E02000D7F820B199F800307A1C002BE0D1069B7C
:10E03000BFB20133069357B904360B9B9A440E9B2B
:10E040005B441FFA83FBC5E700270497DFE7BAFBB1
:10E05000F8F35B441AB20B9B0BF1FF315344B3FB53
:10E06000F8F30B441BB20D93BDF830300793089BB7
:10E07000013F17FB03F7079BDF1B3FB227EAE7735C
:10E080000993039B4FEA4308BDF820301193002702
:10E09000BDF83C300597B9460A93099B0499139241
:10E0A00009FB03F3B3FBF1F3E16A31F8081001F067
:10E0B000070101292CBF894409F10109099909FBCC
:10E0C00001F00499B0FBF1F0791E08441099012980
:10E0D00008BF079980B204BF081A01B23B4408BFC9
:10E0E00007989BB216BF19B2C31A03B20A9808BFA9
:10E0F0001BB201440344A06A12900D98009012983C
:10E100001BB200EB880009B2FBF7BCFE059B139A1B
:10E1100001330593119B1F44059BAB4208F1020894
:10E12000BFB2BAD3039A002D05F1FF3302F1010209
:10E1300008BF002313440135039306EB85067CE7F3
:10E14000E90203084FF6FF728A8691F83620002311
:10E1500063F30002C1E90933C1E90B33084681F8D2
:10E1600036200149FFF7BCBE700000202DE9F04FBA
:10E17000D1B00546E2F7FEFA038E0446002B00F00C
:10E18000C8812846E2F745FB94F82230059043F019
:10E1900004030EA984F822302046E4F7F9F8226A35
:10E1A000B84BB4F820A0134043F48023236230A876
:10E1B000EAF74EF81AA8E8F74FFD30AA4FF4A0216D
:10E1C0002046E3F78DFC1AAA4FF4A0212046E3F77E
:10E1D000F3FD94F82230A4F820A06FF3820384F8B2
:10E1E000223041F6100200212046E6F705FB41F6F9
:10E1F000110203B2002120460B93E6F7FDFA41F627
:10E20000120203B2002120460A93E6F7F5FA41F61E
:10E21000130203B2002120460993E6F7EDFA0599AF
:10E2200003B23EA80893E3F768FF4FF4A02322AAA5
:10E230004B93954B3F934292002312AA40934392F3
:10E2400098469B4610AD238E1FFA88F7BB4240F2DA
:10E250005A81666A56F82B008C494FEA8B03079364
:10E26000E1F7B6FF0BF101031FFA83FB0028F1D0A1
:10E27000E36A1FFA88F933F819301E0700F1FE80AF
:10E280009806C3F3C01640F1038146F08006A36AE6
:10E2900003EBC90233F83930B2F90210B2F9047055
:10E2A000B2F90600BDF8382013442B80BDF83A308F
:10E2B0003A44194403446980AA80EB80002E40F060
:10E2C0000081382230A922A8FCF704FC20221AA9D8
:10E2D00012A8FCF7FFFBE26A9DF8653032F81920BE
:10E2E0004195D1044CBF43F0010303F0FE033EAA65
:10E2F0001A2120468DF86530CDF83091E2F71AFAF0
:10E300009DF8AB20C2F344030F2B42D9B4F914108B
:10E310000998B5F9003001448B4214BF0F230B2339
:10E3200063F345028DF8AB20B4F918200898B5F9CD
:10E330000410121A914208BF9DF8AB200B9902BF3E
:10E3400003F0170363F345028DF8AB20B4F91630E0
:10E35000B5F902200B449A4209D19DF8AB30C3F3C2
:10E36000440202F01D0262F345038DF8AB30B4F9AC
:10E370001A300A99B5F906205B1A9A4209D19DF81C
:10E38000AB30C3F3440202F01E0262F345038DF882
:10E39000AB30EF886B880693013716F02006BFB2CA
:10E3A00008D0E36A33F819309A0542BF069BC7EBE1
:10E3B00043036B8005982A4622A9E9F76FFF636A39
:10E3C000079A99589DF865300293BDF83C30BDF826
:10E3D0003820079101339B1A1BB20193BDF95A30C3
:10E3E000129A00930DA8BDF95C30FEF7DEFAAB88F7
:10E3F000B5F800C0BDF934E06A88BDF93600079968
:10E400000133A3EB0C031BB2A3EB0E0303EBD3739B
:10E410000CEB630CEB8801339B1A1BB21B1A03EB4A
:10E42000D37302EB630292B21FFA8CFC1044A5F87E
:10E4300000C080B2F4446A80A5F804C0E88086B1C8
:10E44000E36A33F819309B050BD5069BFF1AC7F317
:10E45000C03303FA87F7C7F34F07D21BC01B6A808C
:10E46000E8800023059800932A460B4612A9E8F796
:10E4700011FC3EAA1B212046E2F75CF908F10108D5
:10E48000E1E600BF0000FBFFA8FF0208E902030865
:10E49000A38EBB427FF4FBAE1AF0200F18BF46F0EC
:10E4A00020061AF0020F18BF46F002061AF0040FF9
:10E4B00018BF46F004061AF0080F18BF46F0080609
:10E4C000E5E694F82230268443F0040384F82230F1
:10E4D00022A8E9F7BDFE12A8E8F7BEFB22AA4FF476
:10E4E000A0212046E3F7FCFA12AA4FF4A02120460F
:10E4F000E3F762FC94F82230A4F820A06FF38203C3
:10E5000084F82230E7E694F822306FF3820384F82F
:10E51000223051B0BDE8F08F2DE9F04F8BB00546A9
:10E52000039106A9E3F734FF2846E3F781FF81460C
:10E530002846E3F783FF41F61202029000212846A5
:10E54000E6F75AF941F613020FFA80FA002128463D
:10E55000E6F752F941F6100206B200212846E6F726
:10E560004BF941F6110207B200212846E6F744F9BB
:10E5700041F614020FFA80F800212846E6F73CF92C
:10E5800004B22846FFF7A4FC04EBD47204F00103A4
:10E5900003EB620300F0010400EBD072013304EBE3
:10E5A00062041BB201340D2B24B2A8BF0D230D2C25
:10E5B000A8BF0D240D2EA8BF0D260D2F0093A8BFB8
:10E5C0000D275346B8F10D0FA8BF4FF00D080D2BC6
:10E5D000A8BF0D23A9EB06090493A9F102034FF08C
:10E5E000000B05932B8E1FFA8BF94B4557D9AA6A5E
:10E5F0001FFA8BF302EBC30032F9331032F83330D9
:10E60000BDF81820B0F902E0B0F904C0B0F9060076
:10E6100001908A45ABBF0499111B511A5B18A6BF24
:10E62000C9180BB21BB27745B8BF0098ADF82030BF
:10E63000BDF81A301FFA8EF1ACBFA3EB070EA3EBA7
:10E64000000E0598B3BF71448E440FFA8EF109B2E3
:10E650008445ADF82210A8BF92191FFA8CF1B8BFFB
:10E6600012190A4402990198A1EB08010239884263
:10E67000B8BF009912B2ADF82420BDF80420B4BF91
:10E680005B18434413441BB20399ADF826300022B3
:10E6900008A8FBF783FC0BF1010B0028A2D02A8EFF
:10E6A0004FF6FF734A4508BF994648460BB0BDE890
:10E6B000F08FF0B54FF6FF73994285B005460E46D0
:10E6C00063D0038E8B4260D9826A02EBC10332F9B8
:10E6D0003120ADF80020B3F90220ADF8022002A9E4
:10E6E000B3F90420B3F90630ADF80630ADF80420D4
:10E6F000E3F74EFE41F6140200212846E6F77CF8C7
:10E7000007B22846FFF7E4FB04462846E6F70AFF6F
:10E71000FBF76EF90A2390FBF3F31BB29F42B8BFDD
:10E720001F469C42B8BF1C46BDF808C0BDF800108B
:10E73000BDF80A00A3B2BDF80440BAB26144891A18
:10E74000A4449444ADF80010BDF80620BDF80210B2
:10E75000ADF804C002440144C91A1344AA8E89B218
:10E760009BB2B242ADF80210ADF8063009D1E86AAA
:10E7700030F81220920542BFDB4303EB4103ADF8B2
:10E78000023069462846E3F787FF05B0F0BD000078
:10E7900010B501460348E3F7D1F80446E3F759F909
:10E7A000204610BDA8FF020809B1FFF799BB7047CA
:10E7B00010B5028E04465200C06AFCF78BF9616AFC
:10E7C0002046BDE81040FFF7EFBF38B5038E8B42FF
:10E7D00004460D4603D84FF6FF7399420AD1A18E25
:10E7E0002046FFF766FFA58629462046BDE838404B
:10E7F000FFF75FBF38BD70B51546028E8A420446EA
:10E800000FD9C66A36F8112022EA050226F811202F
:10E81000FFF74FFFAB0504D52046BDE87040E3F796
:10E8200079BC70BD70B504460E460025238EA9B292
:10E830008B4200D870BD32462046FFF7DCFF013521
:10E84000F4E7038E8B4270B504460D46164619D97F
:10E8500090F83630D90704D5320602D58021FFF76B
:10E86000E1FFE26A32F81530334322F815302946C9
:10E870002046FFF71EFFB30504D52046BDE87040D3
:10E88000E3F748BC70BD70B504460E460025238EE4
:10E89000A9B28B4200D870BD32462046FFF7D1FFA7
:10E8A0000135F4E7808E70474FF6FF7399422DE9EA
:10E8B000F04705460F4620D0B0F830A08A451CD35B
:10E8C0000026DFF83C90B046BE4206D1B24514D0D7
:10E8D0006B6A53F82800BDE8F08708F101046B6A01
:10E8E000A4B2494653F82400E1F772FC10B908F1CC
:10E8F0000204A4B20136A046E6E70020EBE700BF21
:10E90000E9020308038E8B4207D9C36A33F811303A
:10E910009A430CBF0120002070470020704770B55B
:10E9200080220446FFF7EEFF0D4606468021204672
:10E93000FFF778FF36B1294620468022BDE87040B7
:10E94000FFF77FBF70BD00002DE9F347AE480E46CC
:10E95000E1F74BFE012822D13046E1F70FFF0546D3
:10E960003046E1F707FF132D04462AD13046E1F780
:10E9700009FF638E054683B1D4F82490DFF88CA29A
:10E9800000271FFA87F859F8286036B151463046FB
:10E99000E1F71EFC08B1337823B900232B8002B0C5
:10E9A000BDE8F087E36A33F81830990507F10107ED
:10E9B000E7D52046E3F75EFD638E90FBF3F02880F9
:10E9C000EDE72A2D05D1616A02B0BDE8F047FFF7F7
:10E9D000EBBE152D32D8002DE1D0013D142DDED82F
:10E9E00001A353F825F000BF43EA0108C9EA010872
:10E9F000FBEB01089FE901089FE90108D3EB01083F
:10EA00009FE9010857EB01089FE901089FE9010808
:10EA10009FE901089FE9010899EC010811EC010840
:10EA200087EC010887EC01089FE901089FE90108CC
:10EA30009FE901089FE9010865EE0108292DC2D070
:10EA4000ADE73046E1F79EFEA18E05462046FFF772
:10EA500030FEE2F761F8E2F765F800F0FD0001280A
:10EA600017D169462846E2F7BEF869462046FFF707
:10EA700053FD4FF6FF73984201460AD0E36A33F81C
:10EA800010309A0605D41F0703D4A0862046FFF74E
:10EA900010FEA28E4FF6FF739A4280D0E36A33F8DD
:10EAA0001230DE053FF57BAF9D053FF578AF980648
:10EAB0003FF575AF19073FF572AF019201AA1C210E
:10EAC0002046E1F737FE6AE73046E1F75BFE06468F
:10EAD000E2F722F80546E2F725F804283FF45FAF95
:10EAE00002283FF45CAF28466946E2F77CF86946A5
:10EAF0002046FFF711FDA18E814205463FF44FAF3E
:10EB00004FF6FF73994202D02046FFF7D2FDA5864B
:10EB10003046E2F75BF84FF6FF739D423FF43FAF9C
:10EB2000E36A33F815309A063FF539AF1B073FF516
:10EB300036AF29462046FFF7BCFDE36A33F81520BF
:10EB4000D7053FF52CAFA28E33F812309E053FF566
:10EB500026AF0195B2E7828E4FF6FF739A422ED010
:10EB6000C16A31F81230580614D59F0612D41E0619
:10EB70002CD594F83600C50728D423F080039BB227
:10EB800021F8123094F83630D80703D5A18E2046EC
:10EB9000FFF7C5FEA28EE36A33F81230D90501D41F
:10EBA0009F050CD59E060AD41D0708D401921C218E
:10EBB00001AA2046E1F7BEFD01287FF4F0AEA18E48
:10EBC000204602B0BDE8F047FFF773BD43F0800375
:10EBD000D6E7838E4FF6FF7293423FF4E0AEC26AEF
:10EBE00032F81320D0063FF5DAAE91063FF5D7AEE6
:10EBF00012073FF5D4AE019360E7818EFFF759FD10
:10EC00004FF6FF73A386CAE6A8FF0208E9020308CD
:10EC10003046E1F7B7FD0646E1F784FF05462EB919
:10EC20003046FAF707FFE1F77DFF05462046E2F799
:10EC300071FCE1F76CFFA28E4FF6FF739A427FF4EE
:10EC4000AEAE022D05D0042D7FF4A9AE00283FF40E
:10EC5000A6AE94F83630E16A13F0010311D131F811
:10EC60001320100701D49706CCD50133F7E7013301
:10EC700031F813201707FAD49606F8D41506F6D5FE
:10EC8000C0E70023F4E7818E4FF6FF75A94201D05B
:10EC9000FFF70FFDA58682E6818EFFF70AFD30465D
:10ECA000E1F770FD0378132B1ED1A38E218EE06A4D
:10ECB0004FF6FF7293421ABF01339BB20023994271
:10ECC000A3869CBF0023A3860025A38E30F81320C3
:10ECD000160702D492067FF572AF01339BB29942B8
:10ECE000A38698BFA586F0E7142B1CD1A28E4FF601
:10ECF000FF739A4204BF0023A386A38E03B9238E19
:10ED0000E16A013B9BB2A386A38E31F8132017075B
:10ED100002D496067FF553AF1BB1013B9BB2A3868D
:10ED2000F2E7238EF9E7122B4CD12046FFF7D0F8FB
:10ED3000A18E4FF6FF73994212D10021E06AA1869D
:10ED4000A38E30F81320150702D492067FF537AF53
:10ED5000228E01339BB29A42A38698BFA186EFE729
:10ED6000A56AB4F830C035F8313005EBC10705F1BC
:10ED7000020EBA880132D21A42F34E0213441BB279
:10ED80004A0005F104088C457FF619AF3EF9229040
:10ED9000B7F90260B1450FDD35F922609E420BDC08
:10EDA00038F922600644B34206DCE66AB65A16F029
:10EDB000200F01D1360703D5013189B20232E2E7D3
:10EDC000A186FCE6112B7FF4FAAE2046FFF780F80F
:10EDD000A38E4FF6FF72934212D10021E06AA18602
:10EDE000A38E30F81320150702D492067FF5E7AE04
:10EDF000228E01339BB29A42A38698BFA186EFE789
:10EE0000A56A05EBC30635F83310B2880132521AF1
:10EE100042F34E020A4412B21BB205F1020C05F194
:10EE2000040E1FB2002FFFF6CAAE3CF93380B6F9CC
:10EE30000210884510DA35F93310091A8A420BDBC3
:10EE40003EF93310914207DBE16A31F8131011F0FB
:10EE5000200F01D1090701D5013BE2E7002FA8BF30
:10EE6000A386ACE6304602B0BDE8F047FFF77EB9B6
:10EE700090F8362061F3000280F836200021FFF779
:10EE80004EBD00000C4B10B54B6291F828300C467B
:10EE900043F0010381F8283020460221E2F7A8FA66
:10EEA00020460821E2F7A4FA20464FF48061BDE82D
:10EEB0001040E2F79DBA00BFDDFF020838B591F8B7
:10EEC000283013F001050C4603D1486AFBF7C6FD54
:10EED000656238BD2DE9F04FBF48B9B00D46E1F786
:10EEE00084FB01286AD12846E1F748FC06462846FB
:10EEF000E1F740FC2C2E044663D12846E1F742FCA2
:10EF000041F25942064600212046E5F775FC41F2E0
:10EF10005B42B0F90870054600212046E5F76CFC1D
:10EF200041F25A420FFA80F800212046E5F764FCCE
:10EF30004FF0000941F6FF73CDE90139CDF80080AB
:10EF400003B22A46616A26A8FDF72FFD494641F61D
:10EF500015022046E5F750FC41F6120281464FF4B7
:10EF600000312046E5F748FC41F6130205464FF410
:10EF700000312046E5F740FC41F6100282464FF48E
:10EF800000312046E5F738FC41F6110280464FF487
:10EF900000312046E5F730FCBDF89830BDF99A20E5
:10EFA000554480441D4418FA87F31BB24D449342E4
:10EFB00015FA87F5B8BF13463580738039B0BDE8C0
:10EFC000F08F132E0FD12846E1F7DCFB4FF4003110
:10EFD00005462046E3F720F8B5F900308342B8BF74
:10EFE00003462B80EAE7152EE8D12846E1F7C2FB5D
:10EFF00004462846E1F70DFC41F2594280460021C3
:10F000002046E5F7F9FB41F23202B0F908B004906E
:10F0100000212046E5F7F0FB41F6100205460021ED
:10F020002046E5F7E9FBAEB241F6120210FA85F58B
:10F0300000212046E5F7E0FB41F6150206440021D9
:10F040002046E5F7D9FB41F6120205904FF4003156
:10F050002046E5F7D1FB1FFA85F941F61302054674
:10F060004FF400312046E5F7C7FB41F61002074692
:10F070004FF400312046E5F7BFFB41F61102069040
:10F080004FF400312046E5F7B7FB40F60A0209903D
:10F090004FF400312046E5F7AFFB40F60B02079036
:10F0A0004FF400312046E5F7A7FB0DF1600A089008
:10F0B0005046E9F7CDF8524620464FF40031E2F7CA
:10F0C0000FFD099B0698A28AE18A3D441844B6B216
:10F0D000431E013DBDF81C00324415FA8BF515FAAC
:10F0E00082F5121AADF83020BDF8202013FA8BF308
:10F0F000494489B29EB212FA83F3AFB210FA85F591
:10F10000881A1944ADF83200ADF8361026A84146E9
:10F11000ADF83450E2F7F1FF2F4B27934FF4003254
:10F1200000250CAB33921A2126AA2046CDF8A8A0C0
:10F1300029932895E1F7FEFA0CAB1A465146404652
:10F14000E9F7ACF826AA1B212046E1F7F3FA294695
:10F1500041F25B422046E5F74FFB29460FFA80FA61
:10F1600041F25A422046E5F747FB41F6FF73CDE9ED
:10F1700000A3029503B2049A616A0BA8FDF715FC7F
:10F1800010A8E7F769FD10AA29462046E2F714FE09
:10F190000136059BE28A009536B21F44A6EB0B06AA
:10F1A000BDF82C30BFB206EBD676ADF838701F44F0
:10F1B00009EB66031344BDF82E20ADF83C709BB2FA
:10F1C000ADF83A301344ADF83E300EAA636A10A988
:10F1D0004046E7F75FFDF1E6E8FF02084B6A0022D0
:10F1E0005A627047406A10B10021E6F7BCB9704717
:10F1F00070B50446FFF7F6FF054618B3E3F71EF9AE
:10F2000006462046E3F736F986421BDD41F25942B5
:10F2100000212846E5F7F0FA41F25B42B0F90860B8
:10F2200000212846E5F7E8FAE18E064411FB06F1D5
:10F23000606A002209B2E4F709FE606ABDE8704026
:10F24000E3F744BA70BD10B50C4620464FF4806118
:10F25000E2F703F920460421E2F7FFF820464FF4D5
:10F260000031E2F7C5F820460121E2F7C1F8204657
:10F27000BDE8104001F0DEBF486A38B50C4618B151
:10F28000E6F71DFA0023636294F83C3013F0100592
:10F2900003D1206BFBF7E2FB256338BD2DE9F0437A
:10F2A00090464FF6FF7290458FB006460D465FD0F0
:10F2B000446A278C9F421FBF238494F8223043F076
:10F2C000040384F8223006A8E7F7C6FC06AA4FF428
:10F2D00080212046E2F770FD41F25B424FF480212D
:10F2E0002046E5F789FAADF82A003046FFF77AFFA5
:10F2F000064600283CD0069BBDF92A10B3F9082029
:10F30000531801EBD17013FB08F3A3EB6003F08AF1
:10F310000139034411449BB2ADF80A300B44ADF8F7
:10F320000E300DF11008A38AADF80830A968238BC0
:10F33000ADF80C3002AA4046FAF7E3FD88B1D5F8E3
:10F340000890C5F80880304602F058F800220346BD
:10F35000009206A906F114022846E7F79BFCC5F8BF
:10F36000089094F8223027846FF3820384F82230C7
:10F370000FB0BDE8F0832DE9F04F92464FF6FF72D3
:10F38000924591B005460E4650D0446A278C9F4264
:10F390001FBF238494F8223043F0040384F8223002
:10F3A00041F259424FF480212046E5F725FA4FF407
:10F3B000802141F25B4281462046E5F71DFA0FFAB3
:10F3C00080FB80462846B9F90890FFF70BFF09EB50
:10F3D0000B02C38A12FB0AF20BEBDB7BA2EB6B0284
:10F3E0001A4408F1FF386B6A92B2C844ADF80220A3
:10F3F0004244ADF8062002A89A8A1B8BADF804306F
:10F40000ADF80020E8F724FF02AA4FF4802120463F
:10F41000E2F766FB6A4602A93046E8F73FFF94F838
:10F42000223027846FF3820384F8223011B0BDE8C4
:10F43000F08F2DE9F04106460D46FFF7D3FE044656
:10F4400008B341F259420021B0F81680E5F7D4F92B
:10F4500041F25B42B0F9087000212046E5F7CCF993
:10F46000C0F3C03303FA80F305EB63050744B38EA2
:10F47000A5EB08052DB23FB295FBF7F5A8B2834284
:10F4800001D8013B98B2BDE8F081000010B50146FB
:10F490000348E2F753FA0446E2F7DBFA204610BDD0
:10F4A00040000308F8B504460D4601B9FEE7002305
:10F4B00083860139A38E11F8012F01339BB2B2B9B3
:10F4C000A386E28622872846E0F78CFE471C206B45
:10F4D00038B194F83C3013F0100602D1FBF7BEFAB5
:10F4E00026633846FBF740FC206320B9FEE70A2A72
:10F4F00008BFA386DEE729460BF01BF994F83C30E1
:10F500006FF30413204684F83C30E3F7DFF8606AB9
:10F5100018B1BDE8F840E3F7D9B8F8BD38B50446EE
:10F520000D4601B9FEE7002383860139A38E11F849
:10F53000012F01339BB2D2B9A38694F83C30E28606
:10F54000DB06228703D4206B08B1FBF787FA94F817
:10F550003C30256343F01003204684F83C30E3F749
:10F56000B5F8606A38B1BDE83840E3F7AFB80A2AA9
:10F5700008BFA386DAE738BD144A38B50023C1E9CD
:10F580000A32C1E90C334B62A3F580338B6391F8E7
:10F590003C3023F03F030C4643F0380381F83C3005
:10F5A00020464FF48061E1F723FF09492046FFF729
:10F5B000B5FF2046E5F7ADFF01460648E2F7BEF984
:10F5C0000546E2F746FA65626C6238BD040003083E
:10F5D0000800030824000308C38E8B4209D0838EE1
:10F5E0008B429CBF03F1FF3399B2C1860187E3F7D9
:10F5F0006DB87047C08E7047F8B5076B05460C466E
:10F600001646CFB13846E0F7EDFD0023194681429A
:10F6100002D02A8F9A4211D1002306F1FF3CCA186A
:10F62000824206D22F6BBA5C0A2A02D066B19C4590
:10F630000AD80022E25400E00F70F8BD7A5C0A2A72
:10F6400008BF01330131E2E7E2540133E7E72DE976
:10F65000F34104460121E1F73CFF2046656AE5F7E6
:10F6600058FF01462846E6F75BF8606A4FF0FF3125
:10F67000E6F7C6F8606A0121E1F7EFFE00221F21DC
:10F680002046E1F757F82046FFF7ACFD216B064610
:10F6900001F03DFE42F2D171606AE2F7D3FD3046DF
:10F6A000E3F766FD606AE2F7C3FE05462046E2F72F
:10F6B000BFFE854210DC94F83C204FF4887302F0C2
:10F6C0000F02D340DB0707D52046656AE2F7B0FE9C
:10F6D00001462846E2F7B6FD3046E2F7AFFE41F2BA
:10F6E000320207460021606AE5F786F841F610020B
:10F6F00080460021606AE5F77FF841F61102054671
:10F700000021606AE5F778F894F83C30054405EB91
:10F7100048053D4403F00F07082F2DB26AD1B4F914
:10F720001A80FAF73FF9FAF753F9A844804567DDE4
:10F73000B4F91680FAF736F9FAF74AF9B4F91A303B
:10F74000C01A80454DDDE18A013909B20427A9427A
:10F75000A8BF2946606AE2F78DFD2046FFF748FD05
:10F76000082F64D100230093606A0D222146E3F73D
:10F7700019FD606AE3F7FCFC94F83C3003F00F03DA
:10F78000013B012B1AD8606AE2F72BFE0546606A3E
:10F79000E2F743FE0746FAF705F9FAF719F9B84216
:10F7A0000CDCD4F82480FAF7FDF8FAF711F9013DE2
:10F7B000ED1B054429B24046E2F721FD226B0021F2
:10F7C0003046E5F72CFE0023022801461A4642D0B7
:10F7D000032800D00121304602B0BDE8F041E2F735
:10F7E000C9BDFAF7DFF8FAF7F3F8638BC11A0139EC
:10F7F00009B2ACE7042F03D1B4F91680A84501DBA8
:10F800002946A4E7FAF7CEF8FAF7E2F8B4F91A3085
:10F81000C01A804508DAFAF7C5F8FAF7D9F8638B09
:10F82000C11A09B2082792E7B4F916108FE7042F1E
:10F83000606A04D1002300930A22214697E7012F32
:10F8400003D1002300931022F7E7022F91D1002368
:10F8500000931322F1E70921BDE710B50121044609
:10F86000E1F741FE4FF6FF73606A63870121E1F71C
:10F87000BFFD20460022BDE810402021E0F75ABF1E
:10F88000F7B508460E46E0F779FF1828044642D13E
:10F890003046E0F76FFF082C476A054649D1E1F78B
:10F8A0003BF9E1F7C4F9064600283AD16C6AE1F762
:10F8B00033F90546E1F736F904280CD1E38E2387A6
:10F8C0002046E1F727FE0746E1F721F918B1314656
:10F8D0003846E1F7FBF82846E1F724F9012822D160
:10F8E00069462846E1F77FF9BDF902102046FFF787
:10F8F000A0FDE08620872046FFF7AFFFA36A13B97B
:10F900002046E2F7E3FEE38E00936A461C21204680
:10F91000E0F710FF05E041483146E0F766FE0128B8
:10F92000B6D003B0F0BD2846E1F7FCF80328E2D1D9
:10F93000D6E7012C1CD1E1F7EFF804460028F0D0FF
:10F94000E1F7F0F801280DD169462046E1F74BF9BF
:10F95000BDF902103846FFF76CFD78872846E2F7BC
:10F96000B5FEDEE72046E1F7DDF80328D9D1EBE765
:10F97000092C07D14FF6FF737B8703B0BDE8F04039
:10F98000E2F7A4BE182CCCD13046E0F7F3FE446A6F
:10F990003046E0F73EFF626A8168054614326846E9
:10F9A000FAF7AFFA58B394F83C30AF68628FC5F8F5
:10F9B00008D09B062AD5E18E914208D121230A4620
:10F9C00020462946FFF7D7FC2123628F12E020232F
:10F9D00029462046FFF7CFFC628F20232946204688
:10F9E000FFF75CFCE28E012329462046FFF7C3FCAB
:10F9F000E28E012329462046FFF750FCAF600748FE
:10FA0000314603B0BDE8F040E0F7EFBD20232946C2
:10FA10002046FFF7B0FC2023D7E700BF24000308EF
:10FA200008B50121406AE1F767FD80F00100C0B22E
:10FA300008BD37B50446E1F76FF80546E1F7F7F87A
:10FA400050BB2046FFF7ECFF00B32046FFF705FF51
:10FA5000E38E228F9A420BD0238701AA1C212046D5
:10FA60000193E0F767FE01281ED12046E2F72EFE43
:10FA70002846E1F757F8042816D12046E1F74AFD59
:10FA8000002103B0BDE83040E1F720B8204603B0C4
:10FA9000BDE83040FFF7DBBD238FE386204603B08F
:10FAA000BDE83040E2F712BE03B030BD2DE9F04FA3
:10FAB000B3489DB00E46E0F798FD012832D130469C
:10FAC000E0F75CFE05463046E0F754FE0E2D044696
:10FAD00012D1E1F71FFDE1F71AF80546E1F71CF82E
:10FAE000E1F720F804281DD1002D5CD020461DB080
:10FAF000BDE8F04FFFF7ABBD152D0DD8072D11D97F
:10FB0000083D0D2D0ED8DFE805F05A0D0D0D0D2224
:10FB10000D50500D0D0D0D602A2D06D02C2D09D045
:10FB2000292D02D01DB0BDE8F08F1DB0BDE8F04F0B
:10FB3000E2F701BD3046E0F725FE41F259420546A5
:10FB400000212046E4F758FE03896B80EAE730463F
:10FB5000E0F718FE0378A3F11202012A10D820461C
:10FB6000FFF75EFF0028C1D0E38EA28E01339342DF
:10FB7000D8DA2046E3861DB0BDE8F04FFFF738BB6A
:10FB8000142B04D00DD80A2B15D0112BCAD1204626
:10FB9000FFF746FF0028A9D0E38E002BC2D0013B1F
:10FBA000E7E71B2BBED1238FE38620461DB0BDE8BF
:10FBB000F04FFFF752BEE1F75DF88442B2D0204625
:10FBC0001DB0BDE8F04FFFF734BF3046E0F7D2FD7F
:10FBD00004463046E0F71DFE41F232020021824623
:10FBE0002046E4F709FE41F61202064600212046AF
:10FBF000E4F702FEB5B210FA86F6B3B241F613028C
:10FC0000002120460493E4F7F7FD41F6100205EBCE
:10FC1000000900212046E4F7EFFD05440CA8E7F7B2
:10FC20001BF80CAA4FF400312046E2F7C5F8A76A8A
:10FC30001FFA89F9ADB247B98020FBF7C5F88022D9
:10FC4000074601462046FFF7D7FC41F26A420021F1
:10FC5000204694F83C60E4F7CFFD5FFA80F8B8F1F5
:10FC6000010F06D006F00F06731ED3F1000848EB13
:10FC70000308E06A00283DD0E6F7C8FE0228834664
:10FC80006CD19DF84D30029341F6FF730193BDF99D
:10FC9000423000930C9ABDF94430E16A14A8FCF795
:10FCA00084FEBDF95030BDF9526098B2B8F1000F32
:10FCB00068D0049AA18A11448AB2013A09B2024476
:10FCC00012B2BBF1020FADF82810ADF82C20B1B282
:10FCD000E28A5FD12A4492B20023ADF82A20013A89
:10FCE0000A440093ADF82E20E36A0AAA0CA95046F4
:10FCF000E6F7D0FF14A8E6F7AFFF14AA00212046CC
:10FD0000E2F75AF89DF86D30029341F6FF730193C4
:10FD1000BDF962300093149ABDF96430394609A8E0
:10FD2000FCF743FEE38A1D44BDF82630ADB2ADF8C2
:10FD30002A501D44E36AADF82E50002B62D12046B4
:10FD4000A58AE2F775FBBDF92420801A00EBD0707C
:10FD500005EB600319B212FA83F35EE0E06A14A9BE
:10FD6000E9F7DEFA012805BF149BBDF852604FF099
:10FD7000FF36C3F38A230CBFC6F34A16334694E713
:10FD800040000308228BA2EB090292B2101A01B2C2
:10FD9000013A95E720460593CDE90621E2F74EFBAF
:10FDA000069A0799801B00EBD07002EB60020139C4
:10FDB00092B2ADF82A2014A80A44ADF82E20E6F736
:10FDC000F7FD14AA20464FF40031E2F746F8059BF0
:10FDD00006EBD67603EBD3735B10761043F60F0277
:10FDE0004FF400312046ADF85430ADF85660E4F7DA
:10FDF00003FDE36AADF850000AAA14A95046E6F7DD
:10FE00001DFE77E7BDF82420B8F1000F1AD0238B30
:10FE1000A3EB09039BB29A1A11B21BB2ADF82C30B6
:10FE20000023ADF8281000930AAA3B4614A95046B7
:10FE3000E6F730FFA36A002B7FF474AE3846FAF77A
:10FE40001BFE6FE6A38A049919440B4682E700BFA4
:10FE500038B591F8383023F07F03002543F00303D1
:10FE60004D6281F8383008460C46E2F7E1FAA08589
:10FE70002046E2F7E3FA4FF080736363238FE08557
:10FE800023F4607343F080032046A5622563238733
:10FE90000221E1F7E2FA20464FF48031BDE8384014
:10FEA000E1F7A6BA91F8383003F00303013B012BC8
:10FEB00010B50C460AD8486AFAF7D0FD00236362F1
:10FEC00094F8383043F0030384F8383010BD08B597
:10FED00043F60F020021E4F78FFC00B208BD08B51D
:10FEE00043F60E020021E4F787FC00B208BD30B5EE
:10FEF000044687B0FFF7F3FFE58E45432046FFF742
:10FF0000E6FF238E04F13202C5F30F25019200951E
:10FF10000344B4F92E20B4F92C1004A81BB2E8F75E
:10FF200074FBBDF81420BDF81000BDF81630BDF804
:10FF300012100132121A01335B1A92B2002062F3DE
:10FF40000F009BB263F31F4007B030BD10B50146F0
:10FF50000348E1F7F3FC0446E1F77BFD204610BDC2
:10FF60005C0003082DE9F0410E4686B00446E2F736
:10FF7000ADFB3046E6F74AFD0328054614D194F858
:10FF8000383003F00303013B012B02D8606AFAF713
:10FF900065FD0023636294F8383043F0030384F86E
:10FFA000383006B0BDE8F08104A93046E9F7B8F969
:10FFB000002D38D194F8383003F00303013B012BB6
:10FFC00002D8606AFAF74AFD6662049AC2F38A238D
:10FFD000A385BDF81230C3F34A11E1859DF81010D6
:10FFE00005F00305C1F3040145EA810594F83810D2
:10FFF00021F07F01C3F389130D43C2F3C922A38605
:020000040802F0
:1000000084F8385062862046E2F795FA238E1BB9B1
:10001000E38EB3F5807F02D02046E2F77BF82046DE
:10002000E2F754FBBDE76B1EDBB2012BCDD8676A4C
:10003000B74219D094F8383003F00303013B012B89
:10004000304688BF0027E0F7CDF80130FAF78CFE84
:10005000804600B9FEE731460AF06BFBC4F8248005
:1000600017B13846FAF7FAFC022DAED141F25942E7
:1000700000212046E4F7C0FB41F25A420746002126
:100080002046E4F7B9FB41F25B420FFA80F8002109
:100090002046E4F7B1FB41F6FF7300B20022CDE940
:1000A0000132009043463A46314605A8FCF77DFCF4
:1000B000BDF81420BDF91630C2F30A025B0543EA0D
:1000C0008223049AC2F30902134304937DE70000DC
:1000D0002DE9F04F08469DB00D46E0F74FFB15287F
:1000E000064611D12846E0F745FB2A2E04461BD1CF
:1000F00090F8383003F00303022B10D1416A1DB091
:10010000BDE8F04FFFF72EBF1828EBD0BB482946BB
:10011000E0F76BFA0128E5D01DB0BDE8F08F1DB007
:10012000BDE8F04FE1F7F6BF182E17D8102EF3D91F
:10013000113E072EF0D801A353F826F02F02020833
:100140001B03020887010208190102081B030208A9
:1001500019010208190102081B0302082C2EDBD129
:100160002846E0F70FFB94F8393003F00303012B26
:10017000054640F0CD802046FFF7B9FE2880C0F349
:100180000F406880C8E72846E0F7FCFA054620469D
:10019000FFF7A5FEB4F8368000FB08F82046FFF70D
:1001A00096FE238E00EB03090FFA89F94FEA2828FF
:1001B000B9F1000F04D10FFA88F3B3F5807FABD00B
:1001C0002046E2F735F907462046E2F737F93234A0
:1001D0001FFA88F302460646009339464B4614A898
:1001E0000194E8F712FAB5F90000BDF95020821A1F
:1001F0008242B8BF024612B22A80BDF95230C31AF9
:100200009342B8BF13461BB22B80BDF95410014472
:10021000C91B9942B8BF194609B22980BDF95630A9
:1002200003449B1B8B42B8BF0B462B8074E72846C8
:10023000E0F7A8FA06462046FFF751FE054620469D
:10024000B4F83680FFF743FE81462046B4F92CA06F
:10025000278EE2F7EDF8824555D12046B4F92EA05D
:10026000E2F7ECF882454ED108FB05F24FEA22286E
:1002700042F30F2207EB0905B2F5807F2DB212D1B0
:100280008DB9B4F92C20B4F9323002EBD272B3EB51
:10029000620F08D1B4F92E20B4F9343002EBD272D7
:1002A000B3EB620F2FD02046E2F7C2F80746204694
:1002B000E2F7C4F804F1320301931FFA88F302460F
:1002C000009339462B4614A8E8F79FF9A28ABDF897
:1002D0005030BDF852101344ADF85030E38A194441
:1002E000ADF85210BDF854100A44ADF85420BDF8D2
:1002F00056201344ADF856303168002214A8F9F79F
:100300004DFE307108E714A92046E2F7FDFBF3E744
:10031000A38D0380E38D4380FEE62846E0F72EFAA6
:1003200006462846E0F726FA122E044668D12846EB
:10033000E0F728FA0378022B06463FF4EDAE94F876
:1003400038309A0702D501233370E5E603F07C03C9
:10035000102B01D0042BF6D1462200212046E4F7D1
:100360004BFAC0B2FF28EED12046FFF7B0FDB4F83B
:10037000308018EB0008E6D12046FFF7B0FDE78E8D
:1003800047432846E0F7FEF93F12B7F5807F054660
:1003900008D1424604F11401F9F7B2FE00287FF4B7
:1003A000BBAED0E72046E2F743F881462046E2F7AD
:1003B00045F8BFB204F13203024601934946434671
:1003C00014A80097E8F721F9A28ABDF85030BDF8CB
:1003D00052101344ADF85030E38A1944ADF852106E
:1003E000BDF854100A44ADF85420BDF8562013440B
:1003F000ADF85630424614A92846CDE75C00030804
:10040000152E02D0182E7FF487AE2046FFF767FD29
:10041000E38E434320464FEA232AFFF758FD238EFD
:10042000034420460693E2F703F807462046E2F726
:1004300005F841F23202002181462046E4F7DCF95A
:1004400041F61202834600212046E4F7D5F910FA5E
:100450008BF083B241F61302002120460393E4F7A8
:10046000CBF941F61002099000212046E4F7C4F9C7
:100470001FFA8BF8404483B241F611020021204656
:100480000493E4F7B9F9039A638E08901344ADF826
:100490003030049AA38E1344ADF8323094F83930DA
:1004A00003F00303012B40F0F1800EA92046E1F791
:1004B0006FFFBDF83820B4F91430A282BDF83A209D
:1004C000B4F916B0E282BDF83C20B4F9189022834A
:1004D000BDF83E20B4F91A70AD48628329460593F1
:1004E000E0F783F80128059B7FF416AE152EA38252
:1004F000A4F816B0A4F8189067837FF40DAEB4F991
:100500002E30002B3FF408AEB4F92C30002B3FF412
:1005100003AEBAF1000F3FF4FFAD2846E0F779F9DA
:1005200006462046B4F91470B4F916B0B4F9185060
:10053000B4F91A90FFF7DBFC03B207930314059399
:1005400094F839300D9003F00303012B40F0C18083
:10055000079AB4F92C309B1A013303EBD3735B1069
:100560005B4217FA83F7059A15FA83F3B4F92E5014
:10057000AD1A013505EBD5756D106D421BFA85FB83
:100580003FB21BB20FFA8BFB19FA85F594F83820AD
:1005900012F002012DB240F0DD80CDE90A31099B55
:1005A00043441FFA83F9089B14A89844E6F700FA1D
:1005B0000B9914AA2046E1F750FC628EADF8542046
:1005C000A28EADF8562094F838209DF86410069B52
:1005D000ADF85030D20962F30001039BBDF838201A
:1005E000ADF852A01A44ADF84020049BBDF83A2063
:1005F000D6F808A08DF864101A44ADF84220BDF872
:100600003C20A2EB0902ADF84420BDF83E201FFAC1
:1006100088F8A2EB0802ADF8462010AA5146104611
:10062000F9F76FFC00283FF477AD049B618D5B44C4
:1006300011FA83F110AA88B20FFA83FB09B2B260F3
:10064000E28D0A9BADF84A108B45B8BF801AA3EB28
:100650000903B8BFADF84A000FFA83F9BDF84A3074
:100660000399013B3944A5EB08051344BDF81C80F0
:100670001FFA81FB0FB22DB21BB2ADF84E30BDF99F
:100680004A30AB4233DBC6F808A045E50CAB01931A
:100690001FFA8AF300934A46BDF9183039460EA86E
:1006A000E7F7B3FFA28ABDF83830BDF83A1013441B
:1006B000ADF83830E38A1944ADF83A10BDF83C1073
:1006C0000A44ADF83C20BDF83E201344ADF83E305E
:1006D000EFE6BDF83820BDF83C30BDF83E509B1A1F
:1006E000BDF83A203B44AD1A1BB25D444EE7228D63
:1006F000A38D5A4491B212B29742ADF84820BCBFC4
:10070000CA1AADF84820BDF84820013A13441BB27C
:10071000ADF84C30BDF948304B450CDBBDF84A30E4
:10072000059A13FA82F3ADF84A30BDF84E3013FA49
:1007300082F31BB2A1E7636A12AA14A93046E6F756
:100740007DF9BDF848304344ADF84830BDF84C3031
:100750004344DCE702F00302022A04F1140510D13D
:1007600014A8E6F779FA14AA20460021E1F724FB41
:1007700000230093636A2A4614A93046E6F78AFAF2
:10078000CAE400232A4619463046E6F757F9C3E47F
:100790005C00030890F848305B0610B5044603D5AA
:1007A000806A08B1FAF75AF994F848306FF3861363
:1007B00084F848300023A36210BD10B50C460846EB
:1007C000FFF7E8FF94F848301B0702D4606AFAF795
:1007D00045F90023636210BDA0F84610E1F776BF2B
:1007E000A0F84410E1F772BFF8B590F8483003F074
:1007F0000703012B04461FD1C16A4A1C1CD00F4BB2
:10080000406A1B680339984794F848305B064CBF30
:10081000A66A04F12806002350FA83F2616ADDB269
:100820008F5C755D8D540133002FF5D12046FFF7A5
:10083000B1FF4FF0FF33E362F8BD00BF5C00002062
:1008400008B541F25B420021E3F7D6FF00B208BDD4
:1008500008B541F25A420021E3F7CEFF00B208BDCD
:1008600008B541F259420021E3F7C6FF08BD08B5BB
:1008700041F201020021E3F7BFFF00B208BD000012
:100880002DE9F04F91B0B1F9003005930D4641F6D6
:10089000120200210446E3F7AFFF41F61002089070
:1008A000002120466D88E3F7A7FF2D1A0EA92BB271
:1008B00020460693E1F7F4FDBDF83C30BDF8382042
:1008C000D4F8249001339B1A1BB220460793FFF7FC
:1008D000C7FF03902046FFF7B3FF05462046FFF70A
:1008E000B7FF039B0490B3F9088094F84830204682
:1008F0009A06C3F3001748BF47F00207FFF7B7FF98
:1009000042F2D173984205D194F823305B0758BF67
:1009100047F00407626A20460021E4F780FD0024C6
:1009200008EB050383462646099319F8063009EBC0
:10093000060A0BB935461BE00023DDE903120093DC
:100940000197079B5046FBF751FE069A04EB0803FC
:100950009A4200EB060569DC444B0D951B680DA916
:10096000484698470A2803D019F8053003B90135DD
:10097000BBF1020F5FD1DDE903230097A91B5046AD
:10098000FBF7D4FFBDF83C30BDF8382001339B1A8B
:10099000C3F3C03200EBD07402FA83F36410C4EBEB
:1009A000630424B200238DF82B300B9385B3059A92
:1009B0000899A2EB010B0FFA8BFB984607F0010791
:1009C0000B9B33449D4223D90BAB0DAA0CA9504677
:1009D000FBF792FF47B10B9B0DF12B001AF80310A8
:1009E000FBF7E6FD0028EBD1DDE90C120398F8F7E0
:1009F000CCFD04FA80F39B4508DB0B9BF218954273
:100A000004D009EB060212F8082042BBCDF82C8076
:100A1000174D0B992B68504698472B680446314672
:100A200048469847204411B0BDE8F08F099B1C440C
:100A300024B22E4679E7BBF1030F0ED1DDE9032383
:100A40000097A91B5046FBF771FFBDF83C40BDF86D
:100A500038300134E41A241AA3E70024A2E7049AE8
:100A60001444204404B29846AAE700BF6000002066
:100A7000580000202DE9F04F436A99B00446002B3E
:100A800000F0DC804FF0FF3306A90363E1F708FDB7
:100A9000BDF81C70BDF8183001372046FF1AFFF76B
:100AA000DFFE06462046FFF7CBFE05462046FFF751
:100AB000CFFE94F8483080469A06C3F300192046CA
:100AC00048BF49F00209FFF7D2FE42F2D1739842C3
:100AD0003FB205D194F823305B0758BF49F00409B1
:100AE000CDE901790095616A4346324604A8FBF7D7
:100AF0005CFF2046E1F71FFD94F8489009F00709D4
:100B0000B9F1020F40F0A880662200212046E3F7E9
:100B100073FE87B247B92046E4F704FDF8F768FF93
:100B2000032390FBF3F7BFB208A8F9F7A7F84FF635
:100B3000FF73ADF85C304FF4967314931693BDF8C1
:100B40001C30BDF81810BDF91020089401335B1A51
:100B50001BB29A424FF0000575DD8E4909919B1A30
:100B60002046CDE90F551193F9F710F9002868D008
:100B7000C36A90F83E00C0F34000DDE911159D42C4
:100B80000F9A0EDD13939DF85E306FF300038DF81E
:100B90005E3030B1DBB243F002038DF85E300F916E
:100BA0001192119A0F993846F9F708F91290159099
:100BB00008A8F9F7A9F80125BDF81E30BDF81A10EC
:100BC000BDF9122001335B1A1BB29A4240F3C68072
:100BD000002D40F0C3809B1AB6F908206E49099198
:100BE0009B1A2046CDE90F551193F9F7CFF888B33A
:100BF00090F83E50C36AC5F34005DDE911109842F4
:100C00000F9A0EDD13939DF85E306FF300038DF89D
:100C10005E3035B1DBB243F002038DF85E300F91E8
:100C20001192119A0F993846F9F7C8F81290159059
:100C300008A8F9F769F82046E1F748FD19B0BDE8C2
:100C4000F08F034699E753492046F9F731F8A4F8A5
:100C50004450B1E72B46D0E7B9F1030F40F086804E
:100C6000662200212046E3F7C7FD87B23FB9204640
:100C7000E4F758FCF8F7BCFE90FBF9F7BFB208A800
:100C8000F8F7FCFF4FF6FF73ADF85C30BDF81C3091
:100C9000BDF81820089401339B1ABDF910201BB22F
:100CA0009A4253DD202211463046F8F76EFCBDF91A
:100CB0001030384D0995A0EB8000C21A002138464B
:100CC000CDE90F111192F9F779F8294612902046D3
:100CD000F9F75CF800B1C06A129B8342C2BF9DF86D
:100CE0005E3013906FF3000308A8C8BF8DF85E3024
:100CF000F9F70AF80125BDF81E30BDF81A10BDF944
:100D0000122001335B1A1BB29A4227DD35BBB6F9BC
:100D10000830214E09965242D21A29463846CDE96A
:100D20000F551192F9F74AF8314612902046F9F71B
:100D30002DF800B1C56A129BAB42C1BF9DF85E3071
:100D400013956FF300038DF85E3071E7114920466B
:100D50000025F8F7ADFFA4F84450CCE70E49204633
:100D6000F8F7A6FF0023A4F8463064E7B9F1010FB5
:100D70007FF461AFBDF81E30BDF81A10BDF9122026
:100D800001335B1A1BB29A4208DC4FF0FF33E36277
:100D900051E700BFE1070208D9070208B6F9083099
:100DA0009342F2DA504B606A1B6898470328ECD9EB
:100DB000BDF81C70BDF818302E22114630460137A0
:100DC000FF1AF8F7E2FB4044C0EB803300EB8300EE
:100DD000BDF81E30BDF81A2001339B1AB6F9082061
:100DE000BFB299B207441BB2501993FBF0F600FB57
:100DF000163318B28242CCBF481B8818C01A00B202
:100E000005A9ADF816002046ADF81470FFF738FDBF
:100E1000666A05463046DFF7E5F9344B80461B68C5
:100E2000304629469847324E0890089F606A07F17D
:100E30000309C84546D32F4BDFF8BCA04FF0040B85
:100E40000026089A606A1968104488473044C6B280
:100E5000DAF80020606A08A99047032E06D8089A9D
:100E6000904503D3BBF1010B224BEAD1636A2046C4
:100E700003EB0708FFF78EFC042E28D9701CF9F746
:100E800073FFA06200283FF4D6AE32464146F9F720
:100E900021FEA36A00229A5594F8483043F040039B
:100EA00084F84830636A2E22DA55636A3B4403357E
:100EB0005A70636A3B449A70636A002203F80920FF
:100EC000E562B8E6336808A99847013DADE794F8B4
:100ED00048306FF3861384F848303246414604F1B7
:100EE0002800F9F7F7FDDDE7540000205C00002042
:100EF000600000206C000020640000202DE9F04319
:100F0000C64893B00D46DFF770FB012866D128462E
:100F1000DFF734FC06462846DFF72CFC2A2E044671
:100F200007D1FFF761FC204613B0BDE8F043FFF79F
:100F3000A1BD132E0DD1FFF793FCB0F908100029C5
:100F4000B8BF03318910284613B0BDE8F043DFF77E
:100F500067BC292EE5D02C2E46D1FFF781FC064632
:100F60002046FFF775FC07462046FFF769FC94F81A
:100F700048308046C3F300199806204648BF49F020
:100F80000209E1F761FA2046FFF771FC42F2D173E2
:100F9000984203D194F82330590722D52046E1F72F
:100FA00053FACDE90109CDF800803B463246616A2B
:100FB0000AA8FBF7FAFC2846DFF7E4FBBDF9283066
:100FC000B0F900209342B8BF13460380B0F9022065
:100FD000BDF92A309342B8BF1346438013B0BDE831
:100FE000F08341F6FF70DCE7152EF7D12846DFF7D6
:100FF000C1FB04462846DFF70CFC06A9054620463F
:10100000E1F74EFA94F8483020469A06C3F30016EA
:1010100048BF46F00206FFF72AFC42F2D17398421D
:1010200005D194F823305B0758BF46F004060AA8A0
:10103000E5F712FEB4F84430ADF83E300AAAB4F831
:101040004630ADF84030002120468DF84560E0F78D
:10105000B3FE9DF8443013B901238DF84430E16BA1
:10106000226C0B914FF6FF7399420C9212D09A4268
:1010700010D044F257424FF480212046E3F7BCFBE6
:101080002022ADF836004FF480212046E3F7B4FB70
:10109000ADF8380094F8483003F00603022B20D155
:1010A0009DF84430023B012B1BD841F6FF7301939E
:1010B000BDF93A3000930296BDF93C300A9A616A54
:1010C00008A8FBF772FCBDF81C30BDF818200133EE
:1010D0009B1ABDF920201BB29A42C4BF01238DF890
:1010E000443094F8483003F00703032B00F0988055
:1010F000BDF81E30BDF81A2001339B1A1BB2B3F5A0
:10110000806FC0F28D8004F13007AA6806A908A894
:10111000F8F7F7FE00283FF461AF94F8481011F09B
:1011200007080BD12046E2F7C7FA424212B2414605
:1011300006A8F8F7D5FE638BADF81E3094F848206A
:10114000636A02F00602022A6CD108AAD5F8088068
:10115000AA600AA9009706AA2846E5F79BFDC5F8EC
:10116000088008ABD5F80880AB6094F8483003F0ED
:101170000703032B4FD141F6FF730193BDF93A30BA
:1011800000930296BDF93C300A9A616A05A8FBF704
:101190000CFCBDF81C20BDF81810BDF9143001324C
:1011A000521A12B2934218DDB4F844200A9813443C
:1011B000202211469EB2F8F7E8F9B4F846300097BD
:1011C00000EB40000644ADF8403006AA636AADF873
:1011D0003E600AA92846E5F75DFDBDF81E30BDF862
:1011E0001A10BDF9162001335B1A1BB29A4212DDA8
:1011F000B4F84430ADF83E300A9B1B891A44B4F869
:10120000463000971A44ADF84020636A06AA0AA93E
:101210002846E5F73FFDC5F80880DFE680000308B3
:10122000002772E7009706AA0AA92846E5F732FDCB
:1012300097E700BF10B501460348E0F77FFB04467F
:10124000E0F707FC204610BD80000308F8B504460F
:101250000D46E1F73BFA666A002D08BF3546AE42FF
:1012600012D13046DEF7BEFF94F848301B0715D484
:10127000411C3046F9F78EFD28B160622046BDE87A
:10128000F840FFF7F7BBFEE746B194F8483013F09B
:10129000080703D13046F9F7E1FB67622846DEF71D
:1012A000A1FF0130F9F760FD606200B9FEE7294651
:1012B00009F03FFA94F848306FF3C30384F84830DC
:1012C000DCE70EB477B5079E044606B9FEE7E1F702
:1012D000FDF9606A38B194F8483013F0080502D17E
:1012E000F9F7BCFB656208A930460191FBF7E4FA07
:1012F00094F8483060626FF3C30384F848302046A6
:10130000FFF7B8FB03B0BDE8704003B0704790F83A
:10131000483070B513F0080604460D4604D1406A03
:1013200010B1F9F79BFB666235B194F848306562FD
:1013300043F0080384F848302046BDE87040FFF7CA
:1013400099BB000038B504460D461449F8F7B0FCC7
:1013500013492046F8F7ACFCAA1E0023022A636456
:1013600094F848308CBF0022012262F3451384F8C0
:10137000483003F00703012B05D1E36A013302D0A3
:101380002046FFF731FA94F8483065F3020384F8F9
:1013900048302046BDE83840FFF76CBBE107020843
:1013A000D907020838B54FF0FF33C1E90B334FF6C8
:1013B000FF73C1E90F3391F848300C46002523F044
:1013C0005F0381F84830C1E90955C1E90D554D6405
:1013D00020460221E0F741F829462046FFF7B2FFF8
:1013E00020460249BDE83840FFF730BF78000308C7
:1013F000C163E1F76BB90164E1F768B9406A70470E
:101400002DE9F04F8DB005460791174602B9FEE76A
:10141000446A00212246E4F702F823788346B3B9F0
:1014200002287B800CD0032805D0012800D13B8006
:101430000DB0BDE8F08F2846E1F706F83880F7E7F1
:101440002846E1F701F800EBD0704010F6E70AA952
:101450002846E1F725F8BDF82C30BDF828200133E7
:101460009B1A1BB228460893FFF7FAF90390284607
:10147000FFF7E6F905902846FFF7EAF9039B049089
:10148000B3F90830069395F8483028469A06C3F316
:10149000001A48BF4AF0020AFFF7E9F942F2D17395
:1014A000984205D195F823305B0758BF4AF0040AEB
:1014B000414B07991B6820469847DDE905234FF00B
:1014C00000081344054646460993A35DA019002B66
:1014D00044D1B1467DB1631913F8013C0A2B01D008
:1014E0000D2B08D1635D33B9DDE905231344434473
:1014F0000FFA83F82E463444DDE90323A91BCDF807
:1015000000A02046FBF712FA079B9E4218BF049BDF
:1015100005461CBFED182DB2BBF1020F35D1DDE938
:101520000323CDF800A0A9EB06012046FBF7FEF946
:10153000BDF82C30BDF8282001339B1AC3F3C0320C
:1015400000EBD07002FA83F340F34F00C0EB63006E
:10155000284405B23D80A7F8028069E70023009384
:10156000DDE90312089BCDF804A0FBF73FF806EB7A
:1015700000094D45AED314F80930002BAAD0099BC1
:1015800098440FFA88F84E469FE7BBF1030FE1D16C
:10159000DDE90323CDF800A0A9EB06012046FBF707
:1015A000C5F9BDF82C30BDF8282001339B1A1BB2B9
:1015B0001B1A2B441DB2CDE75C00002001B9FEE7E9
:1015C000FFF75EB92DE9F04F04468FB08B4601B9A5
:1015D000FEE70CA9E0F764FF636A0393BDF83430BB
:1015E000BDF8302001339B1A1BB220460693FFF74B
:1015F00037F982462046FFF723F905462046FFF7D4
:1016000027F9BAF90830626A05930021814620461D
:10161000E3F705FF94F8483004909A06C3F30018E6
:10162000204648BF48F00208FFF721F942F2D17383
:10163000984205D194F823305B0701D448F00408A0
:10164000059B00242B442746079315E000230093B5
:101650004A46069BCDF8048051463046FAF7C6FF4D
:10166000059BBBF90220E3189A4207EB000509DD50
:10167000079B1C4424B22F46039BDE19DB5D002B25
:10168000E4D13D46049B022B36D14B465246CDF861
:101690000080E91B3046FBF749F9BDF83430BDF84E
:1016A000302001339B1AC3F3C03200EBD07002FA32
:1016B00083F34410C4EB630424B20026CDE9097619
:1016C0008DF823600B96002D53D12E46DDE90A12CA
:1016D0005046F7F75AFFBBF90020A6EB09039A42E0
:1016E0004BDB00EB0903013333449A42CCBF0020AB
:1016F00001200FB0BDE8F08F049B032B0FD14B46A8
:10170000CDF800805246E91B3046FBF70FF9BDF8D3
:101710003440BDF830300134E41A241ACCE70024F8
:10172000CBE7099B039A0DF12300D15CFAF740FF48
:1017300058B1099B9D42C9D3039809AB0BAA0AA9CA
:10174000FBF7DAF8B8F1000FEBD1DDE90A125046E9
:10175000F7F71BFFBBF90020204483B200B282429E
:1017600002DA09972646B1E74B442646099F1CB288
:10177000DFE7013D08F00108DBE70020B9E7C06BB7
:101780007047006C704700002DE9F04104460D469B
:10179000164602B9FEE790F848301B0725D4E0F75B
:1017A00095FFD4F824804046DEF71CFD07463046FE
:1017B000DEF718FD391801314046F9F7EBFA60629F
:1017C00000B9FEE74FF6FF739D4203D1084B1B683B
:1017D00098470546606A29463246FBF71DF82046C1
:1017E0000021BDE8F041FFF731BDBDE8F08100BF49
:1017F0005400002091F82A20002363F300020846D9
:101800000B854B6281F82A200221DFF726BE0000FB
:101810002DE9F043584889B00D46DEF7E6FE012871
:1018200017D12846DEF7AAFF06462846DEF7A2FFB4
:10183000132E044610D140F649020021E2F7DCFFE6
:1018400004B22846DEF79EFFB0F90030A34200DA6A
:10185000048009B0BDE8F0832C2E27D12846DEF79E
:1018600091FF228D0646002AF3D0616A00231F46AD
:101870001D4601F1020C31F923008542B8BF05462F
:101880003CF9230001338742B8BF074698B2824231
:10189000F1D840F6490200212046E2F7ADFF15FAE3
:1018A00080F517FA80F035807080D2E7152ED0D100
:1018B0002846DEF7AEFF238D8146002BC9D0636A30
:1018C000002BC6D003A92046E0F762FD2046BDF8F4
:1018D0000C70E1F7CDFE3F1A2046BDF80E60E1F72F
:1018E000D9FE361A2046E0F7A9FD054605A8E5F71A
:1018F0008DFC05AA00212046B6B2E0F7F7FA354480
:10190000BFB24FF00008ADB2228D1FFA88F3013A42
:1019100093429EDA616A9A0001EB830031F823302A
:101920003B44ADF80430131DCA18CB5A94F82A1062
:101930003B44ADF808304388C90755BF9B19EB1AE3
:10194000ADF80630ADF8063055BF538853889B1963
:10195000EB1A1BB2ADF80A3001AA02AB05A9484642
:10196000E5F760FC9DF81D306FF382038DF81D30A4
:1019700008F10108C8E700BF9C00030809B2E0F7BE
:101980003EBC08B541F25942E2F736FF08BD0021DE
:10199000E3F7E9BD08B541F25B420021E2F72CFF15
:1019A00000B208BDF7B50F4600210646FFF7E9FF74
:1019B0004FF4802104463046FFF7E3FFB4F90850A6
:1019C000B0F908403046FFF7E5FF631903EBD37326
:1019D00000EB63043046F58AE0F730FDA4B200EB7B
:1019E000D070E20B02FA84F205EB6003A3EB620312
:1019F0009BB21C447B80FC8069463046E0F7C8FC03
:101A0000BDF800303B80BDF80430BB8003B0F0BDB2
:101A1000F8B590F82A30DB07044637D5828C0723C7
:101A2000B2FBF3F2C38CB3FBF2F502EB420102FB13
:101A3000153313FA81F39BB2C384B3FBF2F502FBB7
:101A4000153313FA81F101850021FFF79AFF05464E
:101A50002046FFF79FFF07462046B5F90860E0F7EC
:101A600009FD05462046FFF792FFE38C06EBD67191
:101A700005EBD5753E444910C1EB650113FB06F338
:101A8000C91A09B2BDE8F840E0F7B9BBF8BD08B51E
:101A90000068E3F765FDBDE80840FFF7B9BF000047
:101AA0002DE9F04F91B006468846FFF770FF0446D7
:101AB00000287AD0FFF7A2FC002102462046E3F777
:101AC000AEFC022805D0032850D0012810D10021F7
:101AD0000BE03046E0F7B8FC05462046E0F7A8FCEE
:101AE000281A00EBD07040F34F012046E0F76FFB5F
:101AF00000213046FFF745FF05463046FFF74AFF15
:101B000082463046B5F90890E0F7B4FC65220546F8
:101B100000213046E2F770FE07461FFA80FBB8F15D
:101B2000000F02D0BBF1000F02D13046FFF770FF6B
:101B300005EBD57309EBD9756D10C5EB6305F38C17
:101B4000D14413FB09F3ED1A2DB2B8F1000F02D006
:101B5000BBF1000F14D116492046F8F7A9F8294621
:101B6000204611B0BDE8F04FE0F749BB3046E0F742
:101B70006BFC05462046E0F75BFC291A09B2B4E786
:101B80006846F8F77BF80A4B019320460094E0F78B
:101B900028FC084B0393CDE90700074B0995BFB21A
:101BA00068460A970693F8F7AFF811B0BDE8F08FD2
:101BB0007D1902088F1A0208D99D01082DE9F84FF6
:101BC000044688461546FFF7E2FE00230646636298
:101BD000238508F1FF31A38C11F8012F01339BB24B
:101BE00092B9A38494F82A3095B965F3000384F878
:101BF0002A3041463046FFF729FBE38C23853046E7
:101C0000BDE8F84FE0F786BA0A2A08BFA384E2E7E6
:101C100043F0010384F82A304046DEF7E3FA451C1E
:101C2000C5EBC50A5046F9F7CFF84FF0070907464C
:101C300000EB050BABEB0500414609F1FF3908F05D
:101C400078FD0A2319F0FF090BF8013CAB44F1D1F0
:101C5000BA44394630460AF8019CFFF7F7FA38468D
:101C6000F8F70AFFA38C03EB4302C3EBC303E28440
:101C7000A3842046FFF7CCFEBFE7000038B591F8FB
:101C80002A3000250C4665F3000381F82A304D62A6
:101C90000D8520461021DFF7E0FB20464FF4007150
:101CA000DFF7DBFB21460648DFF748FEDFF7D1FE12
:101CB0002A4620460349BDE83840FFF77FBF00BFF2
:101CC000E8000308B800030870B586B00546FFF7C2
:101CD0005EFE0446F0B14FF480212846FFF751FE26
:101CE00041F25A424FF4802106462846E2F784FD2D
:101CF00005B22046FFF782FB002341F6FF72CDE9D3
:101D000001230146009305A82B463246FAF74DFE03
:101D1000BDF9140006B070BD2DE9F041084690B041
:101D20000C46DEF72BFD152805461AD12046DEF7B6
:101D300021FD132D06461DD12046DEF723FD054665
:101D40003046E3F70DFCFFF7BFFF04463046E0F7EF
:101D50006FFBB5F90030241A9C42B8BF1C462C809A
:101D600005E03C482146DEF740FC0128DED010B0FB
:101D7000BDE8F081292D07D1E3F7F2FB002110B077
:101D8000BDE8F041FFF78CBE152DF0D12046DEF7FF
:101D9000F1FC0546E3F7E4FB064608A8E4F75CFF20
:101DA00008AA00213046E0F707F82046DEF731FDAB
:101DB00087680DF10808044606F1140239464046CA
:101DC000F8F79FF80028D2D004A93046C4F808805C
:101DD000FFF7E8FD6A69B5F91830069206AAADF872
:101DE0001C30A168BDF81230ADF81E301046F8F76F
:101DF00088F878B106ABA668A3602846FFF7FEFA1C
:101E000000220346009208A905F114022046E4F7D7
:101E100041FFA660AB8AADF8183006AABDF81630AF
:101E2000ADF81A30A168AB6907931046F8F769F866
:101E300068B106ABA3602846FFF7E0FA002203462C
:101E4000009208A905F114022046E4F723FFA760D9
:101E50008DE700BFE80003080B46114690F82A20E2
:101E6000D20730B40CD5C28C0725062AB2FBF5F593
:101E70004FEAC50484BF2A1B9B18641B1C44A3B2F1
:101E8000848C9C429CBF04F1FF34A3B2C38430BC59
:101E90000385FFF705BE00002DE9F04FB8489BB061
:101EA0000E46DEF7A2FB012811D13046DEF766FCB4
:101EB00005463046DEF75EFC2C2D04460AD130463E
:101EC000DEF760FC05462046FFF7FEFE28801BB0CB
:101ED000BDE8F08F182D37D8002DF8D0013D172D13
:101EE000F5D801A353F825F0771F0208931F0208C5
:101EF000CD1F0208CF1E0208CF1E0208CF1E020807
:101F0000CF1E0208CD1F0208CF1E0208CF1E0208F6
:101F1000CF1E0208CF1E02082F210208F52002085A
:101F200021210208CF1E0208CF1E0208CF1E020880
:101F300073210208CF1E02088D210208CF1E02085D
:101F4000CF1E02088D210208292D0ED02A2DBED1C8
:101F5000FFF71DFD18B100222946DEF7EBFB2046F6
:101F6000E0F7E9FA0021204600E000211BB0BDE8BF
:101F7000F04FFFF795BD90F82A306FF3410380F8DA
:101F80002A30FFF704FD7F491BB0BDE8F04FF7F79B
:101F90008FBEDEF7C1FD0CA9DEF754FEBDF932306D
:101FA000002B94D02046FFF7F2FC0546E0F719FA23
:101FB000BDF83230C11809B22846E0F720F994F88C
:101FC0002A3043F0020384F82A3080E7FFF7DFFC71
:101FD000074600283FF47BAFDEF79EFD8046DEF724
:101FE000A1FD042801D002280ED1E38C238504280A
:101FF0000AD12046DFF78EFA0546DEF788FD18B1D4
:1020000000212846DEF762FD4046DEF78BFD012801
:102010002CD194F82A6016F0020634D00021204614
:10202000FFF7AFFC05462046FFF7B4FC2B89B4F957
:102030001650FF8AC618B4F91A305B1B03EBD37332
:102040000C21404605EB6305DEF71AFE0744A38C1E
:102050002DB23FB236B2ED1B95FBF6F525EAE575DC
:102060009D42A8BF03F1FF352DB22CE04046DEF7BC
:1020700059FD0328CDD0E38C0C930CAA1C212046DB
:10208000DEF758FB23E740460AA9DEF7ACFDFA8AE3
:10209000BDF82A30DFF8F0A09B1AADF82A30BA8AD2
:1020A000BDF828300AA99B1A3846ADF82830FFF74A
:1020B00085FA80463846FFF7A1F9B14607460C96E7
:1020C0003546B04507D1002DD5DB0122A9B2204607
:1020D000FFF7C2FECFE7DAF800300CA93846984780
:1020E0000A2803D1C8451CBF01352DB2DDF8309058
:1020F0000136E6E7DFF70EFADEF709FD0546DEF703
:102100000BFDDEF70FFD0428E38C07D135B9228DD6
:102110009A423FF4DCAEE284012124E72385D6E62F
:10212000038DC28C9A423FF4D2AEC384F4E73046AA
:10213000DEF728FB0378A3F11202012A0DD8E18C07
:10214000A38C01319942BFF6C2AE258D012289B21E
:102150002046FFF781FE2585B9E6142B02D0112B0E
:102160007FF4B5AEE18C00293FF4B1AE258D013985
:10217000ECE7FFF70CFC1BB0BDE8F04FDFF7CABF80
:10218000040103087D190208640000203046DEF7D0
:10219000F5FA05463046DEF7EDFA152D044616D160
:1021A0003046DEF736FB0AA905462046FFF7FAFB64
:1021B0000CA8E6F74DF80CAA20464FF48021DFF773
:1021C0008FFC0AAA0CA92846E6F768F87FE6182DC6
:1021D0007FF47DAE3046DEF71CFB05460CA8E4F725
:1021E0003BFD0CAA4FF480212046DFF7E5FD08AF48
:1021F00006A92046FFF7D6FBA96806AA3846F7F7D6
:1022000080FE00283FF463AE2046FFF7C0FB064681
:10221000FFF7F4F880462046DDF83090BDF944A081
:10222000BDF942B0E0F704F902234A464146CDE940
:102230000103CDF800B0534605A8FAF7B6FB2046D7
:10224000E0F7FCF8B4F91630B6F9169000EBD07050
:1022500040F34F0A53443046A9EB0309E0F7EEF888
:102260004FEA8939002199FBF0F92046FFF789FBF5
:102270000C9BB4F91680B3F90820B0F90830D21AD3
:10228000BDF8163002EBD272A3EB62031BB2ADF8BD
:102290001630D04409FB03F308EBA338A8EB62081F
:1022A000002141F232022046E2F7A6FA41F612027C
:1022B000824600212046E2F79FFA41F613020021F0
:1022C00081462046E2F798FAA38AADF82A8019FAE7
:1022D0008AF99944238BADF8289010FA8AFAA3EB77
:1022E0000A03ADF82C30BDF8163098449DF84D30F7
:1022F000ADF82E8043F002038DF84D30AC68AF602E
:102300003046FFF77BF80022034600920CA90AAA88
:102310002846E4F7BFFCAC60D9E500BF08B5FBF781
:10232000ADFD012803D0831E58425841400008BD2E
:1023300038B591F874300C4623F00303002581F87A
:1023400074300D6720464FF44071DFF786F8102196
:102350002046DFF782F82846F7F74AFB1D280DDDF7
:102360002846F7F745FB142300F10A0191FBF3F12E
:1023700009B22046BDE83840E0F7BEBB0121F8E7CE
:102380002DE9F0470C46C2F34F01013A054692B2DF
:10239000002B52D023885B1A9BB223801344A38066
:1023A000B0F916306380B0F91A30E38041F61202BA
:1023B0004FF440312846E2F71FFA41F613028046F7
:1023C0004FF440312846E2F717FA41F610028246F0
:1023D0004FF440312846E2F70FFA41F61102074662
:1023E0004FF440312846E2F707FA40F60A028146E8
:1023F0004FF440312846E2F7FFF940F60B0206465B
:102400004FF440312846E2F7F7F9238818FA86F8A6
:10241000A3EB0808A388A4F800801AFA86F61E44E5
:102420006388A68017FA80F7DF1BE388678019FAB4
:1024300080F01844E080BDE8F08763885B1A9BB2A7
:1024400063801344E380B0F914302380B0F918306E
:10245000A380ABE72DE9F04FB948B3B00F46DEF7E4
:10246000C4F8012852D13846DEF788F905463846C7
:10247000DEF780F90446FFF751FF112D064648D1DB
:102480003846DEF77FF9A56880460DB1B5F91450DE
:10249000B4F86830ADF88030B4F86A30ADF8823006
:1024A000B4F86C30ADF884302A46B4F86E30ADF82C
:1024B0008630294620A8F7F704FDD8F8001000223E
:1024C00020A8F7F76BFD074688F80400F0B9022E44
:1024D0001CD1B4F86030ADF88030B4F86230ADF89B
:1024E0008230B4F86430ADF884302A46B4F86630EF
:1024F000ADF88630294620A8F7F7E3FCD8F800109D
:102500003A4620A8F7F74AFD88F8040033B0BDE842
:10251000F08F012D40F08A802046E0F7D7F894F83C
:102520007430012E43F0010384F8743002D804F1B2
:10253000240353E0022EE9D1DEF7EEFA20A9DEF7FC
:1025400052FB2046DFF774FF06462046DFF776FF92
:1025500041F26A42054600212046E2F74DF9AE42BB
:102560003EDBC0B20128BDF980102DD0B4F96C302B
:102570008B42DCDBB4F960308B422DDCB4F9602097
:10258000B4F96400B4F96830801A00EBD07002EB43
:102590006002B4F96C00C01A521A00EBD070002A25
:1025A00003EB6003B8BF52425B1A002BB8BF5B421B
:1025B0001BB212B29A4294F874302FDD04F1240257
:1025C00022676FF341032EE0B4F968308B42AEDC32
:1025D000B4F964308B42D1DA04F13003236795E714
:1025E000BDF98200B4F96A309842A0DBB4F96610F4
:1025F0008842F1DCB4F96220891A01EBD17102EB57
:102600006102B4F96E10C91A121A01EBD171002AD5
:1026100003EB6103B8BF52421B1AC6E704F1300254
:10262000226743F0020384F874306FE7022D40F014
:102630008980236F002B3FF469AFDEF76DFA054602
:10264000DEF770FA01287FF461AF284620A9DEF793
:10265000CAFA41F26A4200212046E2F7CDF88146EB
:102660002046DFF7E5FE82462046DFF7E7FE41F62B
:102670001202054600212046E2F7BEF841F6130299
:10268000002106462046E2F7B7F841F61002002185
:1026900007462046E2F7B0F841F6110200218046D5
:1026A0002046E2F7A9F8D4E90A21AA45A1EB020CD9
:1026B00036DBF3195FFA89F9AAEB030AB9F1010FC6
:1026C000BDF980300FFA8AFA24D1B4F918003FB26C
:1026D000C01BC01A00FB0CF090FBFAF0236F04F152
:1026E0003005AB42104414BF226B616A904203DB99
:1026F00088420246A8BF0A46196891423FF406AFD5
:102700001A602046DFF7E2FF00221C212046DEF798
:1027100011F8FBE6B4F9140000FA86F6981BD9E725
:10272000B4F91A30BDF9826003FA80F340442D1ADF
:102730009B1B0CFB03F32DB293FBF5F0CEE700BF20
:1027400020010308152D59D8072D33D8032D7FF408
:10275000DDAE94F8743000256FF3000384F8743014
:1027600020462567DFF7B2FF2046DEF7D3FE074697
:10277000DEF7CDF90646DEF7CFF9DEF7D3F9042808
:102780007FF4C4AE002E3FF4C1AE2046FFF7C6FD75
:10279000022808D194F8743099077FF542AF65F3A9
:1027A000410384F874302946384633B0BDE8F04F11
:1027B000DEF78CB9083D0D2D3FF6A8AE01A353F806
:1027C00025F000BF532702080D2502080D25020839
:1027D0000D2502080D250208252902080F280208E8
:1027E0000D2502080D2502080D2502080D250208F9
:1027F000272802080D25020895290208292D7FF4B3
:1028000085AE204633B0BDE8F04FDFF783BCDEF77E
:1028100083F9DEF787F9042802D002287FF476AE28
:1028200094F87430CDE641F612024FF44031204660
:10283000E1F7E2FF41F613024FF440310FFA80FB5B
:102840002046E1F7D9FF41F610024FF4403105B2BE
:102850002046E1F7D1FF41F611024FF440310FFA63
:1028600080FA2046E1F7C8FF43F60E024FF44031EC
:102870000FFA80F92046E1F7BFFF40F60A024FF455
:1028800040310FFA80F82046E1F7B6FF4FF44031AF
:1028900003B240F60B0220460093E1F7ADFF02B20F
:1028A00020460192DFF7C4FD009B5E0000EB43036E
:1028B00020460093DFF7C2FD019A009B00EB420027
:1028C00083424FEA420126DA2046DFF7B1FD064493
:1028D0004FF440312046DFF79FFB04463846DDF7D2
:1028E00051FF5D452B46B8BF5B465345B8BF5346C5
:1028F0004B45B8BF4B4646F34F060233234406FB15
:1029000008F8B0F9001003EB28231BB28B42B8BFC4
:102910000B460380FAE520460091DFF78FFD009912
:102920004618D5E73846DDF72DFF037803F0FD02A2
:10293000112A1BD194F874309A0720460ED4FBF765
:1029400089FA012281182046FBF712FA00221C2185
:10295000204633B0BDE8F04FDDF7ECBEFBF780FA60
:10296000012281182046FBF748FAEFE7142B02D02A
:10297000122B7FF4CBAD94F874309B07204604D41F
:10298000FBF768FA0122411EDDE7FBF769FA012235
:10299000411EE7E73846DDF7EDFE04463846DDF731
:1029A00038FF41F26A42002107462046E1F724FF42
:1029B0005FFA80F82046DFF73BFD05462046DFF74B
:1029C0003DFD94F85C308542B4BF4FF0000A4FF0F3
:1029D000010A03F003038542A946A8BF8146012BE3
:1029E00006460FFA89F940F0B480A36A002B80F202
:1029F000B0808542E36A54DB002B49DCB8F1010F5B
:102A00004CD1B4F93430ADF8083004A8E5F720FC17
:102A100004AA4FF440312046DFF762F84A46534695
:102A200002A92046FFF7ACFCBDF80830A4F86830D6
:102A3000BDF80A30A4F86A30BDF80C30A4F86C3048
:102A4000BDF80E30A4F86E30394620A8DFF755FBEC
:102A50004FF440332D93414B2193002322932E9327
:102A600004F1680B04AB2046CDF88CB02493FFF73B
:102A700055FC022820D020AA1A212046DDF75AFE54
:102A80005A4604A93846E5F709FC20AA1B213DE671
:102A9000636A002BB2DAB8F1010FB2D1B4F9383061
:102AA000B1E7002B03DCE38EADF80A30ADE7636AD3
:102AB000002BF8DA638FF7E7382204A912A8F8F799
:102AC00009F820AA1A212046DDF734FE5A4604A947
:102AD0003846E5F7E3FB20AA1B212046DDF72AFE56
:102AE000B54232DBB8F1010F14BFB4F93430B4F998
:102AF0003830ADF8083053464A4602A92046FFF761
:102B00003FFCBDF80830A4F86030BDF80A30A4F8E6
:102B10006230BDF80C30A4F86430BDF80E30A4F873
:102B20006630382212A904A8F7F7D4FF04AA0123BB
:102B300004F1600524921A2120AA2046CDE922350D
:102B40002E93DDF7F7FD2A469BE7638FADF80A3039
:102B5000D1E7B542BFF652AFA5E700BF2001030899
:102B600000684FF0FF334362DFF7B0BD4162DFF72B
:102B7000ADBD08460021F7F79BB810B54FF0FF3305
:102B80000C464B6220461021DEF767FC20460821E8
:102B9000DEF72EFC20464FF48061BDE81040DEF7E2
:102BA00027BC00002DE9F043AE48A3B00D46DDF789
:102BB0001CFD012850D12846DDF7E0FD04462846DB
:102BC000DDF7D8FD132C06464FD141F612024FF423
:102BD0004031E1F711FE41F613020FFA80F94FF48C
:102BE00040313046E1F708FE41F6100204B24FF4DE
:102BF00040313046E1F700FE41F611020FFA80F84D
:102C00004FF440313046E1F7F7FD4FF4403107B261
:102C10003046DFF701FA4C45B8BF4C464445B8BFD3
:102C20004446BC42B8BF3C46023404442846DDF763
:102C3000A9FDA4B2B0F9003024B29C42B8BF1C4632
:102C4000048005464FF400313046DFF7E5F9844251
:102C500005DDB5F90000288023B0BDE8F0834FF40E
:102C600000313046DFF7D8F9F5E71C2C36D1652264
:102C70000021E1F7C1FD074640B33046DEF748FCCE
:102C8000746A611C00F0010526D1002D08BF4FF4C5
:102C900080744FEA052518BF002400213046F7F75D
:102CA00007F812A8F6F7EAFFCDE91944641B002CD7
:102CB000B8BF64426C4B13937C436C4B1296240A4E
:102CC00012A81B9515931C94F7F71EF8304623B0F5
:102CD000BDE8F043DFF7FABC2D02DEE7152CBBD1CF
:102CE0002846DDF747FD04462846DDF792FD41F60C
:102CF0001202074600212046E1F77EFD41F613024D
:102D0000054600212046E1F777FD41F61002804696
:102D100000212046E1F770FD41F611020646002130
:102D20002046E1F769FDB4F814C0B4F91620B4F9EF
:102D30001810B4F91A3065441B1AA1EB080132448B
:102D400004A8ADF80630ADF80050ADF80410ADF8A9
:102D50000220E5F77DFA04AA4FF400312046DEF7A1
:102D6000BFFE6A4604A93846E5F798FA2046DFF721
:102D700065FB258BA38A86B2AD1B0135ED1A636A0C
:102D80005A1C1FFA85F82DB263D05D4348BFFF354A
:102D900045F30F2541F26A4200212046E1F72CFD60
:102DA000C0B2012808BFA8EB0508A38A08BF0FFA24
:102DB00088F51D44ADB2E38AADF80A302E44638B2A
:102DC000ADF80E3041F612024FF440312046ADF816
:102DD0000850ADF80C60E1F70FFD41F61302804694
:102DE0004FF440312046E1F707FD41F61002054659
:102DF0004FF440312046E1F7FFFC41F61102064650
:102E00004FF440312046E1F7F7FCBDF80830A3EB62
:102E10000803ADF80830BDF80C301D44BDF80A3089
:102E2000ADF80C509B1BADF80A30BDF80E301844BD
:102E3000ADF80E0012A8E5F70BFA12AA20464FF4DF
:102E40004031DEF74DFE02AA12A93846E5F726FA10
:102E500002E72046DEF75CFB10F0010F08BF0025FB
:102E600098E700BF3C0103086D2B0208612B0208A4
:102E700008B541F61202E1F7BFFC00B208BD08B583
:102E800041F61302E1F7B8FC00B208BD08B541F6FF
:102E90001002E1F7B1FC00B208BD2DE9F04F8DB092
:102EA00007460793BDF958300893838CBDF96480B9
:102EB000BDF96890049213FB01F39BB208EB09057E
:102EC0000593ABB206931389BDF95C20059E13FAF6
:102ED00085F5BDF96030D3182DB200240993BA8C62
:102EE000059B13449E4203DB28460DB0BDE8F08FDE
:102EF000BB6A53F8261003EB860CB1B1D7F830E06B
:102F00003EF914302046013A824213DC0A7812F06E
:102F1000020221D0049BB3F9083003EB08024A44B3
:102F2000AA4202DD069A13441DB201360134B6B23C
:102F3000A4B2D4E75CF804BBBBF1000FE6D09BF869
:102F400000B01BF0010F00F1010ADFD03EF81A00BB
:102F5000184403B25046D7E71FFA80FA0998029244
:102F60001B1A1BB20193089B0093049A079B013123
:102F70000BA8F9F71AFDBDF92E3043444B44AB4280
:102F8000AAEB04043444B8BF2B46A6B21DB2544683
:102F9000CBE7F8B500250C462F46A38CE28CA06A3F
:102FA000AEB253439E420CDB08B1F7F757FDE06A1F
:102FB00008B1F7F753FD206B68B1BDE8F840F7F7AB
:102FC0004DBD50F8260020B1F7F748FDA36A43F83D
:102FD00026700135E1E7F8BD4FF0011310B502206E
:102FE0004B620C46F7F7C0FE2063E08C4000F7F719
:102FF000BBFE226BE062822313800380A38CE18CF2
:10300000A06A59438900F7F7C5FE0023A062036058
:1030100010BD2DE9F04F0D468BB04FF4A0210446B2
:10302000FFF726FF4FF4A02106902046FFF727FF69
:103030004FF4A02107902046FFF728FF41F6110228
:103040004FF4A02106462046E1F7D6FB41F25A4252
:103050004FF4A0210FFA80FA2046E1F7CDFB41F2B0
:103060005B4203B24FF4A02120460993E1F7C4FB71
:1030700041F259424FF4A0210FFA80F92046E1F7BE
:10308000BBFB41F2050208904FF4A0212046E1F776
:10309000B3FB41F206020FFA80F84FF4A02120465C
:1030A000E1F7AAFB07B2E38CAB4205D820460BB090
:1030B000BDE8F04FDFF73FBA079BD4F82CB002937E
:1030C000069BA9B2CDE90093CDE9036ADDE90823A7
:1030D0002046FFF7E2FEE26A2BF8150032F91530C0
:1030E000BB42A8BF3B464345B8BF434622F8153014
:1030F0000135D8E72DE9F04FE3B00546DDF73AFB9F
:1031000004462846DDF785FB04F114018268054674
:103110001AA8F6F7F6FE002800F0A880AB680E9318
:103120001AABAB6041F2320200212046E1F764FBAA
:10313000002106462046FFF7A9FE41F6110208903D
:1031400000212046E1F758FB002103B220461693E8
:10315000FFF78EFE002109902046FFF790FE4FF406
:10316000A0210A902046FFF783FE4FF4A0210F9084
:103170002046FFF784FE4FF4A02110902046FFF771
:1031800085FE4FF4A021119041F611022046E1F78F
:1031900033FB238C226A0B93BF4B1590134043F4EF
:1031A0008023236234A8E5F753F834AA4FF4A02112
:1031B0002046DEF795FC24A8E3F74EFD4FF4A0214E
:1031C00024AA2046DEF7F8FD0B9B238494F82230D6
:1031D000E78A6FF3820384F822302046E0F75AFA38
:1031E000B3B20693013B9AB21792089A17FA83F387
:1031F00013441B1A2046ADF87630E0F739FA41F255
:103200006A42129000212046E1F7F6FA29465FFA59
:1032100080FA50A8DEF771FF4FF4A0235D939F4B17
:10322000519342AB002754932CAB5297559305977B
:10323000B946BDF814300C930C9AE38C934213D921
:10324000BDF814300793079AE36ABDF8761033F996
:1032500012204B1C1144ADF87610BDF96E101BB254
:103260009942ADF8723004DA0E9BAB6063B0BDE8F2
:10327000F08FBAF1010FBDF8481010D10698238BDA
:103280001B1A0A98013B1B1A5B1AADF8703002EB4F
:10329000D272C2F34F030D934FF0000883E11798E9
:1032A000A38A0344099803445B1AADF87430EEE72F
:1032B000D4F828C05CF829604FEA890B06B136784B
:1032C000206BBAF1010F0CD1BDF87030591EADF86A
:1032D000741030F818105B1AADF870300023013A02
:1032E00027E0BDF87430591CADF8701030F8181094
:1032F0000B44ADF87430F1E7CE445CF82EE0BEF13B
:10330000000F1CD09EF80060F70718D50131BAF104
:10331000010F30F811100BBFBDF870E0BDF874E07C
:10332000AEEB010E71440CBFADF870E0ADF8741057
:10333000013318FA83F191421FFA83FEDCDB09F1B5
:1033400001099AB219FA83F31FFA83F908F101030C
:103350009BB2BDF976101493BDF96A3013928B427B
:1033600000F31C819DF8F300BDF97020BDF97230A7
:10337000BDF974E0ADF88020C0F3440C0007ADF84F
:103380008230ADF884E0ADF886100DD5B4F91400A4
:10339000099F38448242C1BFBDF9F00000EBD070F4
:1033A000A2EB6002ADF880201CF0020F0DD0B4F942
:1033B0001620089802449342C1BFBDF9F02002EBE9
:1033C000D272A3EB6203ADF882301CF0080F11D06B
:1033D000B4F918300A9A9B1A013B9E450ADABDF9E6
:1033E000F03003EBD37203F0010303EB6203734489
:1033F000ADF884301CF0010F11D0B4F91A30169AD0
:103400009B1A013B99420ADABDF9F03003EBD37203
:1034100003F0010303EB62030B44ADF88630E38E47
:103420000C9A93423ED1A38E43453BD1228C02F0AD
:103430006003A3F12000434243415B01970748BF6B
:1034400043F00203510748BF43F00403120727D596
:1034500043F00803238494F8223043F0040384F8F3
:10346000223042A8E4F7F4FE2CA8E3F7F5FB42AAC9
:103470004FF4A0212046DEF733FB2CAA4FF4A02105
:103480002046DEF799FC0B9B238494F822306FF3DF
:10349000820384F822300FE00000FBFF580103088C
:1034A000002BD7D1382234A942A8F7F713FB2022EA
:1034B00024A92CA8F7F70EFB20ABA28C5393079BF3
:1034C00003FB02825E921A2150AA2046DDF732F9F0
:1034D00020AB1A4642A92846E4F7E0FEA36A53F857
:1034E0000B10002955D00F9BBDF870201098119F2C
:1034F0001A44BDF874301B1ABDF872009BB292B228
:103500003844ADF87C3001339B1A159FADF87A0032
:10351000BDF87600ADF878201BB2C01BC6F340089A
:10352000019306F00206BDF9C230ADF87E000093AB
:10353000249ABDF9C4300296013119A8F9F735FA79
:10354000B8F1000F10D10D9ABDF872301344BDF9D7
:10355000662002EBD2729BB2C2F34F02991A134457
:10356000ADF87A10ADF87E3022AE1CAA1AA930460A
:10357000F6F7C7FC68B1A36AAE6053F80B300022BF
:10358000009201331EAA2CA92846E3F783FB1AAB4D
:10359000AB6050AA1B212046DDF7CCF8DDE91332E1
:1035A00013441FFA83F8A28C42453FF681AE059B77
:1035B000013305933DE600BFF7B59B480E46DDF7A6
:1035C00014F8012836D13046DDF7D8F805463046E4
:1035D000DDF7D0F82A2D044605D1002103B0BDE85F
:1035E000F040FFF716BD0E2D0CD81DB3013D0D2D7B
:1035F00020D8DFE805F02F2F1F1F1F1F1F991F1F47
:103600001F1FBF89152D00F008812C2D12D13046C7
:10361000DDF7B8F80023A58C1946A9429AB20BD35E
:103620000023E58C1946A9429BB20CD3013A013B19
:103630000280438003B0F0BD236B33F81130134494
:103640001BB20131E9E7E66A36F8116033441BB278
:103650000131E8E7DDF760FADDF764FA00F0FD001C
:103660000128E7D1DDF758FA01A9DDF7BCFA2046B9
:10367000BDF80450DFF7FCFF41F26A420544002127
:103680002046E1F7B9F8C0B20128ADB242D100211D
:103690002046268BFFF7F3FB761B361A30B2002349
:1036A000A18C1A469EB2B14208D9256B35F8135049
:1036B0002A4412B2824203F10103F3DD2046BDF831
:1036C0000650DFF7E7FFE38AED1A054400212046A4
:1036D000FFF7DCFBADB22D1A0023E08C2DB21A46A9
:1036E00099B2814208D2E76A37F813703A4412B2AD
:1036F000954203F10103F3DAA38EB34202D1E38EC4
:103700008B4297D0A686E186204603B0BDE8F04004
:10371000DEF7DCBFA38A00212046ED1AFFF7A8FBE5
:10372000ADB2281A00B2BAE7DEF7D0FFDDF7F4F940
:10373000DDF77DFAA18E4FF6FF73994202460CD158
:10374000DDF7EAF9DDF7EEF900F0FD0001287FF47E
:1037500071AF4FF0FF3363636CE7E18E9942EFD0B6
:103760000028EDD11C212046DCF7E4FF01287FF47E
:1037700061AFE5E73046DDF705F80768A08EE58E16
:103780004FF6FF73984201D09D4202D1002363633C
:10379000BAE7A18CE68C884234BF02460022B542CB
:1037A00034BF2B460023142F08D1013A91420ADD81
:1037B000571C0FD17BB34A1E013B0BE0132F21D1C5
:1037C0000132914206DC721E9A42C6BF01330022CA
:1037D00001F1FF329E42D4BF06F1FF3323EAE373C7
:1037E000904202D19D423FF425AFA2862046E38657
:1037F000DEF76CFF00221C21204603B0BDE8F0403C
:10380000DCF798BF112F01D1013BDAE7122F7FF4CB
:1038100011AF0133D5E71A46DCE7304603B0BDE807
:10382000F040FFF767BC00BF580103087047C86A43
:1038300010B50C4618B1F7F711F90023E362A06A3E
:1038400018B1F7F70BF90023A36210BD90F85020D0
:1038500073B502F001048C4220D0003918BF012159
:1038600061F30002446A80F85020A28AB0F8443024
:10387000B0F94610B0F94860B0F94A501344ADF8B9
:103880000030E38A1944ADF8021032442B446946F3
:10389000ADF80420ADF80630DEF7FEFE02B070BDD4
:1038A00030B5652291B04FF4E0210446E0F7A4FF63
:1038B000054658B911492046F6F7FAF994F8503000
:1038C00043F0010384F8503011B030BD6846F6F77C
:1038D000D5F90A4B01930123CDE90733002309935E
:1038E000074B069368464FF6FF7300940A950D95B3
:1038F000ADF83C30F6F708FAE6E700BF4D380208AD
:10390000439E010808B541F259420021E0F774FFD7
:1039100008BD00002DE9F04F89B00446FFF7F2FF23
:1039200041F25B42002107462046E0F765FF039025
:10393000606A256CDFF8F4A1FDF760FD784B29463D
:103940001B688146984709EB000301930646DAF8A5
:103950000030019800219847B7F9083002930D28EC
:10396000804600F2D7806F4A024112F0010240F017
:10397000D18020213846F5F708FE294605AA0FFA1E
:1039800080FB606AFDF73CFD656A2846FDF736FD61
:10399000002102462846E1F742FD616ABDF9142084
:1039A000B1F914C0B1F91810BDF8085062445A4476
:1039B0008A422FDD94F85C1011F008012AD1032807
:1039C00028D0BDF81630039AADF814101A441346E7
:1039D0002B440291ADF81630B8F1000F13D0524BC2
:1039E00001981B68984706440299DAF8003009EB01
:1039F000060098470D28014600F28F80494B03418D
:103A0000DB0700F18A80002220213846F5F7BDFD52
:103A10000FFA80FBE66441F232024FF4E0212046C7
:103A2000E0F7EAFE41F6100206464FF4E021204698
:103A3000E0F7E2FE1FFA86FA41F6110210FA86F666
:103A40004FF4E0212046E0F7D7FE41F612020AEBE0
:103A500000094FF4E0212046E0F7CEFE41F61302C4
:103A60000AEB00084FF4E0212046E0F7C5FE1FFAFC
:103A700089F9BDF81620B4F84430B4F94610BDF801
:103A80001470B4F948E0B4F94AC0824409F1FF392E
:103A9000606AB6B2961B4A441544828A1344ADF854
:103AA0001830C38A1FFA88F8194472446344ADF889
:103AB0001A10204606A9A7EB0808ADF81C20ADF89F
:103AC0001E301FFA88F8DEF7E7FDB6B2636AA4F885
:103AD00044800AF1FF3AA4F8466057449A8ADB8A88
:103AE0005F44BFB2ADB2A4F84870A4F84A50904405
:103AF0001E4417441D4406A92046ADF81880ADF8B1
:103B00001A60ADF81C70ADF81E50DEF7C5FD09B0A7
:103B1000BDE8F08F002241462CE7002275E700BF88
:103B20005C000020FEDBFFFF6C0000206400002032
:103B300070B50546DCF722FE04462846DCF71AFE7F
:103B4000293C0646E1F70CFDE4B2012C05460BD8F2
:103B500030460021FDF77AFB2846FFF7DBFE2846BA
:103B6000BDE87040FFF79CBE70BD00002DE9FF4727
:103B700090F85C305B07054635D5406AFDF73EFCA2
:103B80001E4B1B689847044668B32846FFF7BAFEE9
:103B90006946002342F22202F5F7DAFC184A194B73
:103BA00000280CBF904698464046DCF71BFB0746B2
:103BB00060430130F7F708F94FF0000906468246E6
:103BC0004C455046BA4411DC24EAE4747C4300239B
:103BD00033553146686AFDF739FB3046F6F74CFF3E
:103BE0002846FFF797FE04B0BDE8F0873A46414605
:103BF000F6F770FF09F10109E2E700BF5400002069
:103C0000AAC10208740103080068FFF7AFBF0000F3
:103C1000036C8B42F7B504460E466ED0384B406AB3
:103C20001D68FDF7EBFBA847002EB8BF3618B04261
:103C3000054604DB47F6FF739E4218BF35462564F0
:103C40002046DFF795FA2046FFF75CFE2946064638
:103C500001AA606AFDF7D4FB2046B6F90850BDF909
:103C60000660DFF729FD864205DABDF9061001225C
:103C70002046E0F7EBF82046DEF7FCFB074620463F
:103C8000BDF90660DFF718FD2E44361ABE4208DD86
:103C9000BDF806102944C91B012209B22046E0F7ED
:103CA000D5F82046BDF90460DFF75CFD864205DAF1
:103CB000BDF9041001222046E0F7B2F82046DEF7F5
:103CC000C3FB07462046BDF90460DFF74BFD2E44D9
:103CD000361ABE4208DDBDF80430E918C91B0122BE
:103CE00009B22046E0F79CF8BDF80430A3872046CF
:103CF000FFF7D6FD2046FFF70DFE03B0F0BD00BF75
:103D00005400002038B540F2DC530B8701230B64CC
:103D100091F8503023F0030343F0030381F850304F
:103D200091F85C30002523F00E0381F85C30C1E986
:103D30000C55C1E90955CD628D8708460C46FDF743
:103D400079FA42F264016062DEF77CFA606A0B493C
:103D5000FDF77CFA2B462A460949606ADCF728FD04
:103D600020464FF48061DDF743FB20462946FFF7EC
:103D70004FFF2046BDE83840FFF792BDEA02030836
:103D8000313B020890F8503061F3410380F8503025
:103D9000704790F85C30C3F3C0028A4270B50446A5
:103DA0000D4630D0406AD1B143F0080384F85C304E
:103DB00042F2D171DEF746FA606A42F264010022F3
:103DC000E1F746FB42F2D1712046DEF753FA0023B9
:103DD00020461A46BDE870401946E0F74DB861F339
:103DE000C30384F85C3042F26401DEF72BFA606AA8
:103DF0002A462946E1F72CFB2A4641F204012046D7
:103E0000E1F723F9E3E770BD90F85C305B0702D47B
:103E1000406AFDF7F3BAC06A7047006C704790F8CB
:103E20005C00C0F3C000704738B50446406AFDF737
:103E3000A6FC4FF6FF73984205460BD0606A4FF61A
:103E4000FF71FDF7D5FA606A4FF6FF71BDE83840A3
:103E5000FDF7D1BA606AFDF794FCA842EED138BDF7
:103E6000F0B5044691B00D4601B9FEE790F85C301C
:103E70005A0701D5FFF77AFE236B0BB9636B9BB131
:103E80000023374E374F0093009BEB5C0BB911B00A
:103E9000F0BD69463368284698473B689847014615
:103EA000204600F087F8EFE72946204600F064F846
:103EB0000128ECD1D4E9090333B1FDF79FFA037867
:103EC00013B92046DEF702FC216C606A2A46FDF732
:103ED0005BFC2046FFF7A8FF94F85C305B0718D521
:103EE000E76A3846DCF77EF906462846DCF77AF9B9
:103EF000311801313846F6F74DFFE06200B9FEE7B0
:103F0000216C2A46F8F788FC238F9BB92046FFF7DF
:103F10002DFE154B266C1B682846984781192046B4
:103F2000FFF776FE00221C21204611B0BDE8F040CC
:103F3000DCF700BC6846F5F7A1FE0C4B0193238F1C
:103F40000A930023CDE9073301230993084B069315
:103F50006846084B00940393F5F7D6FED9E700BFF7
:103F60006400002068000020540000202D38020862
:103F7000439E0108093C020870B50D4C00230A4617
:103F80000D461D2123600646DCF7D4FB246864B18E
:103F9000237843B129462046DCF71AF928B1214697
:103FA0003046FFF75DFF002070BD0120FCE700BF39
:103FB00018A50020F0B595B0CDE90111002302A9A4
:103FC00004460393FFF7D8FF01284BD194F85C30E7
:103FD000190704D5019B0A2B44D00D2B42D03F4E2C
:103FE0000021336801A89847D4E90C2305460AB19B
:103FF00012786ABB6BBB94F85C305A0702D5204636
:10400000FFF7B4FDD4E9090333B1FDF7F7F90378FD
:1040100013B92046DEF75AFB216C606A02AAFDF74D
:10402000B3FB2046FFF700FF94F85C305B0734D504
:10403000E66A3046DCF7D6F8054602A8DCF7D2F887
:10404000291801313046F6F7A5FEE062E0B9FEE737
:104050006BB1234B20461F68FFF7D6FEB847636B52
:10406000984201D315B0F0BD236B002BC3D00023C1
:104070000493206B049BC35C002BF3D0336804A92A
:1040800098478542F5D1B6E7216C02AAF8F7C4FB40
:10409000238F6BB92046FFF769FD216C2046013163
:1040A000FFF7B6FD00221C212046DCF743FBD9E7D1
:1040B00004A8F5F7E3FD0B4B0593238F0E93002324
:1040C000CDE90B3301230D93074B0A9304A8074B4B
:1040D00004940793F5F718FEDFE700BF64000020A3
:1040E000540000202D380208439E0108093C0208B4
:1040F000036C73B50446002B40D07F2301A9ADF8B3
:104100000430FFF739FF0128054637D1606AFDF713
:1041100075F9216C06462A460139F8F7A9FB606A51
:104120003146FDF793F82046FFF77EFEA36A3BB1C8
:10413000606AFDF763F9037813B92046DEF7C6FA23
:1041400094F85C30216C5B070ED50139E06A0122DE
:10415000F8F78EFBE56A2846DCF744F8411C284650
:10416000F6F718FE60B1E062216C20460139FFF7D6
:104170004FFD00221C212046DCF7DCFA02B070BDA6
:10418000FEE738B5056C0446691CFFF741FD236C5A
:104190009D4204D02046BDE83840FFF7A9BF38BD96
:1041A000F0B5044691B00D4601B9FEE7FFF73CFEBD
:1041B000236B13B9636B002B3BD03549606A354ED6
:1041C000354FFDF743F847F6FF712046FFF720FD16
:1041D00094F85C3013F0040F18BFE26A4FF000034C
:1041E00018BF13700093009BEB5CBBB9A36A3BB193
:1041F000606AFDF703F9037813B92046DEF766FA23
:1042000094F85C305B0726D52846DBF7EBFF411CB2
:10421000E06AF6F7BFFDE062A8B9FEE769463368D9
:10422000284698473B68984701462046FFF7C2FE5C
:10423000D9E7606A2946FDF709F847F6FF7120467D
:10424000FFF7E6FCD2E7294606F073FA238F53B94D
:104250002046FFF78BFC00221C21204611B0BDE850
:10426000F040DCF767BA6846F5F708FD0B4B0193A1
:10427000238F0A930023CDE9073301230993084BC9
:1042800006936846074B00940393F5F73DFDE2E77C
:10429000EA02030864000020680000202D380208AC
:1042A000439E0108093C0208016C0131FFF7B0BCD4
:1042B000016C11B10139FFF7ABBC704737B504464B
:1042C000016C406A01AAFDF79BF841F25B420021B4
:1042D0002046E0F791FA05462046FFF713FBBDF8AC
:1042E00006301D440389606A01351D442DB2A38F39
:1042F000ADF80650ADF80430DEF7A0F885420ADAD2
:1043000001A9606AFDF75AF9B4F93C50014620460C
:10431000FFF77EFCA58703B030BD37B50446016CBE
:10432000406A01AAFDF76CF841F25B420021204689
:10433000E0F762FA05462046FFF7E4FABDF80630DA
:104340000289606A01335B1B9B1AADF8063001A934
:10435000A38FADF80430FDF731F901462046B4F9DA
:104360003C50FFF755FCA58703B030BD2DE9F04365
:10437000B6489DB00D46DCF738F9012840F0A3801F
:104380002846DCF7FBF906462846DCF7F3F90E2E43
:10439000044604D11DB0BDE8F043FFF781BA152EE5
:1043A00000F0C08100F292800D2E00F01B8100F21F
:1043B0008A80032E00F28480002E00F08480DCF7D7
:1043C000ABFB064600287ED02846DCF7D7F9074627
:1043D0002846DCF7CFF990F850309D07044672D597
:1043E0003046DCF79FFB02286DD03046DCF79AFBA5
:1043F000042868D0606A0EA9DDF7CAFF02A930461A
:10440000DCF7F1FB04A93046DCF71CFCBDF9082001
:10441000002A58DBBDF90A30002B54DBBDF83810F8
:10442000606A521AADF81820BDF83A209B1AADF810
:104430001A30DDF7FDFFBDF91830656A002BC0F2B8
:104440003181984240F3318106A92846FDF7B6F83C
:1044500006A986B2606AFDF7B5F880F00103DBB209
:1044600094F85C20900740F13481D10700F1378146
:10447000002B00F01E81012F25D131462046FFF789
:10448000C7FB94F85C30DB071DD5D4E915239A42AD
:10449000E96B40F233818B4202D1296C8A4204D00D
:1044A000C5E90F322046DEF711F9032F01D0082F9E
:1044B00009D194F85C306FF3000384F85C3002E0BB
:1044C000082E3FF47CAF1DB0BDE8F083182EFAD162
:1044D0002846DCF74FF904462846DCF79AF980466F
:1044E000606AFCF78BFF94F85030DA070746EAD58C
:1044F0000EA8E3F7ADFE0EAA4FF4E0212046DDF74B
:10450000EFFA606AB4F84430828AB4F94860B4F9CA
:104510004A50B4F946101344ADF80830C38A324407
:104520001944ADF80A102B44ADF80C200EA902AACC
:104530004046ADF80E30E3F7B1FE41F232024FF4DF
:10454000E0212046E0F758F941F6120206464FF402
:10455000E0212046E0F750F9B5B241F610024FF4E1
:10456000E02110FA86F64FF000092046E0F744F902
:10457000CDE90499E36C1F44354B05441B6838466C
:1045800098473946024604A8F6F7A4FABDF8083061
:10459000606AB6B21E44BDF80A30ADF80860ADB22C
:1045A0001D4440F257424946ADF80A50E0F724F95D
:1045B00085B206A8E2F750FB06AA4FF4E021204698
:1045C000DDF7FAFB9DF83B30022B04D8BDF8243010
:1045D000AB423FF478AF0023009302AA04AB06A9D4
:1045E0004046FBE02846DCF7CDF80168132905D1E9
:1045F00020461DB0BDE8F043FFF756BE142910D881
:10460000012910D98B1E122B0DD8DFE803F0353CA1
:104610000C0C0C0C290C3F0C0C0C0C0C0C18230C67
:1046200012007F2922D020461DB0BDE8F043FFF7DD
:10463000C1BC20461DB0BDE8F043FFF739BE20469F
:104640001DB0BDE8F043FFF768BE00BF7801030866
:104650006C00002020461DB0BDE8F043FFF72EBEE1
:1046600020461DB0BDE8F043FFF742BD20461DB017
:10467000BDE8F043FFF785BD002120461DB0BDE831
:10468000F043FFF7C5BA47F6FF71F6E794F85C30E0
:104690001E07C8D500221F2120461DB0BDE8F043EB
:1046A000DCF748B801230026DAE6012347F6FF7657
:1046B000D6E6012F7FF407AF4FF6FF7342F00102F9
:1046C0006665A36584F85C204FF440712046DCF7F2
:1046D000C4FE94F85C30D8077FF5CDAECDE6022F4E
:1046E00001D1A665C9E6032F02D0082F7FF4C5AE1D
:1046F0004FF440712046DCF77BFEEAE708D28A429D
:1047000003D1296C8B423FF4D0AEEA632B64C9E637
:104710004FF6FF73994203D12A6C9A423FF4C5AE1B
:10472000EB63F3E72846DCF725F804462846DCF778
:1047300070F80646606AFCF761FE0378002B7FF490
:10474000C2AEA36A002B3FF4BEAE1B78002B3FF431
:10475000BAAE0EA8E2F780FA4FF400210EAA204666
:10476000DDF72AFB94F85C30190748BF9DF85530F7
:1047700041F6120248BF43F002034FF00001204609
:1047800048BF8DF85530E0F737F841F6100207467C
:1047900000212046E0F730F841F2320205460021C0
:1047A0002046E0F729F8A38AADF81830E38AADF87F
:1047B0001A3015FA80F2238BADF81C3017FA80F10D
:1047C000638BADF81E3012B209B206A8F5F788FB6C
:1047D00000230093A36A06AA0EA93046E2F75AFA0C
:1047E00071E600BF074A1388B2F90020002A01468B
:1047F00006DA0548C3F30E030022C25405F016BFC3
:104800000020704700AB0020DEB000202DE9F84307
:104810001B4F06460D461B480021144640F2DC5251
:10482000398005F0FBFE3146174805F04DFD17486D
:10483000314600F083FA05B3FCB1013CDFF8448057
:10484000DFF84C90A4B20A2001F0B8F9B7F90030B3
:10485000002B09DA2846FFF7C5FF064668B941462E
:10486000484605F031FD3E80013CA4B24FF6FF738F
:104870009C42E8D10120BDE8F8830020FBE700BF9F
:1048800000AB0020DEB0002094010308A101030862
:10489000A601030838B50F4C0F4D104914222046CD
:1048A000FFF7B4FF70B90D490D481422FFF7AEFFB2
:1048B0000A490C483222FFF7A9FFBDE838400A48F0
:1048C00005F06ABD284605F067FD4FF4487001F019
:1048D00075F9E2E7A2B60208C4010308C1010308A2
:1048E000DD010308E2010308EE0103081FB50446D9
:1048F000094805F051FD094A40F20113CDE90123B1
:104900000023ADF80C3001AB03CB1B8820602046A0
:104910006160238104B010BD1E0203080400EA0791
:1049200013B50B4C8DF8070000222046022101F040
:10493000A9FD4FF0FF330DF107010122054803F0F7
:1049400089F901220221204601F09CFD02B010BD30
:10495000000402403005012010B501220446202148
:10496000034801F08FFD2046BDE81040FFF7D8BF97
:104970000008024013B50E4C40BAADF80400012205
:104980000C48202101F07EFD20460022022101F08A
:1049900079FD4FF0FF3301A90222074803F05AF9CD
:1049A00001220221204601F06DFD02B010BD00BFC2
:1049B00000040240000802403005012038B5084DCF
:1049C000044600222021284601F05CFD2046FFF726
:1049D000A7FF28460122BDE83840202101F052BD42
:1049E00000080240F8B507462A200D4616461C4628
:1049F000FFF7E4FF3846FFF7BDFF3046FFF7BAFF89
:104A00002B20FFF7DBFF2846FFF7B4FF2046FFF718
:104A1000B1FFBDE8F8402C20FFF7D0BF38B5012228
:104A200005460C460B48202101F02CFD0A480022C7
:104A3000022101F027FD6200084892B2294603F0E6
:104A4000B9F930B1BDE8384003480122022101F034
:104A500019BD38BD000802400004024030050120A5
:104A600002480122022101F00DBD00BF00040240F6
:104A700010B576480122022101F004FD744801229C
:104A8000202101F0FFFC01221146704801F0FAFCE0
:104A9000002210216E4801F0F5FC642000F030FA8D
:104AA000012210216A4801F0EDFC642000F028FA90
:104AB00001221146654801F0E5FC642000F020FA6F
:104AC0001120FFF77BFF782000F01AFA3620FFF75D
:104AD00075FF4020FFF740FF3A20FFF76FFF0520EA
:104AE000FFF73AFFB220FFF769FF0C20FFF734FF12
:104AF0000C20FFF731FF0020FFF72EFF3320FFF7D8
:104B00002BFF3320FFF728FFB720FFF757FF352093
:104B1000FFF722FFBB20FFF751FF1920FFF71CFF13
:104B2000C020FFF74BFF2C20FFF716FFC220FFF736
:104B300045FF0120FFF710FFC320FFF73FFF1220C2
:104B4000FFF70AFFC420FFF739FF2020FFF704FF1B
:104B5000C620FFF733FF0F20FFF7FEFED020FFF740
:104B60002DFFA420FFF7F8FEA120FFF7F5FEE020BF
:104B7000FFF724FFD020FFF7EFFE0420FFF7ECFE45
:104B80000D20FFF7E9FE1120FFF7E6FE1320FFF7E7
:104B9000E3FE2B20FFF7E0FE3F20FFF7DDFE542071
:104BA000FFF7DAFE4C20FFF7D7FE1820FFF7D4FE00
:104BB0000D20FFF7D1FE0B20FFF7CEFE1F20FFF7E1
:104BC000CBFE2320FFF7C8FEE120FFF7F7FED02041
:104BD000FFF7C2FE0420FFF7BFFE0C20FFF7BCFE6C
:104BE0001120FFF7B9FE1320FFF7B6FE2C20FFF7C8
:104BF000B3FE3F20FFF7B0FE4420FFF7ADFE51208B
:104C0000FFF7AAFE2F20FFF7A7FE1F20FFF7A4FE45
:104C10001F20FFF7A1FE2020FFF79EFE2320FFF7B5
:104C20009BFE2920FFF7CAFE142000F069F9EF234C
:104C300000211A460846FFF7D5FE4FF461440020D4
:104C4000FFF798FE013CFAD110BD00BF00040240FE
:104C5000000802401FB5642400930123CDE901241C
:104C60000A4600FA03F1044801F042FE003818BF7A
:104C7000012004B010BD00BF7C04012007B5002353
:104C800001468DF8073001220DF107036820FFF778
:104C9000E1FF9DF8070003B05DF804FB08B575203F
:104CA000FFF7ECFF683818BF012008BD00B58BB0D6
:104CB00001AB83E80700112200210DF1170005F078
:104CC000ADFCBDF80A109DF80C30ADF814100022B0
:104CD0001548049205A98DF8163002F0E7FA02464D
:104CE000F8B9BDF806306421B3FBF1F001FB1033D5
:104CF0008DF813309DF808308DF811309DF809308B
:104D00008DF8123008489DF804308DF8103004A951
:104D100002F026FB003818BF012040000BB05DF800
:104D200004FB0120FAE700BFD80301200248042257
:104D3000002102F05DBB00BFD80301200FB407B50E
:104D400004AB0D4853F8042B019340F2DC5105F0FD
:104D500099FB00280BDD40F2DC539842A8BF1846AF
:104D600082B2054905484FF47A7303F040FB03B063
:104D70005DF804EB04B0704702AB0020D0050120C1
:104D800008B508490848012203F04DFD07490848C5
:104D9000012203F048FDBDE808400649064801220B
:104DA00003F041BD22A500201806012021A5002006
:104DB000D005012020A5002088050120034A138882
:104DC0006FEA43436FEA53431380704700AB002000
:104DD0003B4B984210B527D13A4A3B4BB2F9000001
:104DE00019781388002808DB58040DD50A2919D131
:104DF0006FEA43436FEA534313803349304801223B
:104E0000BDE8104003F00FBD0D2902D143F48043EB
:104E1000F2E7C3F30D0001339BB22C4C1380C72B78
:104E20002154EAD90023E7E7294B98421FD1294AA8
:104E3000B2F90010138800290FDB2749087840F2E7
:104E4000DB518B420DD82549C854254801331380C6
:104E5000036800225A6203F05BF81F491C480122D4
:104E6000CEE76FEA43436FEA53431380F5E71D4BE8
:104E7000984224D11C4B19781C4B1A8840F2DB5005
:104E800082429FBF501C188019488154194A1078DB
:104E900048B100211980184B117001221A70124973
:104EA00010480122ACE7A1F14203DBB2122BF6D885
:104EB000124820FA03F3DB0748BF1170EFE710BD7B
:104EC00018060120BAB6002022A50020BCB600209A
:104ED000D005012000AB002021A50020DEB000207D
:104EE000480301208805012020A500201EA50020E0
:104EF00024A500201CA5002023A5002001400400BB
:104F000000F05CBE054B1B780A4633B128B121B1D5
:104F100001466423024803F06ABA704784B7002050
:104F2000180601200FB400B5C3B044AB4FF4807134
:104F300053F8042B019302A805F0A4FA002808DD19
:104F4000B0F5807FA8BF4FF4807081B202A8FFF750
:104F5000D9FF43B05DF804EB04B07047034B04493C
:104F6000044801221A70044AFFF7DCBF84B700200E
:104F700068020308750203085402030810B5141EE2
:104F8000084602DDA1B2FFF7BDFF204610BD0000BC
:104F90001FB5FFF783FE154A1549164D164E00281A
:104FA00018BF1146154805F08FF901AC144805F0FB
:104FB000F3F9FFF76FFC2046FFF798FC94E8070031
:104FC000FFF774FE01460F480F4C05F07DF9FFF71F
:104FD000ADFE237833B16A782978304605F074F94C
:104FE00000232370642004F021FCF2E7840203080C
:104FF0008102030824A50020D602030889020308C1
:105000009D020308C702030823A5002008B53A48FB
:1050100005F0C2F9DCF7B2F9384802F079FF00F088
:1050200005F9F4F7BFFCDBF7B3FA00220546114699
:10503000E0F72CFA0022FF212846E0F737FA28464D
:10504000F8F78AFE502204461421DDF7F0F82046D6
:105050001422C821DDF726F9204600220A21E0F7B4
:1050600047FA204600224FF0FF31E0F70FFA2046C2
:105070000022CC21E0F71AFA20464FF400320A2130
:10508000E0F736FA4FF4003220464BF62461E0F7A1
:10509000FDF920460021F8F7CFFE00224B212046E3
:1050A000F8F766FE2846FCF7C5F86E220446002194
:1050B000DDF7BDF84622F0212046DDF7F3F8104970
:1050C0002046FCF7C3F800212046FCF73BF90022FC
:1050D00002212046E0F706FA204600224FF0FF3179
:1050E000E0F7EFF9074805F057F9F6F7AFFD0A20AA
:1050F00004F09CFBF9E700BFEB02030890030120DA
:10510000F60203080A03030807B503220021012061
:1051100003F045FF104B032218600021012003F02B
:105120003EFF0E4B0E4918600E4B01930323009374
:105130004FF4806200230C4804F05CF90B4B0193A0
:10514000022300930A490B4800234FF4407204F0F5
:1051500051F903B05DF804FB8CB7002088B700203C
:105160002203030894B700200D50020890B70020D6
:1051700025030308914F020807B500232028019357
:1051800011D10A4B186870B101A903F0D1FF019B3E
:105190004BB14FF0E0234FF08052C3F8042DBFF322
:1051A0004F8FBFF36F8F03B05DF804FB8CB7002007
:1051B00007B5002301930C4B834211D10B4B1868A8
:1051C00070B101A903F0B4FF019B4BB14FF0E02394
:1051D0004FF08052C3F8042DBFF34F8FBFF36F8F92
:1051E00003B05DF804FB00BFD803012088B700209E
:1051F0002DE9F843B1F90280B1F90650B1F90090F8
:10520000B1F90470CB880C46164620888A884988F4
:10521000A5EB0805FFF7E6FBA7EB0907691C07FBF1
:1052200001113046BDE8F843FFF7F8BB38B50C4D27
:105230000C4CFFF71DFC4FF4965328460A4A0B49C5
:10524000F4F710FB2046F4F7E9FA4FF0F01323606F
:10525000074B6361E5602046BDE83840F4F710BBBA
:10526000E402012098B70020E4B7002064DD0020AC
:10527000F15102080148F4F7C9BB00BF98B70020FC
:105280007047000010B594B0102200210AA805F064
:10529000C5F91422002103A805F0C0F9204B002114
:1052A00001911A6C42F080521A641B6C03F0805317
:1052B0000193019B1B4B02911A6842F480421A60D1
:1052C0001B6803F480430293029B01214FF4803357
:1052D0000224CDE908134FF480030820CDE90E43E2
:1052E0004FF4A873CDE91003072308A81294139371
:1052F00001F00EFC08B172B6FEE70F23CDE90334CE
:1053000005904FF4A0524FF48053052103A8CDE936
:10531000062301F0D9FD08B172B6FEE714B010BD46
:10532000003802400070004080B58AB000F01AFCDE
:10533000FFF7A8FF1422A54C002600210DEB020068
:1053400005F06CF90196236BA14843F00103236338
:10535000236B03F001030193019B0296236B43F03F
:1053600002032363236B03F002030293029B039661
:10537000236B43F004032363236B03F004030393C1
:10538000039B0496236B43F008032363236B03F012
:105390000803049301220321049B01F073F8012206
:1053A0008C48302101F06EF801250323884805A9B7
:1053B000CDE90535CDE9075300F08CFF3023854852
:1053C000059305A900F086FF4FF0200C4FF404135D
:1053D0007F48079505A9CDE905C300F07BFF32465C
:1053E0000521172000F046FD172000F075FD0096FE
:1053F000236B43F480032363236B774C03F4800314
:105400000093324605213B20009B00F033FD3B20FA
:1054100000F062FDDFF818E226614FF4E133C4E9E1
:1054200000E320460C23C4E90266C4E90536E661C0
:1054300002F0AEFF08B172B6FEE7684F684B3E4619
:10544000043446F8043B0FCC0FC694E8070086E806
:105450000700384602F09CFF08B172B6FEE7614FC4
:10546000614B3E46103C46F8043B0FCC0FC694E817
:10547000070086E80700384602F08AFF034608B1B5
:1054800072B6FEE759485A4F83624FF48272C0E900
:1054900000720222C0E9042510274FF400724FF079
:1054A0000708C0E90233C0E90833C0E90627C0F89D
:1054B0002C8002F073FB034608B172B6FEE74D483C
:1054C0004D4A4E4E0362C0E900624FF48042C0E98B
:1054D0000233C0E90423C0E9063301F061F9044650
:1054E00008B172B6FEE74648464B8461C0E9003415
:1054F0004FF40063C0E90434C0E9024402F094FAB6
:10550000FFF7BEFE4048414B8461C0E9003463268A
:1055100042F20F73C0E90263C0E9044401F073FE74
:10552000034608B172B6FEE739483A4C036140F2CF
:105530004732C0E90236C0E9004202F03DFE0346B0
:1055400008B172B6FEE734483449836042F2CF02B4
:10555000C0E9001240F2E732C0E9032302F02CFE5A
:10556000064608B172B6FEE73A46014605A805F0C0
:1055700055F82B4C2B4AA6604FF48033C4E9002326
:105580002046294B2661267684F82060E662A362D5
:10559000E660E56184F83060656100F023FB08B1E6
:1055A00072B6FEE705A92046CDE90575CDF81C8049
:1055B00000F0BEFBFFF7D2FC1C4804F0EDFEFFF745
:1055C000DFFBFFF7A1FD03F0F5FFFEE70038024027
:1055D000000402400008024018060120D005012006
:1055E00000440040880501200014014030050120DE
:1055F000003001407C040120801A06000054004065
:10560000F8030120002C0140D803012000280040AD
:1056100090030120000400404803012000140040D2
:1056200000030120002001400100000F2D030308AA
:105630000010014008B50A4A0368934204D1BDE84E
:1056400008400120F4F700BA064A934206D1FFF75A
:10565000B5FBBDE80840044802F094BC08BD00BF9B
:10566000000400400014004048030120FFF7B0BBD5
:1056700008B50268044B9A4205D1FFF7F1F9BDE87D
:105680000840FFF7F7BD08BD0030014072B6FEE7E5
:1056900082B00D4B002100915A6C42F480425A6452
:1056A0005A6C02F480420092009A01911A6C42F006
:1056B00080521A641B6C03F080530193019B0320FA
:1056C00002B000F0C5BB00BF0038024070B50268F0
:1056D000284B9A4288B0064649D103F58433002509
:1056E00000955A6C2448254C42F480525A645A6CF6
:1056F00002F480520092009A01951A6B42F0010266
:105700001A631A6B02F001020192019A02951A6B58
:1057100042F480021A631B6B03F480030293029B22
:10572000E0220223CDE9032301210323CDE9051360
:10573000052303A9079300F0CDFD11484FF0C06386
:10574000C4E900034023C4E902354FF48063C4E98F
:10575000043520464FF40033C4E90655C4E9083542
:1057600000F0F2FB08B1FFF791FFB464A66308B044
:1057700070BD00BF0030014000000240D004012095
:105780005864024010B504468CB01422002107A8CA
:1057900004F044FF23683E4A934233D13D4B00223C
:1057A0000192596C41F010015964596C01F01001DB
:1057B000019101990292196B41F0010119631B6B70
:1057C00003F001030293029B4FF4C063079325206B
:1057D000072306210B9300F04DFB252000F07CFBF6
:1057E00002230122CDE9083224682B482B4A0A9370
:1057F0002B4B07A9844214BF1046184600F06AFDDF
:105800000CB010BD274A93421FD1224B00220392B5
:10581000196C41F400311964196C01F400310391E1
:1058200003990492196B41F0010119631B6B03F09A
:1058300001030493049B0C230793262007230621CE
:105840000B9300F017FB2620C8E7134A9342D7D1E9
:10585000104B00220592596C41F020015964596C9B
:1058600001F02001059105990692196B41F00401A0
:1058700019631B6B03F004030693069BC023079375
:105880004720082306210B9300F0F4FA4720A5E7F0
:1058900000100140003802400014014000000240A6
:1058A000000802400044004000B50268154B9A42CF
:1058B00089B024D103F5F233002101911A6C12480A
:1058C00042F400121A641A6C02F400120192019A56
:1058D00002911A6B42F002021A631B6B03F002037F
:1058E0000293029BC02212230121CDE9032303234B
:1058F000CDE90513042303A9079300F0EBFC09B0DD
:105900005DF804FB005400400004024000B502684A
:105910001E4B9A4289B036D103F58633002200929D
:10592000596C1B4841F400615964596C01F40061E1
:10593000009100990192196B41F004011963196BF0
:1059400001F004010191019902921A6B42F00802E0
:105950001A631B6B03F008030293029B4FF4F85287
:105960000223CDE9032301210323CDE905130C23F1
:105970000DEB0301079300F0ADFC042305480393EE
:1059800003A900F0A7FC09B05DF804FB002C01405E
:1059900000080240000C02401FB50023CDE901338E
:1059A00002680E4B9A4215D10223009368460C4BB5
:1059B000039301F043FB08B1FFF768FE094B012296
:1059C000C3F83C2E03200022062100F053FA0320E6
:1059D00000F082FA05B05DF804FB00BF002800402B
:1059E00000030800000047420268094B9A4282B057
:1059F0000BD100230193074B5A6C42F480725A6416
:105A00005B6C03F480730193019B02B0704700BF8D
:105A100000200140003802407047FEE7FEE7FEE745
:105A2000FEE7704708B500F0B7F803F0DBFF012888
:105A300003D0BDE8084004F065BA08BD014800F095
:105A40008BBB00BFD0040120014802F083BD00BF22
:105A500018060120014802F07DBD00BFD0050120DD
:105A6000014802F077BD00BF88050120014802F01F
:105A7000A5BA00BF90030120014802F09FBA00BF01
:105A800048030120202000F003BD0000014801F080
:105A900015BD00BFD80301204FF0FF3070474FF411
:105AA00000534B6000207047012070470020704772
:105AB00000207047DFF834D000F026F80C480D497C
:105AC0000D4A002302E0D458C4500433C4188C4259
:105AD000F9D30A4A0A4C002301E013600432A242BF
:105AE000FBD304F0FFFDFFF71FFC7047000002200E
:105AF00000000020F8000020B8030308F800002090
:105B0000706F0120FEE70000034AD2F8883043F4AA
:105B10007003C2F88830704700ED00E038B50E4BD6
:105B20001A784FF47A73B3FBF2F30C4A0546106807
:105B3000B0FBF3F000F0DEF9044658B90F2D09D898
:105B4000024629464FF0FF3000F094F9044B2046FE
:105B50001D6038BD0120FCE7900000208C00002073
:105B60009400002008B50B4B1A6842F400721A60CA
:105B70001A6842F480621A601A6842F480721A60ED
:105B8000032000F065F90F20FFF7C8FFFFF780FD45
:105B9000002008BD003C0240034A044B11681B78FA
:105BA0000B441360704700BF600601209000002086
:105BB000014B1868704700BF6006012038B50446E5
:105BC000FFF7F6FF631C1CBF054B1B78054618BF8B
:105BD000E418FFF7EDFF431BA342FAD338BD00BF23
:105BE0009000002038B50446002800F09B80056C2A
:105BF00025B9FFF7F9FE656484F83C50236CDB0699
:105C000000F18E80236C23F4885323F0020343F0C9
:105C100002032364444B5A6822F440325A605A68A3
:105C200061680A435A60236821695A6822F48072C5
:105C30005A605A6842EA01225A605A68A16822F002
:105C400040725A605A680A435A609A68E16822F4BE
:105C500000629A609A680A439A603449A26A8A424A
:105C600052D0996821F07061996099680A439A60EE
:105C70009A68E16A22F040529A609A680A439A60F0
:105C80009A6822F002029A609A68217E42EA4102F2
:105C90009A6094F82020002A3ED05A68616A42F443
:105CA00000625A605A6822F460425A605A680139A8
:105CB00042EA41325A60DA6AE16922F47002DA6239
:105CC000DA6A013942EA0152DA629A6822F4007211
:105CD0009A609A6894F8301042EA41229A609A6871
:105CE000616922F480629A609A68002042EA812207
:105CF0009A606064236C23F0030343F00103236480
:105D0000002384F83C3038BD9A6822F070629A60B3
:105D10009A6822F04052B2E75A6822F40062C9E75A
:105D20000120EDE70120EEE7002301400100000F14
:105D3000F7B50023019390F83C30012B05467CD049
:105D4000012380F83C3008682B688E68092884B2EB
:105D500030D904EB4402DF681E3A4FF0070C0CFA0E
:105D600002FC27EA0C07DF60DF6806FA02F23A431A
:105D7000DA604968062901EB81022AD8596B053A95
:105D80001F26964021EA06015963596B04FA02F274
:105D90000A435A632A4A934207D1122834D1D2F8CF
:105DA000043343F48003C2F80433002085F83C0038
:105DB00003B0F0BD1A6900EB400C072707FA0CF797
:105DC00022EA07021A611A6906FA0CF616431E61E6
:105DD000CFE70C294FF01F010BD81E6B233A9140DF
:105DE00026EA01011963196B04FA02F20A431A63E5
:105DF000D0E7DE6A413A914026EA0101D962D96AC8
:105E000094400C43DC62C5E7A0F11003012BCCD811
:105E10000C4A5368102843F400035360C5D10A4B61
:105E20000A4A1B68B3FBF2F30A2253430193019B16
:105E3000002BBAD0019B013BF8E70220B8E700BF76
:105E400000200140002301408C00002040420F0050
:105E50000749CA6822F4E0620302120403F4E06313
:105E6000120C134343F0BF6343F40033CB6070471D
:105E700000ED00E0164B30B5DC68C4F30224C4F139
:105E80000703251D042B28BF0423062D4FF0FF35E3
:105E90008CBF033C002405FA03F321EA0303A54069
:105EA00022EA0502A340002843EA0203ACBF00F146
:105EB0006040084A4FEA0313B8BF00F00F00DBB29E
:105EC000AABF00F56140135480F8003330BD00BF15
:105ED00000ED00E014ED00E0002807DB044A410972
:105EE000012300F01F00834042F82130704700BFBB
:105EF00000E100E00138B0F1807F0BD24FF0E023E9
:105F0000054A5861F02182F8231000200722986189
:105F10001A6170470120704700ED00E0036810B57A
:105F2000084C0246D9B210391820B1FBF0F0205CC1
:105F3000D06523F47F7020F003005F2988BF043010
:105F4000906510BD5803030870B50446FFF730FE96
:105F50000546002C60D0022384F8353022680023E7
:105F600084F83430136823F0010313602268136847
:105F7000D8072ED413683248A1691840D4E90135F6
:105F80002B43E5682B4325692B4365692B43E56962
:105F90000B432B43256A2B430343606A042802BF4B
:105FA000D4E90B5635432B4313605369042823F07F
:105FB000070343EA000335D1A06AE56A03438DB3C2
:105FC00091B9012820D030F002012BD1E90129D567
:105FD0001DE0FFF7EDFD401B0528C7D92023032056
:105FE000636584F8350070BDB1F5005F16D10328F4
:105FF00018D801A151F820F00F600208CD5F020807
:106000000F60020809600208B5F1C07F0AD1402381
:106010006365012384F835300120E4E70228F6D9CE
:106020000328D3D053612046FFF778FFE26D3F236A
:106030009340836000200123606584F83530D2E707
:106040003F8010F070B590F83440866D012C30D050
:10605000012480F8344090F83540012C4FF00004C2
:1060600025D1022580F8355044650468256825F45B
:106070008025256063608368402B0EBFA260A1600D
:10608000E260C26D08BFE1603F239340B3602368C4
:1060900043F016032360036C1BB1236843F008032D
:1060A0002360236843F001032360002070BD80F863
:1060B00034400220FAE770B50446866DFFF778FD9C
:1060C00094F83530022B054606D080236365012005
:1060D000002384F8343070BD23681A6822F0160259
:1060E0001A605A6922F080025A61226C0AB9A26CC5
:1060F0001AB11A6822F008021A601A6822F0010226
:106100001A602368186810F0010007D1E26D3F2380
:106110009340B360012384F83530D9E7FFF748FD99
:10612000401B0528EDD920230320636584F8350042
:10613000CEE790F83530022B03D080234365012051
:1061400070470268052380F83530136823F0010397
:106150001360002070470000F7B5002301935C4BEB
:10616000856D1F68C36D2E6808229A40324204462E
:106170000CD001680868400708D5086820F00400C2
:106180000860AA60626D42F00102626501229A40D5
:10619000324208D021684969090641BFAA60626D90
:1061A00042F00202626504229A40324208D021681D
:1061B0000968880741BFAA60626D42F00402626507
:1061C00010229A40324210D02368196809070CD572
:1061D000AA601A68500337D51B68190301D4236CD1
:1061E00000E0A36C0BB120469847E16D20228A4065
:1061F00032423AD023681868C60636D5AA6094F8A9
:106200003520052A1A6827D122F016021A605A6929
:1062100022F080025A61226C0AB9A26C1AB11A6883
:1062200022F008021A603F238B40AB60012384F800
:106230003530002384F83430236D002B45D02046C0
:1062400003B0BDE8F04018471A68D2055EBF1A686F
:1062500022F008021A60C2E7500327D51B68190311
:1062600031D4636C0BB120469847636D6BB3636D9B
:10627000DA0719D522684FF41653B7FBF3F7052355
:1062800084F83530136823F001031360019B013358
:10629000BB42019302D81368DB07F7D4012384F8CB
:1062A0003530002384F83430E36CC6E71A6812F402
:1062B000807208D1196821F010011960012384F857
:1062C000353084F83420E36BCCE703B0F0BD00BF79
:1062D0008C0000202DE9F74FDFF8A491664A0023D7
:1062E0000D6801249C4004EA0506AC4340F0AF80F1
:1062F0004D68032705F003044FEA430807FA08FC3A
:10630000671E012F6FEA0C0C34D8876807EA0C0E61
:10631000CF6807FA08F747EA0E078760476827EA59
:10632000060EC5F300179F4047EA0E074760C7688F
:1063300007EA0C0E8F6807FA08F747EA0E07022CE7
:10634000C76019D14FEAD30A00EB8A0A03F0070BA2
:10635000DAF820704FEA8B0B4FF00F0E0EFA0BFE9F
:1063600027EA0E0E0F6907FA0BF747EA0E07CAF87D
:10637000207001E0032CDAD1076804FA08F407EA78
:106380000C073C4315F4403F046060D000240194A6
:10639000D9F8444044F48044C9F84440D9F8444012
:1063A00023F0030707F1804704F4804407F59C3786
:1063B000019403F0030C019CD7F808E04FEA8C0C21
:1063C0000F2404FA0CF42EEA040E2C4CA04245D003
:1063D00004F58064A04243D004F58064A04241D01B
:1063E00004F58064A0423FD004F58064A0423DD013
:1063F00004F58064A0423BD004F58064A04239D00B
:1064000004F58064A04214BF0824072404FA0CF4A5
:1064100044EA0E04BC609468F74315F4801F0CBF77
:106420003C4034439460D46815F4001F0CBF3C40DA
:106430003443D460546815F4003F0CBF3C403443EF
:1064400054601468ED0354BF3C403443146001337E
:10645000102B7FF445AF03B0BDE8F08F0024D5E7E3
:106460000124D3E70224D1E70324CFE70424CDE7B6
:106470000524CBE70624C9E7003C014000000240A8
:10648000003802400AB1816170470904FBE700004F
:10649000044A5169014208B502D05061FEF76CFE12
:1064A00008BD00BF003C014001684B6913F48063E4
:1064B0004FF0000210D06FF480634B612023026321
:1064C00080F83D3080F83E20036C80F83C2043F09B
:1064D0000403036401207047184670472DE9F8460D
:1064E00006460F4691461D464FEA114A3368BAF1F7
:1064F000010F0CBF5C699C6927EA0404A4B2B4FADA
:1065000084F46409A14501D0002025E06A1CEED086
:10651000FFF74EFB089BC01AA84201D8002DE5D119
:106520003368BAF1010F0CBF5B699B6927EA03036B
:106530009BB2B3FA83F35B099945D7D1002320229C
:10654000336386F83D2086F83E30326C86F83C3066
:1065500042F0200232640120BDE8F8862DE9F041C6
:1065600004460F46164698462568686927EA0000E3
:1065700080B2C0B16B695A0517D52B6843F400731C
:106580002B606FF480636B6120220023236384F807
:106590003D2084F83E30236C43F004032364002341
:1065A00084F83C300120BDE8F081731CDDD0FFF79A
:1065B000FFFAA0EB0800B04201D8002ED4D1236826
:1065C0005A6927EA020292B2002ACDD00023202283
:1065D000236384F83D2084F83E30236C1343DDE7C9
:1065E00070B504460D46164623685B691B0601D547
:1065F00000201EE02046FFF757FFC8B96A1CF3D001
:10660000FFF7D6FA801BA84201D8002DECD12368F1
:106610005B6913F08003E7D12022236384F83D20D7
:1066200084F83E30226C84F83C3042F02002226430
:10663000012070BD2DE9FF479A46036815461A6888
:1066400042F480621A601A68DDE90C7842F48072C4
:106650001A600E463B46CDF8008000224FF0011133
:106660000446FFF73BFF236838B11B68DB0544BFD6
:106670004FF400732364032021E05FFA86F906F0EB
:10668000FE061E612B4943463A462046FFF766FF49
:10669000A0B9236803905A6903929B690393424609
:1066A00039462046039BFFF79BFF58B1236C042B10
:1066B00001BF2268136843F400731360012004B023
:1066C000BDE8F087BAF1010F23681AD1EDB2424656
:1066D0001D6139462046FFF783FF02460028E5D1B9
:1066E00021680B6843F480730B602046CDF800806E
:1066F0003B464FF00111FFF7F1FE226860B11368CD
:10670000B4E72A0A1A61394642462046FFF768FF75
:106710000028CBD12368D9E749F00103136105496B
:1067200043463A462046FFF719FF003818BF0120BC
:10673000C5E700BF0200010070B504460D461646CD
:1067400021684B6913F0400301D0002011E04A6931
:10675000D2060FD56FF010024A612022236384F81D
:106760003D2084F83E30236C2364002384F83C30C1
:10677000012070BDFFF71CFA801BA84201D8002D34
:10678000DED123685B6913F04003D9D12022236353
:1067900084F83D2084F83E30236C1343E4E7000086
:1067A00070B5044608B9012070BD90F83D3003F083
:1067B000FF021BB980F83C20FFF776F8242384F809
:1067C0003D3023681A6822F001021A601A6842F408
:1067D00000421A601A6822F400421A6000F00EFCAF
:1067E0003F4B65689D4294BF3E4B3F4B98428CBFE8
:1067F00000230123002BD6D12268394E51683B4B30
:10680000B0FBF3F321F03F011943B542516088BF5B
:106810004FF49676116A88BF734321F03F0184BF1D
:106820004FF47A76B3FBF6F301330B431362D1696D
:10683000431E2B4821F44F41854221F0FF0132D8FD
:106840006D0040F6FC70B3FBF5F30133034242D018
:10685000C3F30B031943D161D4E907301168034333
:1068600021F0C0010B4313609168D4E9030321F4C4
:106870000341034321F0FF010B439360D4E905304A
:10688000D168034321F0FF010B43D360136843F049
:106890000103136000202023206484F83D3020632E
:1068A00084F83E0080E7A06850B905EB4505B3FBCE
:1068B000F5F30133C3F30B037BB143F40043C9E7A2
:1068C00019206843B3FBF0F30133C3F30B0323B187
:1068D00043F44043BEE70423BCE70123BAE700BF0B
:1068E000A08601007F841E00FF083D0040420F008B
:1068F0002DE9F043044687B09946109F0D46904617
:10690000FFF756F994F83D30202B064604D00225B7
:10691000284607B0BDE8F08300907A491923012288
:106920002046FFF7DBFD0028F1D194F83C30012B25
:10693000EDD02068012384F83C300368DB075EBF9C
:10694000036843F001030360036823F400630360FA
:10695000222384F83D30402384F83E300023236412
:106960000E9B6362BDF83C306385638D2385664B67
:10697000E3622946CDE900764B4642462046FFF7C2
:1069800059FE054608B10125C2E7228D2368B2B938
:1069900002905A6902929A690292029A1A6842F423
:1069A00000721A60DFF86481238D002B2CD1202225
:1069B00084F83D2084F83C3084F83E30A8E7012A72
:1069C0000AD11A6822F480621A6003905A6903920D
:1069D0009A690392039AE1E7022A0ED11A6822F417
:1069E00080621A601A6842F400621A6004905A6960
:1069F00004929B690493049BD4E705905A6905921D
:106A00009B690593059BCDE7032B56D8012B15D128
:106A1000324639462046FFF78FFE0028B3D123685F
:106A20001A69636A1A70636A01336362238D013BDA
:106A30002385638D013B9BB26385B5E7022B0096EE
:106A40003B464FF000024146204619D1FFF746FD74
:106A5000002898D123681A6842F400721A601A69F3
:106A6000636A1A70626A531C6362238D013B23853B
:106A7000638D013B9BB2638523681B695370D2E72A
:106A8000FFF72CFD024600287FF47DAF23681968CC
:106A900021F4806119601969636A1970636A0133AE
:106AA0006362238D013B2385638D013B9BB263852C
:106AB000414600963B462046C8E7324639462046C6
:106AC000FFF73AFE00287FF45EAF23681A69636A15
:106AD0001A70628D616A013A92B24B1C628522681B
:106AE0006362238D5069013B9BB2400723857FF58C
:106AF0005BAF032B02BF136823F480631360136939
:106B00004B7090E7020010000000FFFF040001003E
:106B10002DE9F341044640B30368DE0710D423682F
:106B20009D075BD42368190700F19D8023685A07ED
:106B300000F1BD80A369002B40F0248100202CE0EF
:106B40008D4B9A6802F00C02042A07D09A6802F072
:106B50000C02082A0BD15B68590208D5864B1B68CA
:106B60009A03DCD56368002BD9D1012015E0636856
:106B7000814DB3F5803F13D12B6843F480332B60F4
:106B8000FFF716F87C4E054633689B03C7D4FFF722
:106B90000FF8401B6428F7D9032002B0BDE8F0814C
:106BA000B3F5A02F04D12B6843F480232B60E3E7D7
:106BB0002A6822F480322A602A6822F480222A601D
:106BC000002BDDD1FEF7F4FF06462B689F03A6D508
:106BD000FEF7EEFF801B6428F7D9DDE7664B9A6865
:106BE00012F00C0F07D09A6802F00C02082A11D19B
:106BF0005B685D020ED4604A1368990702D5E368AA
:106C0000012BB2D11368216923F0F80343EAC103D1
:106C1000136087E7E268594BB2B101221A60FEF7B0
:106C2000C7FF554D06462B689B0707D52B68226981
:106C300023F0F80343EAC2032B6073E7FEF7B8FFC3
:106C4000801B0228EFD9A7E71A60FEF7B1FF4A4E72
:106C5000054633689F077FF565AFFEF7A9FF401B28
:106C60000228F6D998E76269444B82B10122C3F841
:106C7000802EFEF79DFF404E0546736F9B073FF544
:106C800055AFFEF795FF401B0228F6D984E7C3F8FD
:106C9000802EFEF78DFF384E0546736F9F077FF5F8
:106CA00045AFFEF785FF401B0228F6D974E7324B4B
:106CB0001A6C12F0805228D101921A6C42F0805264
:106CC0001A641B6C03F080530193019B01272C4D28
:106CD0002B68D8051BD5A368274D012B27D12B6F17
:106CE00043F001032B67FEF763FF234E054641F295
:106CF0008838336F9A0739D5002F3FF41BAF1E4AEF
:106D0000136C23F08053136414E70027DFE72B682C
:106D100043F480732B60FEF74BFF06462B68D905C2
:106D2000D9D4FEF745FF801B0228F7D934E7052B9D
:106D300004D12B6F43F004032B67D0E72A6F22F0B6
:106D400001022A672A6F22F004022A67002BCAD1A7
:106D5000FEF72EFF41F2883806462B6F9B07CBD5F6
:106D6000FEF726FF801B4045F7D915E7FEF720FF09
:106D7000401B4045BDD90FE70038024000004742A4
:106D800000700040374DAA6802F00C02082A3ED07D
:106D9000022B354B4FF000021A662BD1FEF708FF8D
:106DA00006462B6899011FD4D4E907321343626A5F
:106DB00043EA8213E26A43EA0263A26A5208013A92
:106DC00043EA02436B60284B264D01221A66FEF708
:106DD000EFFE04462B689A013FF5B0AEFEF7E8FEE1
:106DE000001B0228F6D9D7E6FEF7E2FE801B022838
:106DF000D7D9D1E6FEF7DCFE04462B689B017FF570
:106E00009DAEFEF7D5FE001B0228F6D9C4E6012B85
:106E10003FF4ABAE6B68E26903F4800191427FF40A
:106E2000A4AE216A03F03F028A427FF49EAE616AFB
:106E300047F6C0721A40B2EB811F7FF496AEA26A89
:106E4000520803F44031013AB1EB024F7FF48DAEAA
:106E5000E26A03F07063B3EB026F14BF01200020FD
:106E60009BE600BF0038024000004742134908B5C6
:106E70008B6803F00C03042B1CD0082B1CD14A6830
:106E80004B68496813F4800314BF0D480D48C1F3E3
:106E9000881118BF002302F03F02A1FB0001D9F7BF
:106EA000FFF9064B5B68C3F3014301335B00B0FBA2
:106EB000F3F008BD0248FCE70248FAE70038024058
:106EC00000127A000024F4002DE9F0410D4604463A
:106ED00010B90120BDE8F081434B1A6802F00702A7
:106EE0008A4228D321688F072DD4C80740D43E4B4F
:106EF0001A6802F00702AA4265D8226851076BD4CB
:106F0000130707D5394A2169936823F4604343EA9C
:106F1000C1039360FFF7AAFF344B354A9B68C3F364
:106F20000313D35CD840334B1860334B1868FEF71B
:106F3000F5FD0020CEE7CAB21A701B6803F0070304
:106F40008B42C6D1CEE7294B11F0040F1EBF9A68C1
:106F500042F4E0529A600E0742BF9A6842F46042DF
:106F60009A609A68A06822F0F00202439A60BCE737
:106F700062681E4B012A1CD11B6813F4003FA8D085
:106F80001A4EB36823F003031343B360FEF710FEF9
:106F900041F288380746B368626803F00C03B3EB2C
:106FA000820FA4D0FEF704FEC01B4045F3D9032096
:106FB00090E7911E01291B6802D813F0007FDEE7DD
:106FC00013F0020FDBE7EAB21A701B6803F0070345
:106FD000AB427FF47EAF90E70449E0688B6823F40E
:106FE000E05303438B608BE7003C024000380240D3
:106FF000480303088C00002094000020044B054A3D
:107000009B68C3F38223D35C034A1068D84070475F
:1070100000380240400303088C000020044B054A5E
:107020009B68C3F34233D35C034A1068D84070476F
:1070300000380240400303088C000020036813F06E
:10704000050FF7B5044605D123689B072AD4002015
:1070500003B0F0BD424B434E00229A66FEF7A8FDF6
:10706000054633681F0116D4D4E901231B0743EA00
:107070008213C6F884303A4B3A4E01229A66FEF7E4
:1070800097FD054633681801DED4FEF791FD401BDD
:107090000228F7D904E0FEF78BFD401B0228E0D957
:1070A0000320D5E7002301932E4B2F4D1A6C42F09D
:1070B00080521A641B6C03F080530193019B2B6870
:1070C00043F480732B60FEF773FD06462B68D905E9
:1070D0001BD5244DE2682B6F13F440731BD1E3687A
:1070E00003F44072B2F5407F1E4A34D1916823F018
:1070F000704021F4F81120F4407001439160116F49
:10710000C3F30B030B431367A1E7FEF751FD801B8D
:107110000228DBD9C4E702F440729342DFD02B6F20
:107120000F4A0121C2F8401E23F440730021C2F827
:10713000401E2B672B6FDA07D1D5FEF739FD41F2E0
:10714000883706462B6F9B07C9D4FEF731FD801B9D
:10715000B842F7D9A4E7916821F4F811CEE700BF4F
:1071600000004742003802400070004038B5036814
:10717000094ADA600446FEF71BFD05462368DB6812
:107180009B0601D5002038BDFEF712FD401BB0F56F
:107190007A7FF3D90320F6E75F7F0100036870B5BB
:1071A000DC6814F04004054617D1DA6842F080022A
:1071B000DA60FEF7FDFC06462B68DB685B0600D450
:1071C0000CB1204670BDFEF7F3FC801BB0F57A7F52
:1071D00082BF04236B770124EEE70024F1E7036804
:1071E000DA6822F0800210B5DA609B689B060446DC
:1071F00001D5002010BDFFF7B9FF0028F9D0042306
:1072000063770120F6E710B50446002841D0437F9C
:1072100003F0FF0213B90277FEF7BEFB0223637788
:107220002368DA68D20603D501236377002010BDF6
:10723000CA225A6253225A622046FFF7AFFF10BBA0
:10724000236820699A6822F4E00222F040029A60E2
:10725000626899680243606902430A439A60E2687F
:107260001A611A69A16842EA01421A612046FFF7D1
:10727000B6FF40B92368A1691A6C22F480221A640F
:107280001A6C0A431A642368FF225A620028CBD082
:10729000CDE70120CBE70023092803D840EA0310FB
:1072A000C0B270470A380133C0B2F5E72DE9F041AA
:1072B000037F012B06460F464FF0020041D0012309
:1072C00031683377707738787D78BC788B68002A9E
:1072D00039D113F0400308BFFB70FFF7DCFF804695
:1072E0002846FFF7D8FF02462046FFF7D4FFFB7879
:1072F00040EA835343EA084343EA0224CA234B6229
:1073000053234B623046FFF749FFA8B9326804F0B7
:107310007F3424F0FE441460936823F48023936048
:10732000D7E90330916803430B4393603046FFF77E
:1073300056FF08B9012373773368FF225A6200238E
:107340003377BDE8F08113F0400308BFFB702D02D6
:10735000FA7845EA004545EA040343EA8254CDE75A
:10736000F8B5037F012B05464FF0020027D001231B
:107370002B7768770E78C8784C788F787603FAB1D7
:1073800046EA00433B4343EA04242B68CA225A627C
:1073900053225A622846FFF701FF58B92A6824F0A1
:1073A0007F4424F0C00454602846FFF718FF08B952
:1073B00001236B772B68FF225A6200232B77F8BDDD
:1073C000E30642BF24F010040A344C70FFF763FF59
:1073D00004464878FFF75FFF02463846FFF75BFF39
:1073E00040EA060343EA044343EA0224CDE70000EF
:1073F00037B5304B1D684FF4FA43B5FBF3F54FF446
:107400007A735D43037F0195012B04464FF0020020
:1074100017D00123237723686077CA20586253204E
:107420005862986810F4806F11D00198013801906B
:10743000019840B9FF225A62032363770023237720
:10744000032003B030BDD86810F0040FECE7986853
:1074500020F480609860D868C0B260F49060D86012
:10746000019501980138019001980028E2D0D86870
:107470004007F6D5986820F00700986098680243A6
:107480009A600D4A5961116841F480011160916858
:1074900041F4800191609A6842F480429A609A684F
:1074A00042F480629A60FF225A62002001236377CF
:1074B0002077C6E78C000020003C0140094B4FF4C8
:1074C000800210B55A610268D3685B05044606D590
:1074D000D368DBB263F49063D360FDF769FE0123E8
:1074E000637710BD003C0140F0B589B005460E46FB
:1074F000FEF75EFB0023074608212868CDE900332C
:1075000001F0A6FA0446D8B9296D2868090401F0EB
:10751000D1FA0446A0B94FF0FF310823CDE9021398
:1075200030200223CDE9040302A901232868069430
:10753000079301F0C6F9286801F0EEFA044690B10D
:10754000204609B0F0BD436B9A0212D501F098F9BC
:1075500008AB03EB8403013443F8200CFEF728FB4F
:10756000C01B013026D02868436B13F02A0FEAD0E5
:1075700002E0436B9B04F1D4436B190702D4436BC5
:107580009A0502D508248463DAE7436B9B0701D58B
:107590000224F8E7446B14F0200401D02024F2E721
:1075A00040F23A538363019B1BBA3360009B1BBAC2
:1075B0007360C5E74FF00044C2E70000426E034627
:1075C000900F10B50870C2F383604870C2F3016079
:1075D0008870C2F30740C870C2F30720D2B20871A6
:1075E0004A719A6E100DC880C2F303400872C2F34C
:1075F000C0304872C2F380308872C2F34030C87223
:10760000C2F30030087300204873586C00286BD117
:10761000D86E40F6FC7404EA820242EA90720A6173
:10762000C0F3C2620A75C0F302624A75C0F34252E7
:107630008A75C0F38242C0F3C230CA750876086901
:107640000A7E02F0070202320130904058650C7A3F
:10765000012204F00F04A2409A65520A4243DA65FF
:107660004FF400721A66DA6EC2F380304876C2F3C5
:10767000C61002F07F028876CA761B6FDA0F0A778F
:10768000C3F341724A77C3F382628A77C3F38352AA
:10769000CA77C3F3405281F820200020C3F3004290
:1076A00081F8210081F82220C3F3C03281F8232021
:1076B000C3F3803281F82420C3F3403281F82520BF
:1076C000C3F3003281F82620C3F3812281F82720FA
:1076D000C3F30122C3F3460381F8282081F829303F
:1076E000012381F82A301BE001280FD1B3F86E0086
:1076F000120402F47C1202430A610A690132920206
:107700005A65DA654FF400729A65A9E71A68054967
:1077100091639A6B012042F080529A6383F834009F
:1077200010BD00BFFF054000F0B5002599B0CDE9C0
:10773000095576230B950C930AAB044693E8070092
:107740008DE80700CDE907556F4F206807AB0ECBDA
:1077500001F07AF80126C7F8A050206801F093F8EC
:107760000220C7F8A060FEF729FA2068069501F00C
:10777000BBF8054690B9206801F0F8FA30B12068EE
:10778000A56401F0B1F898B1054607E0A664206849
:10779000002101F08FF970B14FF08055012384F87A
:1077A0003430A36B2B43A3630125284619B0F0BDE9
:1077B000A36C012BEBD0554F00214FF6FE7614E061
:1077C000206801F077F905460028E7D1206839469E
:1077D00001F02EFA0028DFD12946206801F06EF86A
:1077E000069B01330546C10F0693069BB34201D8A1
:1077F0000029E5D0069BB34211D8C5F3807501235B
:1078000020686564ADF8163001F041F850B94FF0CA
:107810008061012384F83430A36B0B43C3E74FF03E
:107820008075BBE7636C2068032B43D001F0B4F98B
:1078300001460028EDD1206801F040F8042160677E
:10784000206801F03BF80821A067206801F036F8B5
:107850000C21E067206801F031F8636CC4F8800007
:10786000032B27D00DF11601206801F03BFA0146E9
:107870000028CED1636C2068032B1BD0BDF81610F6
:107880002165090401F09EF901460028C1D1206854
:1078900001F014F804216066206801F00FF8082157
:1078A000A066206801F00AF80C21E066206801F06B
:1078B00005F820670421206801F000F8000DE0645D
:1078C0000DA92046FFF77AFE054610B14FF0805112
:1078D0009FE7226D03461204206801F0D2F80146AA
:1078E000002896D120684FF4007101F0B1F800280B
:1078F0003FF45BAF2368064A9A63A36B0343A36319
:10790000012384F834304FE700802542000010C185
:10791000FF054000F0B50323044680F83430636C63
:107920000068032B8BB00D4602D0B1F5805F03D108
:10793000A36B43F080531DE0B1F5006F37D10021F8
:10794000CDE9041100F0BAFF800149D404A9204612
:10795000FFF7CAFD60B9059B590344D5216D206826
:10796000090401F0A7F818B90221206801F0BBF85A
:10797000A36B0343A363A66B2768002E3AD0294B61
:10798000BB63012584F8345020684FF4007101F086
:107990005FF830B12368234A9A63A36B0343A36360
:1079A00001250123284684F834300BB0F0BDE9B935
:1079B000CDE9041100F082FF820111D404A9204610
:1079C000FFF792FD0028D3D1059BDB030BD5216D7A
:1079D0002068090401F06EF80028C9D10146C4E707
:1079E0004FF40060C4E74FF08060C1E7A36B43F041
:1079F0000063BFE763680493A3680593E368CDE978
:107A0000063563690893A36909930AAB13E9070074
:107A10008DE8070004AB0ECB384600F015FF354665
:107A2000B2E700BFFF05400010B5044608B90120C9
:107A300010BD90F8343003F0FF0213B90277FDF760
:107A400065FF032384F834302046FFF76DFE0028DD
:107A5000EDD121692046FFF75DFF0028E7D1012322
:107A6000A063206384F83430E2E700002DE9F34797
:107A70001F46894690460446FEF79AF80A9D3D4403
:107A80002D1AFEF795F8264B1E68C6F3CB366E43CB
:107A9000824601962268936839EA03030CBF0123EA
:107AA0000023434501D100202EE07B1CF3D0FEF7DC
:107AB0007FF8A0EB0A00A84229D323685A6822F075
:107AC000E0025A606268B2F5827F0AD1A268B2F51C
:107AD000004F02D0B2F5806F03D11A6822F0400245
:107AE0001A60A26AB2F5005F07D11A6822F4005248
:107AF0001A601A6842F400521A60012384F8513067
:107B0000002384F85030032002B0BDE8F087019BC9
:107B10001BB1019B013B0193BCE71D46BAE700BFC7
:107B20008C000020F0B585B00B4600920E4617463B
:107B3000022101220446FFF799FF054628B1636D33
:107B400043F020036365032515E0124B1868124BC0
:107B5000B0FBF3F04FF47A73584363680390B3F5C6
:107B6000827F0BD1009733462A4680212046FFF7BB
:107B70007DFF0028E3D1284605B0F0BD039B002B14
:107B8000F9D0039B013B039323689B681B06F5D444
:107B9000F1E700BF8C00002000366E0110B50446EE
:107BA000002855D0436A002B4ED14268B2F5827F3F
:107BB00000D0C3610023A36294F8513003F0FF02A8
:107BC00023B984F850202046FDF780FD2168A06885
:107BD000A269022384F851300B6823F040030B6044
:107BE000636800F4044003F482730343E06800F424
:107BF00000600343206900F002000343606900F065
:107C00000100034302F400700343E06900F0380010
:107C10000343206A00F080000343A06A00F4005090
:107C200003430B60636A120C03F0100302F00402BA
:107C30001A434A60CB6923F40063CB61002001231F
:107C4000606584F8513010BD0023C0E90433B1E70A
:107C50000120F8E72DE9F74304461F460D469046FC
:107C6000FDF7A6FF94F85130012B8146D8B240F0C1
:107C70009F80002D74D0B8F1000F71D094F850306F
:107C8000012B00F09580032384F8513000236365B5
:107C9000C4E91033A4F83680A363A387E387A368FD
:107CA000266884F85000B3F5004F2563A4F83480AB
:107CB00007D1336823F040033360336843F48043D3
:107CC00033603368E2685B065EBF336843F04003AD
:107CD0003360B2F5006F636845D113B1B8F1010F9D
:107CE00007D135F8023BF3602563E38E013B9BB27D
:107CF000E386E38E9BB2D3B94A4639462046FFF766
:107D000011FF002851D1A36833B901932368DA68C1
:107D100001929B680193019B012384F85130606DAF
:107D20000023C01A84F8503018BF012018E02268E0
:107D30009368980705D5236B33F8021BD160236342
:107D4000D3E7FDF735FFA0EB0900B842D1D3791C8A
:107D5000CFD0012384F85130002384F85030032021
:107D600003B0BDE8F08313B1B8F1010F08D12B784F
:107D70003373236B01332363E38E013B9BB2E386B2
:107D8000E38E9BB2002BB7D023689A68920703D585
:107D9000226B12781A73ECE7FDF70AFFA0EB0900DB
:107DA000B842EDD37B1CEBD0D3E720236365AAE771
:107DB0000220D5E770B590F85130012B0446DDB2B2
:107DC00050D1002936D0002A34D090F85030012B01
:107DD00048D0032380F8513000234365C0E91033B5
:107DE000C28683638387C38783688286B3F5004F27
:107DF000026880F85050016307D1136823F04003F4
:107E00001360136843F480431360A06C164B036443
:107E1000164BC363164BC364E38E002606659BB204
:107E20000C32FEF70FF938B1636D84F8506043F0FF
:107E300010036365284670BD23681A68520658BF50
:107E40001A684FF000055CBF42F040021A6084F8E7
:107E500050505A6842F020025A605A6842F00202BA
:107E60005A60E7E70225E5E7777E0208A57E02086B
:107E7000837E0208704708B5806BFFF7FBFF08BDE3
:107E80007047806B026808B5536823F003035360A2
:107E9000436D43F010034365012380F85130FFF731
:107EA000EFFF08BD37B50546846BFDF781FE2B68F3
:107EB0001B68DB05024626D42368596821F020019F
:107EC0005960596821F00201596020466421FFF78A
:107ED00029FE18B1636D43F020036365A36833B9CD
:107EE00001932368DA6801929B680193019B002348
:107EF000E386012384F85130636D23B12046FFF7F8
:107F0000BFFF03B030BD2046FDF7B2FBF9E7704775
:107F100090F83D30012B30D1022380F83D300368CA
:107F2000DA6842F00102DA60154A93421AD0B3F1DE
:107F3000804F17D0A2F57C42934213D002F58062A5
:107F400093420FD002F5806293420BD002F5784243
:107F5000934207D002F57052934203D0A2F59432B7
:107F6000934204D19A6802F00702062A03D01A68E5
:107F700042F001021A60002070470120704700BFE4
:107F8000000001400368DA6822F00102DA60196A31
:107F900041F21112114208D1196A40F244421142D1
:107FA00002BF1A6822F001021A60012380F83D30F6
:107FB000002070477047704770477047036870B57E
:107FC000DD681E69B10704460DD5AA070BD56FF011
:107FD00002021A61012202779B699B0769D0FFF7B1
:107FE000EAFF00232377710710D56A070ED52368AF
:107FF0006FF004021A61022222779B6913F4407F1A
:1080000020465CD0FFF7D7FF0023237733070FD537
:1080100028070DD523686FF008021A610422227721
:10802000DB699907204650D0FFF7C5FF002323776F
:10803000F20610D5EB060ED523686FF010021A6118
:1080400008222277DB6913F4407F204643D0FFF7F4
:10805000B2FF00232377F00708D5E90706D5236888
:108060006FF001021A612046FDF7E4FA320608D5E6
:108070002B0606D523686FF080021A61204600F0B7
:10808000C8F8700608D5690606D523686FF0400267
:108090001A612046FFF791FFB20622D5AB0620D524
:1080A00023686FF0200220461A61BDE8704000F09E
:1080B000AFB8FFF77FFF2046FFF77EFF91E7FFF79E
:1080C00079FF2046FFF778FF9EE7FFF773FF204612
:1080D000FFF772FFAAE7FFF76DFF2046FFF76CFF7F
:1080E000B7E770BD324A0368904212D0B0F1804FBA
:1080F0000FD0A2F57C4290420BD002F580629042F4
:1081000007D002F58062904203D002F57842904297
:1081100019D14A6823F070031343254A904229D0AD
:10812000B0F1804F26D0A2F57C42904222D002F5D9
:10813000806290421ED002F5806290421AD002F511
:108140007842904216D01B4A904213D002F58062CA
:1081500090420FD002F5806290420BD0A2F5983287
:10816000904207D002F58062904203D002F580620F
:10817000904203D1CA6823F4407313434A6923F041
:10818000800313438A68C2620A688262084A904286
:1081900003D002F58062904201D10A69026302684D
:1081A00042F004020260012242610360704700BF96
:1081B000000001400040014010B5044630B390F883
:1081C0003D3003F0FF021BB980F83C20FFF79FFE13
:1081D0000223206884F83D30211DFFF783FF01232F
:1081E00084F84630002084F83E3084F83F3084F82C
:1081F000403084F8413084F8423084F8433084F8C9
:10820000443084F8453084F83D3010BD0120FCE74F
:1082100070477047026802F10C0353E8003F23F4F3
:1082200090730C3242E8003102680029F2D102F169
:10823000140353E8003F23F0010302F1140C4CE84F
:1082400000310029F3D1036B012B0BD102F10C0398
:1082500053E8003F23F0100302F10C0C4CE800310E
:108260000029F3D1202380F84230002303637047B4
:108270000268C16838B5136923F440530B43136196
:10828000054683680069D168034368690343E86968
:1082900021F4164121F00C0103430B43D3605369D1
:1082A000A96923F440730B4353611F4B9A4203D0D7
:1082B00003F580639A4224D1FEF7B0FEEA691921E2
:1082C000B2F5004FD5E90043A0FB01011CD1DA183B
:1082D0004FF0000545EB0503D7F7E2FF6422B0FB42
:1082E000F2F102FB1103DB003233B3FBF2F303F0D4
:1082F00007025B0002EB011203F4F8731344A3605E
:1083000038BDFEF77BFED9E79A009B0FD7F7C8FF71
:108310006422B0FBF2F102FB11031B013233B3FB09
:10832000F2F303EB0113EAE700100140F7B505464D
:108330000C4617461E462A68136834EA030301D127
:10834000002021E0701CF7D0FDF732FCC01B8642F4
:108350001CD3DEB12B68DA685107ECD5802CEAD04B
:10836000402CE8D01A681207E5D5002401941A6859
:1083700001925B6801932846019BFFF74BFF08239E
:108380006B6485F84040012003B0F0BD0320FBE79B
:1083900010B5044648B390F8413003F0FF021BB912
:1083A00080F84020FDF7EEF92268242384F841305C
:1083B000D36823F40053D3602046FFF759FF2368A6
:1083C0001A6922F490421A615A6922F02A025A610B
:1083D000DA6842F40052DA6000202023606484F8F6
:1083E000413084F84230606310BD0120FCE72DE984
:1083F000F843984690F84130202B04460E46174625
:108400003FD100293FD0002A3DD0212300254564DB
:1084100080F84130FDF7CCFBA368A784B3F5805FFB
:108420008146E78403D123690BB935461E46E38CA8
:108430009BB253B943464A4640212046FFF776FF98
:10844000202350B984F841300AE043464A4680214F
:108450002046FFF76BFF28B1202384F8413003202A
:10846000BDE8F88322684EB935F8023BC3F3080330
:108470005360E18C013989B2E184D8E716F8013BF9
:10848000F6E70220ECE70120EAE77047704708B5FD
:10849000806B0023C385FFF7F9FF08BD704790F894
:1084A0004230222B07B542D181680268836AB1F558
:1084B000805F3FD1016900293FD15268C2F30802B1
:1084C00023F8022B8362C38D013B9BB2C385002B33
:1084D0002DD10268D16821F02001D160D16821F44A
:1084E0008071D160516921F001015161202280F831
:1084F00042204363026B012A026828D1036302F120
:108500000C0353E8003F23F0100302F10C0C4CE87D
:1085100000310029F3D11368DB0605D501911368FA
:10852000019353680193019B818DFFF7B7FF03B05F
:108530005DF804FB39B9016929B95268D2B21A70E1
:10854000836A0133BEE7526802F07F02F7E7FDF766
:108550008DF8ECE703681A6873B51607D9685D698A
:10856000044608D1960668D58D0666D502B0BDE8EA
:108570007040FFF794BF05F0010001F490750543CA
:108580005BD0D60705D5CD0542BF636C43F0010330
:108590006364530704D518B1636C43F0020363644A
:1085A000960704D518B1636C43F0040363641507A0
:1085B00007D501F0200303431EBF636C43F008039B
:1085C0006364636C002B32D0920604D58B0602D50F
:1085D0002046FFF764FF26687369626C03F040036E
:1085E00002F0080253EA0205204622D0FFF712FEED
:1085F00073695E0618D5226802F1140353E8003F40
:1086000023F04003143242E800310029F3D1E06B3B
:1086100050B1774B0365FDF78CFD40B1E06B036D06
:1086200002B0BDE8704018472046FFF72FFF02B0A8
:1086300070BDFFF72BFF6564F9E7206B012840F060
:108640009B80D50640F19880C80640F195800022B5
:1086500001921A6801925A680192019A5969A28D91
:10866000490656D5E06B0168496889B2002947D0B0
:10867000914245D2C269E185B2F5807F36D003F1DF
:108680000C0252E8002F22F4807203F10C0040E843
:1086900000210029F3D103F1140252E8002F22F047
:1086A000010203F1140040E800210029F3D103F195
:1086B000140252E8002F22F0400203F1140040E8B7
:1086C00000210029F3D1202284F84220216303F104
:1086D0000C0252E8002F22F0100203F10C0040E8D7
:1086E00000210029F3D1E06BFDF7E5FC0223636371
:1086F000E38DA18DC91A89B22046FFF7CFFE96E718
:10870000914294D1C369B3F5807F90D10223636312
:10871000F2E7E18DE08D80B289B2002887D0511A4E
:1087200089B2002983D003F10C0252E8002F22F411
:10873000907203F10C0545E800200028F3D103F105
:10874000140252E8002F22F0010203F1140545E85B
:1087500000200028F3D1202284F84220206303F176
:108760000C0252E8002F22F0100203F10C0545E83C
:1087700000200028F3D1C9E7160628D50D0626D516
:1087800094F84120212A7FF452AFA168226AB1F502
:10879000805F17D12169A9B932F8021BC1F3080122
:1087A00059602262E28C013A92B2E284002A7FF49C
:1087B0003EAFDA6822F08002DA60DA6842F0400206
:1087C000DA6034E7511C216212785A60EAE75006F9
:1087D0007FF52DAF4A067FF52AAFDA6822F0400216
:1087E000DA60202384F841302046FFF74EFE1EE772
:1087F0008F840208C2850023828502694364222394
:1088000080F84230816203681AB1DA6842F48072FB
:10881000DA605A6942F001025A61DA6842F02002D5
:10882000DA600020704770B490F84260202E06D1C4
:1088300041B13AB10024046370BCFFF7DBBF0220F2
:1088400070BC70470120FBE784B010B503AC84E82E
:108850000E000B46049942680B4305990B43069999
:108860000B4307990B430899BDE8104022F4FD42E1
:108870000B4322F07F021343436004B00020704793
:10888000D0F8800070470323036000207047006821
:1088900000F0030070470B6810B58360D1E9013424
:1088A000C2682343CC680969234322F47F620B43E7
:1088B00022F00F021343C360002010BD1430405853
:1088C00070470B6810B543624B688362D1E902348C
:1088D00023430C69C26A496923430B4322F0F70220
:1088E0001343C362002010BD10B5002386B0CDE94C
:1088F0000133CDE9033301A94FF4806305930446A6
:10890000FFF7C9FF0A4B4FF4FA521B68B3FBF2F3AF
:1089100041F288325343013B07D3626B1206FAD50A
:10892000C523A363002006B010BD4FF00040FAE756
:108930008C0000200346444810B500684FF4FA54F8
:10894000B0FBF4F04243002A49D0586B10F0450FB9
:1089500007D0000505D45A6B540704D5042098634A
:1089600010BD013AEFE75A6BD00703D501229A6395
:108970000120F5E7C5229A631A69D2B29142F7D174
:108980005B69324818400028EAD0002B2ADB5A00E5
:108990002BD49C002BD4D9002BD41A012CD45C01ED
:1089A0002DD4D9012ED41A022FD45C0230D49902CE
:1089B00031D4DA0232D45C0333D4990334D4DA03E9
:1089C00035D41C0436D4590437D49A0438D413F05F
:1089D000080F0CBF4FF480304FF40000C0E74FF099
:1089E0000040BDE74FF00070BAE74020B8E78020B4
:1089F000B6E74FF48070B3E74FF40070B0E74FF480
:108A00008060ADE74FF40060AAE74FF48050A7E71D
:108A10004FF40050A4E74FF48040A1E74FF400402A
:108A20009EE74FF400309BE74FF4802098E74FF427
:108A3000002095E74FF4801092E74FF400108FE785
:108A40004FF480008CE700BF8C00002008E0FFFDA1
:108A500030B587B010254023CDE9025301910022A3
:108A60004FF4806301A9CDE904230446FFF713FF07
:108A700041F288322946204607B0BDE83040FFF772
:108A800059BF30B587B007254023CDE90253019285
:108A90004FF48063002201A9CDE904230446FFF7C7
:108AA000FAFE41F288322946204607B0BDE8304040
:108AB000FFF740BF30B587B037254023CDE90253DB
:108AC000019100224FF4806301A9CDE904230446FB
:108AD000FFF7E1FE41F288322946204607B0BDE8A3
:108AE0003040FFF727BF30B587B006254023CDE9DA
:108AF0000253019100224FF4806301A9CDE90423C0
:108B00000446FFF7C8FE41F288322946204607B0E6
:108B1000BDE83040FFF70EBF30B5002387B03325E6
:108B20004022CDE90323CDE9013501A94FF480634B
:108B300004460593FFF7AFFE41F2883229462046EE
:108B400007B0BDE83040FFF7F5BE0000114B4FF411
:108B5000FA511B68B3FBF1F341F2883102464B43F3
:108B6000013B13D3516B11F0450FF9D00905F7D430
:108B7000536B5B0702D5042090637047506B10F075
:108B8000010014BF0123C523936370474FF00040D9
:108B9000704700BF8C00002010B5002386B0022271
:108BA000CDE90132C022CDE9032301A94FF480634E
:108BB00004460593FFF76FFE204606B0BDE810405F
:108BC000FFF7C4BF10B586B00922C023CDE9022348
:108BD00001914FF480630021CDE9041301A90446FB
:108BE000FFF759FE204606B0BDE81040FFF7AEBFC4
:108BF0000E4B4FF4FA511B68B3FBF1F341F288318D
:108C000002464B43013B0ED3516B11F0450FF9D097
:108C10000905F7D4506B10F0040015BF0420C523DC
:108C20009063936370474FF0004070478C000020C2
:108C300010B541F0004186B0292241F48011402353
:108C4000CDE9022301914FF480630021CDE90413A3
:108C500001A90446FFF71FFE204606B0BDE81040FC
:108C6000FFF7C6BF03461E4810B500684FF4FA541C
:108C7000B0FBF4F041F288346043013829D35C6BD7
:108C800014F0450FF9D02405F7D4586B440702D5EA
:108C90000420986310BD586BC00703D501229A6366
:108CA0000120F7E71869C0B28142F9D1C521996363
:108CB0005B6913F4604002D11B0C1380EAE75A048D
:108CC0000AD413F4004F0CBF4FF480304FF480509F
:108CD000E0E74FF00040DDE74FF40050DAE700BF77
:108CE0008C00002070B5002386B003264022CDE919
:108CF0000323CDE901360D464FF4806301A90446F4
:108D00000593FFF7C8FD2A463146204606B0BDE868
:108D10007040FFF7A7BF0000134B4FF4FA511B68D8
:108D2000B3FBF1F341F2883102464B43013B17D3C9
:108D3000516B11F0450FF9D00805F7D4536B590763
:108D400002D5042090637047506B10F0010002D0F0
:108D5000012393637047536B5B0603D54023F8E709
:108D60004FF00040704700BF8C00002010B54FF45A
:108D7000D57286B00823CDE9012340210023CDE937
:108D800003134FF4806301A904460593FFF783FDA5
:108D9000204606B0BDE81040FFF7BEBF00F1080353
:108DA0004FF0FF32C0E902234360036100230360F8
:108DB000704700230361704743684B609A688A607C
:108DC000516099600368086101330360704730B5F2
:108DD0000C68631C0AD103695A684A6091608B6011
:108DE0005960036808610133036030BD00F1080277
:108DF000134652681568A542FAD9EDE7D0E9011289
:108E000003698A6051605968814208BF5A60002234
:108E100002611A68013A1A601868704710B5044672
:108E200001F020F8A46B01F02DF8B4FA84F04009A9
:108E300010BD70B51646026C856B044642B90668D3
:108E40009EB9806800F0DEFDA6600135A56370BDA7
:108E50006EB9406801F075FC6368226C1344A26827
:108E60006360934224BF236863600020EDE7C0681D
:108E700001F067FC226CE36851429B1A2268E360B0
:108E800093423EBFA3685B18E360022EEDD10DB1A3
:108E9000013DEAE72846D8E7034610B41A6C0846B5
:108EA0006AB1DC68996814448C4228BF1968DC6098
:108EB00028BFD960D9685DF8044B01F042BC5DF869
:108EC000044B704770B5044600F0CCFF94F8455051
:108ED00004F124066DB2002D14DCFF2384F8453024
:108EE00000F0D0FF00F0BEFF94F8445004F11006EB
:108EF0006DB2002D12DCFF2384F84430BDE87040D1
:108F000000F0C0BF636A002BE7D0304600F0F8FCE9
:108F100008B100F061FD013D6DB2DCE72369002B73
:108F2000E9D0304600F0ECFC08B100F055FD013D01
:108F30006DB2DEE738B504460D4600F093FFD4E984
:108F40000F31226862604B43D0185B1A1A44A0604C
:108F5000FF230020A063E26084F8443084F84530A9
:108F6000A5B9236973B104F1100000F0C9FC48B140
:108F70004FF0E0234FF08052C3F8042DBFF34F8F22
:108F8000BFF36F8F00F07EFF012038BD04F11000A9
:108F9000FFF704FF04F12400FFF700FFF2E7F8B544
:108FA0000646484350300D46174601F01FF8044668
:108FB00058B165B100F15003C4E90F652360012188
:108FC0002046FFF7B7FF84F84C702046F8BD0346F3
:108FD000F2E72DE9FF41002704460E4601921D46A7
:108FE000B84600F03FFFA26BE36B9A4201D3022D1B
:108FF0001BD12A4631462046FFF71BFF636A1BB18F
:1090000004F1240000F07CFC48B14FF0E0234FF065
:109010008052C3F8042DBFF34F8FBFF36F8F00F062
:1090200031FF012004B0BDE8F081019B1BB900F0C5
:1090300029FF0020F6E717B902A800F099FC00F01C
:1090400021FF00F0EBFA00F00DFF94F84430FF2B05
:1090500008BF84F8448094F84530FF2B08BF84F89B
:10906000458000F00FFF01A902A800F08DFC38BB7D
:1090700000F0F8FEA26BE36B9A420ED100F002FF03
:10908000019904F1100000F017FC2046FFF71AFFC9
:1090900000F060FB48B10127A3E700F0F3FE204693
:1090A000FFF710FF00F056FBF5E74FF0E0234FF01D
:1090B0008052C3F8042DBFF34F8FBFF36F8FEAE7E1
:1090C0002046FFF7FFFE00F045FBB2E7F8B5164675
:1090D00004461A46EFF311874FF0500383F31188CB
:1090E000BFF36F8FBFF34F8F806BE36B984201D359
:1090F000022A1BD194F84550A36B6DB22046FFF7AE
:1091000098FE6B1C0DD1636A3BB104F1240000F0A2
:10911000F7FB10B10EB101233360012087F31188F2
:10912000F8BD01356DB284F84550F6E70020F5E74B
:1091300038B50C46EFF311854FF0500383F31188D7
:10914000BFF36F8FBFF34F8F826BC36B934218D9FE
:1091500090F845100132FF294BB282630CD1436A6B
:1091600033B1243000F0CCFB10B10CB101232360EB
:10917000012085F3118838BD01335BB280F845309A
:10918000F6E70020F5E72DE9FF41002704460E46EB
:109190000192B84600F066FEA56BE5B13146204667
:1091A000013DFFF779FEA563236973B104F1100057
:1091B00000F0A6FB48B14FF0E0234FF08052C3F817
:1091C000042DBFF34F8FBFF36F8F00F05BFE0120C4
:1091D00004B0BDE8F081019B1BB900F053FE0020F4
:1091E000F6E717B902A800F0C3FB00F04BFE00F051
:1091F00015FA00F037FE94F84430FF2B08BF84F8CE
:10920000448094F84530FF2B08BF84F8458000F077
:1092100039FE01A902A800F0B7FB00BB2046FFF70A
:10922000FDFDB0B1019904F1240000F045FB20469A
:10923000FFF748FE00F08EFA48B94FF0E0234FF0F8
:109240008052C3F8042DBFF34F8FBFF36F8F0127F8
:10925000A0E72046FFF736FE00F07CFAF7E720464D
:10926000FFF730FE00F076FA2046FFF7D7FD002822
:10927000EDD0B4E730B5074A002352F8335002EB83
:10928000C3041DB942F83310606030BD0133082BB0
:10929000F3D1FAE76406012070B504460D46164680
:1092A00000F0E0FD94F84430FF2B04BF002384F865
:1092B000443094F84530FF2B04BF002384F8453038
:1092C00000F0E0FDA36B2BB93246294604F12400DF
:1092D00000F002FB2046BDE87040FFF7F3BD000040
:1092E000F8B51A4B1A4D1C680646286804300F461C
:1092F000FFF784FD40B92A681649D06A0B6801223D
:10930000824023EA02030B60731C07D137B129683E
:109310001148BDE8F8400431FFF74EBD2B68A41991
:109320005C6007D30D4B18682968BDE8F84004312C
:10933000FFF74DBD0A4B186829680431FFF747FD58
:10934000084B1A68A24288BF1C60F8BDC8060120FD
:10935000C0090120C4060120D00601201007012009
:1093600014070120AC060120064A13681968064B51
:1093700019B94FF0FF321A6070471268D268D2688C
:109380005268F8E714070120AC06012080B5154C9F
:10939000154F164E236873B9154B1B68012BF8D96E
:1093A0004FF0E0234FF08052C3F8042DBFF34F8FEE
:1093B000BFF36F8FEDE700F055FDFB68DD68281DFA
:1093C000FFF71CFD3368013B33602368013B2360DA
:1093D00000F058FD286B00F089FE284600F086FE5C
:1093E000D8E700BFE4060120E8060120CC060120F2
:1093F000400701202DE9F84F960007463046DDF87A
:109400002C900D46984600F0F1FD824618B94FF0B9
:10941000FF30BDE8F88F5C2000F0E8FD044600282E
:1094200000F0A980C0F830A03246A521504601F0D6
:10943000F5F8236B043E1E4426F00706002D00F0CD
:109440008C806B1E04F133020F3513F8011F02F8F4
:10945000011F09B1AB42F8D1002384F843300A9DC3
:109460001F2D28BF1F254FF0000B04F1040AE562F1
:10947000E5645046C4F850B0FFF79BFCC5F12005E9
:1094800004F11800FFF795FCC4F854B02461A561FD
:10949000646284F858B042463946304600F0B6FC63
:1094A0002060B9F1000F01D0C9F8004000F0DAFCEB
:1094B000334B344F1A68344E01321A603D68002D28
:1094C0004ED13C601B68012B1FD1B0464046013590
:1094D000FFF764FC202D08F11408F7D1DFF8D080E5
:1094E0002A4D4046FFF75AFC2846FFF757FC28480C
:1094F000FFF754FC2748FFF751FC2748FFF74EFCC5
:10950000264BC3F80080264B1D60264A2649136867
:10951000086801331360E26A6364012393400343E4
:1095200014200B6000FB02605146FFF745FC00F081
:10953000A9FC1E4B1B6873B13B68DA6AE36A9A4266
:1095400009D24FF0E0234FF08052C3F8042DBFF34F
:109550004F8FBFF36F8F01205BE784F834507EE7B5
:10956000124B1A68E36A002ACFD13A68D26A9A424B
:1095700098BF3C60C9E7504600F0B8FD47E700BF20
:10958000CC060120C0090120400701201807012056
:10959000FC060120E8060120D00601201407012066
:1095A00010070120B0060120C4060120C0060120DA
:1095B0002C07012013B5134B0193002412491348C3
:1095C000009423468222FFF715FF012818D100F0EE
:1095D0009BFA012814D14FF0500383F31188BFF395
:1095E0006F8FBFF34F8F0A4B4FF0FF321A60094B5A
:1095F0001860094B1C6002B0BDE8104000F0AABC26
:1096000002B010BDA8060120600303088D93020874
:10961000AC060120C0060120C8060120024A1368DA
:1096200001331360704700BFA4060120014B186886
:10963000704700BFC80601203B4B1B682DE9F74F60
:10964000002B69D1394B1C6801341C605CB9384A65
:10965000384B116818681060374A19601368013375
:109660001360FFF781FE354D354E2B68354F9C4218
:109670004FF0000B12D23A68D26A14214A43B25812
:10968000022A314A126828BF4FF0010B002A18BF86
:109690004FF0010B584603B0BDE8F08FDFF890A003
:1096A000DFF8AC90DAF8002012681AB94FF0FF32F8
:1096B0002A60E0E7DAF80020D268D2F80C80D8F807
:1096C00004108C4201D22960D5E708F10403184642
:1096D0000193FFF793FBD8F8281019B108F118008F
:1096E000FFF78CFBD8F82C00D9F80030012202FAE1
:1096F00000F119434FF0140CC9F800100CFB006086
:109700000199FFF759FB3868D8F82C10C26A9142CA
:1097100028BF4FF0010BC5E70C4A136801331360F3
:109720004FF0000BB6E700BFA4060120C8060120D9
:109730001407012010070120B4060120AC06012007
:1097400040070120C0090120B8060120BC06012005
:10975000C40601202DE9F84300F084FB2B4B1A6866
:10976000013A1A601C682CB1002400F08BFB2046E3
:10977000BDE8F883264B1B68002BF5D0254D264EFF
:10978000DFF8A4801FE0EB68DC6804F1040904F151
:109790001800FFF733FB4846FFF730FBE26A3168F9
:1097A000012707FA02F314200B4300FB028049460D
:1097B0003360FFF701FB194BE26A1B68DB6A9A42D0
:1097C00001D3174B1F602B68002BDCD10CB1FFF7C6
:1097D000CBFD144D2C6844B1114E0127FFF72CFF2F
:1097E00000B13760013CF9D12C600D4B1B68002B98
:1097F000BAD04FF0E0234FF08052C3F8042DBFF3EE
:109800004F8FBFF36F8F0124AFE700BFA406012085
:10981000CC060120FC060120C4060120C00901205D
:10982000B8060120BC0601204007012008B550B948
:109830004FF0E0234FF08052C3F8042DBFF34F8F59
:10984000BFF36F8F08BD0021FFF7E8FEFFF748FD6B
:10985000FFF780FF0028EBD0F4E70000114B1A68F7
:10986000114B30B512B101221A6030BD1A600F4B96
:109870001B68B3FA83F3DBB20D49C3F11F03142550
:1098800005FB03F2881808324468646844600A449F
:10989000944204BF6268426005FB03114B68DA68BA
:1098A000044BE1E7A4060120B8060120C40601200C
:1098B00040070120C009012010B5064B0C4619686D
:1098C0001831FFF784FA20460121BDE81040FFF768
:1098D00007BD00BFC009012038B5084B0D46196807
:1098E00014461831FFF768FA002C21460CBF2846B1
:1098F0004FF0FF30BDE83840FFF7F2BCC00901204F
:1099000038B5C368DC6804F118052846FFF776FA15
:10991000114B1B68E3B9251D2846FFF76FFA0F4965
:10992000E26A08680123934003430B600C4B142048
:10993000294600FB0230FFF73FFA0A4BE26A1B6838
:10994000DB6A9A4283BF084B01201860002038BDB3
:1099500006482946EFE700BFA4060120C4060120FF
:1099600040070120C0090120B8060120FC060120A3
:10997000034B1B680360034B1B684360704700BFC9
:10998000B4060120C806012070B50C46054600F05B
:1099900069FA0F4B196823685A1C10D00D482E68BD
:1099A00000686A68864201D08A420FD9881A8342C9
:1099B0000AD95B1A134423602846FFF7D9FF002415
:1099C00000F060FA204670BD002323600124F7E711
:1099D000C8060120B4060120014B01221A6070471D
:1099E000B8060120054B1B6833B1054B1868B0FA67
:1099F00080F040094000704701207047C0060120F8
:109A0000A4060120F8B5044608B90020F8BD036D8E
:109A1000C16AC26C013B91420365F6D0002BF4D1C0
:109A2000061D3046FFF7EAF9104F114A50B9E16AB6
:109A300014234B43FB582BB9136801258D4023EAAF
:109A400005031360E36CE362C3F12001A1611168B7
:109A5000012404FA03F514200D4300FB0370314682
:109A60001560FFF7A9F92046D0E700BF40070120A5
:109A7000C4060120914208B5416000610AD8D21A9B
:109A800083699A420DD2084B011D1868FFF79FF9B0
:109A9000002008BD9A4201D2994202D2034B011D17
:109AA000F3E70120F5E700BFD0090120D409012028
:109AB000F8B50F4C00F0D6F92568ADB90D4F0E4E34
:109AC0003846FFF76BF93046FFF768F90B4B1F601C
:109AD0000B4B2A46102105201E60FFF760FA20601C
:109AE00010B10849FFF7C6FBBDE8F84000F0CAB95D
:109AF000CC090120EC090120D8090120D40901205A
:109B0000D00901206503030807B5FFF7D1FF084B13
:109B1000186850B1074B01931F230093064907486B
:109B200000234FF48272FFF765FC03B05DF804FB7D
:109B3000CC090120C80901206A030308159C02080A
:109B40007FB50F4C0546206816461A4680B1052998
:109B5000CDE9001602950DDCFFF744FF0023022833
:109B600008BF089A206818BF1A466946FFF731FAFD
:109B700004B070BD00236946FFF7A8FAF8E700BFFC
:109B8000CC0901202DE9F347DFF884800646FFF772
:109B90004DFDD8F800308342054609D91A4F3B687D
:109BA0001A686AB9194A116839601360012300E024
:109BB000002328463360C8F8005002B0BDE8F087A3
:109BC000DB68DC68D3F8009004F1040A5046FFF724
:109BD00015F9236A2046984794F828305B07DED5AC
:109BE000A3694B44994506D23868636024615146A5
:109BF000FFF7EDF8D3E7002300934A4619462046C5
:109C0000FFF79EFFCBE700BFD4090120D009012058
:109C1000C40901202DE9F047624D88B000272B6868
:109C2000D3F80080B8F1000F50D0DB68D3F8008083
:109C30000024FFF7F3FC04A8FFF7A4FF049B5A4E8F
:109C40008246002B64D1002C47D140454BD3FFF70F
:109C500081FD2B68DB68D3F80C9009F10400FFF755
:109C6000CDF899F82830580732D5D9F8181043465E
:109C7000524641444846FFF7FDFE30B1009423466A
:109C8000424621464846FFF75BFFD9F82030484658
:109C900098473068002204A9FFF775FA0028BED063
:109CA000049B0698002B36DB069C6369002B39D198
:109CB00003A8FFF767FF049B0246092BE9D8DFE8FA
:109CC00003F0353535545B693535545B0124B0E715
:109CD00023F0010389F82830D7E7344B1B681C6850
:109CE000B4FA84F4640930682246A8EB0A01FFF74D
:109CF000D3FAFFF72FFD0028CBD14FF0E0234FF030
:109D00008052C3F8042DBFF34F8FBFF36F8FC0E7AE
:109D1000FFF720FDBDE7059B07999847049B002BA3
:109D2000B7DBC1E7201DFFF769F8C1E794F82830D9
:109D3000A16943F0010384F82830059B20461944AB
:109D4000FFF798FE0028A4D0236A2046984794F88D
:109D5000283059079DD5A2690599009700230A4428
:109D600020461946FFF7ECFE93E794F8283023F0DD
:109D7000010384F828308CE794F8283043F001037D
:109D800084F828300599A161034601442046FFF775
:109D900071FE7EE794F828309A07E8D4204600F058
:109DA000A5F976E7D4090120CC090120D0090120CA
:109DB00082B0002301934FF0500383F31188BFF367
:109DC0006F8FBFF34F8F019B002BFCD002B0704709
:109DD00008480068006880F308884FF0000080F3AE
:109DE000148862B661B6BFF34F8FBFF36F8F00DF89
:109DF00000BF000008ED00E0DFF80C00016841F44E
:109E0000700101607047000088ED00E04FF0807342
:109E100040F8043C074B40F80C3C21F001016FF086
:109E2000020340F8081C40F8202C40F8243C443839
:109E3000704700BFB19D0208000000000000000054
:109E4000074B19680868B0E8F04F80F30988BFF342
:109E50006F8F4FF0000080F311887047AFF30080E0
:109E6000C00901204FF0500383F31188BFF36F8FB7
:109E7000BFF34F8F024A136801331360704700BF6E
:109E800098000020034A1368013B13600BB983F369
:109E900011887047980000200000000000000000BA
:109EA000EFF30980BFF36F8F154B1A681EF0100F88
:109EB00008BF20ED108A20E9F04F10602DE909005D
:109EC0004FF0500080F31188BFF34F8FBFF36F8FB7
:109ED000FFF7C4FC4FF0000080F3118809BC19683B
:109EE0000868B0E8F04F1EF0100F08BFB0EC108A01
:109EF00080F30988BFF36F8F704700BFAFF3008016
:109F0000C009012008B54FF0500383F31188BFF357
:109F10006F8FBFF34F8FFFF78FFB28B14FF0E02318
:109F20004FF08052C3F8042D002383F3118808BD3D
:109F30004FF0E022002313619361054B4FF47A71D7
:109F40001B68B3FBF1F3013B5361072313617047B7
:109F50008C00002038B54FF0E0240025D4F8203DD7
:109F600043F47003C4F8203DD4F8203D43F070431F
:109F7000C4F8203DFFF7DCFF084B1D60FFF73CFFF6
:109F8000D4F8343F43F04043C4F8343FFFF720FF98
:109F9000FFF764FCFFF70CFF284638BD980000204F
:109FA00010B5104B1A461B688342FBD35468111935
:109FB000884201BF4168104609195160446801197F
:109FC0008B420CD1084909688B4203D0596821445F
:109FD000416019680160904218BF106010BD1946B9
:109FE000F8E700BF180A0120140A01202DE9F0410A
:109FF0000446FFF713FB3649364D0B680BBB364A58
:10A00000364E50071FBFD01D20F0070002F5C84292
:10A01000131A0CBF4FF4C84302461344083B23F005
:10A020000703002070603260C3E90000981AC2E99B
:10A0300000300B602A4B18602A4B18604FF0004329
:10A040002B602F68274241D1002C37D004F1080340
:10A0500062071CBF23F007030833002B36D0DFF85C
:10A060008480D8F800609E4230D31C4A1568686826
:10A07000984201D22C6834BB0968A94226D02968CD
:10A0800014681160C21A102A04F1080404D9E818EF
:10A0900042606B60FFF784FF6A681149B61A174384
:10A0A000114A0868C8F8006000232B6013686F60CD
:10A0B000864203F1010338BF0E601360FFF74AFBCD
:10A0C0002046BDE8F0812A462546D0E70024F5E782
:10A0D000140A0120000A0120200A0120180A012088
:10A0E0000C0A0120100A0120080A012010B50446BC
:10A0F00000B3114A50F8043C126813421AD050F8C9
:10A10000081CB9B923EA020340F8043CFFF786FAB9
:10A110000A4A54F8043C1168A4F108000B44136087
:10A12000FFF73EFF064A1368BDE810400133136095
:10A13000FFF710BB10BD00BF000A0120100A01206C
:10A14000040A0120002310B50446C0E90033C0E929
:10A150000433836081814366C2818361194608228A
:10A160005C3000F05BFA0D4B63620D4BA3620D4B4C
:10A17000E3620D4B23630D4B24629C4206D003F136
:10A180006802944202D0D0339C4205D104F15800B9
:10A19000BDE8104000F0CABA10BD00BFA9A3020874
:10A1A000CBA3020803A4020827A40208206E012002
:10A1B000024A0349034800F069B800BF9C00002030
:10A1C000A9B20208AC00002041680C4B994210B5BE
:10A1D000044601D001F068F8A168094B994202D009
:10A1E000204601F061F8E168064B994204D0204610
:10A1F000BDE8104001F058B810BD00BF206E01202E
:10A20000886E0120F06E012010B50B4B0B4C0C4AF0
:10A210001A60204600220421FFF794FF04F1680031
:10A2200001220921FFF78EFF04F1D0000222BDE8D0
:10A2300010401221FFF786BF586F0120206E0120C9
:10A24000B1A10208014800F072BA00BF616F01209D
:10A25000014800F06DBA00BF616F012010B50446DF
:10A26000FFF7F0FF236A1BB1BDE81040FFF7F0BF16
:10A27000044B2362044B1B68002BF5D1FFF7C4FF8E
:10A28000F2E700BFC9A10208586F01202DE9F84389
:10A290000746884614460026D4E90195B9F101091C
:10A2A00005D52468002CF7D13046BDE8F883AB898A
:10A2B000012B07D9B5F90E30013303D029463846B2
:10A2C000C04706436835E9E70FB407B5064904AB54
:10A2D000086853F8042B8168019300F0BBFC03B0BD
:10A2E0005DF804EB04B07047A8000020036A70B565
:10A2F000846805460E460BB9FFF7B0FF636EDB07B7
:10A3000005D4A389980502D4A06D00F010FAA389A2
:10A31000190702D52369002B35D12146284600F0C4
:10A32000FDF880B34FF0FF35636EDA0705D4A389DB
:10A330009B0502D4A06D00F0FBF9284670BD002BF0
:10A3400004DAA2699A4217DC0A2915D023685A1C3C
:10A3500022601970A36816F8011F013BA360002951
:10A36000EDD1002B11DA22460A21284600F098F898
:10A370000130D7D00A25D7E72246284600F090F8CA
:10A380000130E7D1CEE7013EE4E723685A1C2260A2
:10A390000A221A70EEE70000024B01461868FFF728
:10A3A000A5BF00BFA800002010B50C46B1F90E10E3
:10A3B00000F074F90028ABBF636DA3891B1823F468
:10A3C0008053ACBF6365A38110BD2DE9F0411F46EA
:10A3D0008B89DB0505460C46164605D5B1F90E10EE
:10A3E0000223002200F048F9A389B4F90E1023F4E7
:10A3F0008053A38132463B462846BDE8F04100F039
:10A400005FB910B50C46B1F90E1000F035F9431CD8
:10A41000A38915BF606523F4805343F48053A3815F
:10A4200018BFA38110BDB1F90E1000F015B930B5F9
:10A430001446002C9BB005461A4605DA8B230360B0
:10A440004FF0FF301BB030BD4FF40273ADF80C304D
:10A4500014BF04F1FF332346029305934FF6FF73B5
:10A4600000910491ADF80E3069461E9B00F0CCFAC5
:10A47000431CBCBF8B232B60002CE3D0009B00222D
:10A480001A70DFE707B5009313460A4601460348F2
:10A490000068FFF7CCFF03B05DF804FBA8000020C4
:10A4A000F8B50E461446054618B1036A0BB9FFF716
:10A4B000D5FEA369A360A3891A0701D5236943B90F
:10A4C0002146284600F02AF818B14FF0FF373846E9
:10A4D000F8BD23682269981A6369F6B28342374649
:10A4E00005DC2146284600F0DFFE0028EDD1A368F8
:10A4F000013BA36023685A1C22601E706269431CE2
:10A500009A4204D0A389DB07E1D50A2EDFD1214688
:10A51000284600F0C9FE0028D9D0D6E738B5294B27
:10A52000054618680C4618B1036A0BB9FFF796FE8A
:10A53000B4F90C30190722D4DA0607D409222A60AC
:10A5400043F04003A3814FF0FF3033E0580712D5AA
:10A55000616B41B104F14403994202D0284600F0F6
:10A56000FFF800236363A38923F02403A38100235E
:10A57000636023692360A38943F00803A3812369EF
:10A580004BB9A38903F42073B3F5007F03D02146B0
:10A59000284600F0D7FEB4F90C3013F001020AD0BF
:10A5A0000022A26062695242A261226942B913F09C
:10A5B0008000C5D138BD990758BF6269A260F4E731
:10A5C0000020F7E7A800002010B5013902449042AE
:10A5D00001D1002005E0037811F8014FA34201D01A
:10A5E000181B10BD0130F2E7884210B501EB0204E0
:10A5F00002D98442234607D8431EA14208D011F84D
:10A60000012B03F8012FF8E7024401468A4200D1EA
:10A6100010BD13F8014D02F8014DF7E7024403465F
:10A62000934200D1704703F8011BF9E70A7870B52F
:10A630006AB970BD9A4209D10C46054614F8013F2B
:10A64000002BF6D015F8016F9E42F7D00130037849
:10A65000002BEFD11846ECE738B5064D0023044631
:10A6600008462B60FBF718FA431C02D12B6803B194
:10A67000236038BD5C6F012038B5074D044608469D
:10A68000114600222A601A46FBF710FA431C02D139
:10A690002B6803B1236038BD5C6F012038B5074DCE
:10A6A00004460846114600222A601A46FBF700FAC3
:10A6B000431C02D12B6803B1236038BD5C6F0120BD
:10A6C00038B5074D04460846114600222A601A464E
:10A6D000FAF754FC431C02D12B6803B1236038BD48
:10A6E0005C6F012070B50D4D0D4C641BA41000264D
:10A6F000A64209D10B4D0C4C00F0D6FE641BA410F1
:10A700000026A64205D170BD55F8043B9847013696
:10A71000EEE755F8043B98470136F2E7B00303082B
:10A72000B0030308B0030308B4030308704770477D
:10A730007047034611F8012B03F8012B002AF9D1C9
:10A7400070470A44914200F1FF3300D1704710B5C1
:10A7500011F8014B03F8014F9142F9D110BD0000EF
:10A7600038B50546002941D051F8043C0C1F002B98
:10A77000B8BFE41800F0E0F81D4A136833B963600D
:10A7800014602846BDE8384000F0DCB8A34208D980
:10A79000206821188B4201BF19685B680918216085
:10A7A000EDE71A465B680BB1A342FAD9116850185D
:10A7B000A0420BD120680144501883421160E0D1BF
:10A7C00018685B68536008441060DAE702D90C230C
:10A7D0002B60D6E7206821188B4204BF19685B689C
:10A7E000636004BF091821605460CAE738BD00BF28
:10A7F000686F012070B50F4E0C463168054611B9DF
:10A8000000F0FEFD30602146284600F0F9FD431CB3
:10A8100003D14FF0FF34204670BDC41C24F0030464
:10A82000A042F8D0211A284600F0EAFD0130F2D10A
:10A83000EFE700BF646F01202DE9F843CD1C25F040
:10A84000030508350C2D38BF0C25002D064601DB0D
:10A85000A94204D90C2333600020BDE8F883DFF857
:10A86000D48000F069F8D8F800301C4644BB294673
:10A870003046FFF7BFFF431C044658D1D8F80040CC
:10A880002746002F43D1002C4BD023683946304651
:10A8900004EB030900F0B4FD814542D121686D1A33
:10A8A00029463046FFF7A6FF01303AD023682B44F3
:10A8B0002360D8F800305A6862BBC8F800700FE017
:10A8C0002268521B20D40B2A17D96119A342256094
:10A8D00018BF5960636808BFC8F8001062514B6028
:10A8E000304600F02FF804F10B00231D20F0070084
:10A8F000C21A1CBF1B1AA350AFE76268A3420CBF69
:10A90000C8F800205A60EBE723466468AEE73C468F
:10A910007F68B6E71A465B68A342FBD10023536009
:10A92000DEE70C233360304600F00CF894E7056056
:10A93000D6E700BF686F01200148FFF7F8BE00BFEF
:10A94000606F01200148FFF7F3BE00BF606F012078
:10A950002DE9F0478E681F46BE420B6882460C46C2
:10A9600090462DD8B1F90C2012F4906F26D065696D
:10A97000096905EB4505A3EB010905EBD5757B1CC2
:10A980004B446D109D4238BF1D46530527D52946BF
:10A99000FFF752FF064660B321694A46FFF7D1FE32
:10A9A000A38923F4906343F08003A381266165614A
:10A9B0004E44A5EB09052660A5603E46BE4200D97F
:10A9C0003E46206832464146FFF70EFEA3689B1BB9
:10A9D000A3602368334423600020BDE8F0872A4643
:10A9E00000F01EFD06460028E0D121695046FFF721
:10A9F000B7FE0C23CAF80030A38943F04003A381BB
:10AA00004FF0FF30E9E700002DE9F04F98468B89C1
:10AA10001B069DB007460D46144610D50B6973B949
:10AA20004021FFF709FF2860286130B90C233B6003
:10AA30004FF0FF301DB0BDE8F08F40236B61002365
:10AA4000099320238DF82930CDF80C803023DFF8CE
:10AA50009C818DF82A304FF0010923469A4613F85D
:10AA6000012B0AB1252AF9D1BAEB040B0BD05B46B6
:10AA7000224629463846FFF76BFF013000F0A780D9
:10AA8000099A5A4409929AF80030002B00F09F80EE
:10AA900000234FF0FF32CDE905230AF1010A0493A8
:10AAA00007938DF853301A935446052214F8011B6E
:10AAB0004E48D5F7A5FB049AD8B9D00644BF202349
:10AAC0008DF85330110744BF2B238DF853309AF87B
:10AAD00000302A2B15D0079A544600204FF00A0C5C
:10AAE000214611F8013B303B092B4BD9B0B10792FD
:10AAF00014E0A0EB080309FA03F313430493A246FE
:10AB0000D2E7039B191D1B680391002BBBBF5B425F
:10AB100042F0020207930793B8BF049223782E2BCA
:10AB20000AD163782A2B32D1039B1A1D1B6803922A
:10AB300043EAE37302340593DFF8C0A021780322CF
:10AB40005046D5F75DFB38B1049BA0EB0A004022CC
:10AB5000824013430134049314F8011B24488DF8F8
:10AB600028100622D5F74CFB002836D0214B1BBB02
:10AB7000039B073323F0070308330393099B3344F4
:10AB800009936AE70CFB02320C460120A8E7002378
:10AB90000134059319464FF00A0C204610F8012B9A
:10ABA000303A092A03D9002BC6D00591C4E70CFB23
:10ABB000012104460123F0E703AB00932A460E4B24
:10ABC00004A93846AFF30080421C0646D6D1AB89B3
:10ABD0005B063FF52DAF09982CE703AB00932A469F
:10ABE000054B04A9384600F0BBF9EDE772030308F2
:10ABF0007C0303080000000051A902087803030841
:10AC00009368013B002B10B4936008DA9469A34267
:10AC100001DB0A2903D15DF8044BFFF741BC13683F
:10AC2000581C1060197008465DF8044B7047F8B561
:10AC300006460F461446D518AC4201D1002007E065
:10AC400014F8011B3A463046FFF7DAFF431CF3D1F4
:10AC5000F8BD00002DE9F04F0D469DB01446984612
:10AC6000064618B1036A0BB9FFF7F8FA6B6ED907FD
:10AC700005D4AB899A0502D4A86DFFF758FDAB89BE
:10AC80001B0701D52B699BB929463046FFF746FCC7
:10AC900070B16B6EDC0704D54FF0FF301DB0BDE81E
:10ACA000F08FAB899805F7D4A86DFFF741FDF3E766
:10ACB0000023099320238DF82930CDF80C80302310
:10ACC000DFF8AC818DF82A304FF0010923469A460F
:10ACD00013F8012B0AB1252AF9D1BAEB040B0BD0DA
:10ACE0005B46224629463046FFF7A1FF013000F0BF
:10ACF000A780099A5A4409929AF80030002B00F074
:10AD00009F8000234FF0FF32CDE905230AF1010AAD
:10AD1000049307938DF853301A935446052214F880
:10AD2000011B5348D5F76CFA049AD8B9D10644BF31
:10AD300020238DF85330130744BF2B238DF8533055
:10AD40009AF800302A2B15D0079A544600204FF06D
:10AD50000A0C214611F8013B303B092B4BD9B0B10D
:10AD6000079214E0A0EB080309FA03F313430493DA
:10AD7000A246D2E7039B191D1B680391002BBBBFA2
:10AD80005B4242F0020207930793B8BF0492237814
:10AD90002E2B0AD163782A2B32D1039B1A1D1B68F4
:10ADA000039243EAE37302340593DFF8D4A02178D9
:10ADB00003225046D5F724FA38B1049BA0EB0A00D1
:10ADC0004022824013430134049314F8011B2948A4
:10ADD0008DF828100622D5F713FA00283FD0264B0D
:10ADE0001BBB039B073323F0070308330393099B23
:10ADF0003B4409936AE70CFB02320C460120A8E7AA
:10AE000000230134059319464FF00A0C204610F830
:10AE1000012B303A092A03D9002BC6D00591C4E78B
:10AE20000CFB012104460123F0E703AB00932A4603
:10AE3000124B04A93046AFF300800746781CD6D1E8
:10AE40006B6ED90705D4AB899A0502D4A86DFFF7BC
:10AE50006FFCAB895B063FF51FAF09981EE703AB9C
:10AE600000932A46054B04A9304600F079F8E4E740
:10AE7000720303087C030308000000002FAC0208E3
:10AE8000780303082DE9F047164698468A680B694F
:10AE9000DDF820909342B8BF1346336091F8432009
:10AEA00007460C460AB1013333602368990642BF56
:10AEB000336802333360256815F0060506D104F1C6
:10AEC000190AE36832689B1AAB4226DC94F84330D7
:10AED0002268003B18BF012392062BD404F14302E1
:10AEE00041463846C84701301ED02368226903F026
:10AEF0000603042B02BFE5683368ED1AA3680CBF94
:10AF000025EAE57500259342C4BF9B1AED1800267B
:10AF10001A34B5421AD1002008E0012352464146B6
:10AF20003846C847013003D14FF0FF30BDE8F08705
:10AF30000135C6E7E1185A1C302081F8430022444D
:10AF400094F8451082F843100233C7E701232246E4
:10AF500041463846C8470130E6D00136D9E70000FF
:10AF60002DE9FF470F7E0C9E782F914680460C46B8
:10AF70009A4601F1430207D8622F0AD8002F00F049
:10AF8000D280582F00F0B98004F1420684F8427054
:10AF90003AE0A7F16303152BF6D801A151F823F08D
:10AFA000F9AF02080DB0020889AF020889AF0208A4
:10AFB00089AF020889AF02080DB0020889AF020804
:10AFC00089AF020889AF020889AF02080DB10208F3
:10AFD00037B00208C7B0020889AF020889AF02087B
:10AFE0002FB1020889AF020837B0020889AF020802
:10AFF00089AF0208CFB0020833681A1D1B6832609F
:10B0000004F1420684F8423001239DE03368206851
:10B01000191D3160060601D51D6803E04506FBD504
:10B02000B3F90050002D03DA2D236D4284F843302C
:10B0300059480A2311E021683368080653F8045B75
:10B0400002D4490648BFADB26F2F5348336014BFD6
:10B050000A230823002184F843106668A660002EA6
:10B06000A2BF216821F0040121600DB9002E4BD050
:10B070001646B5FBF3F103FB1157C75D06F8017DDA
:10B080002F46BB420D46F4D9082B0BD12368DF07AE
:10B0900008D5236961689942DEBF302306F8013C78
:10B0A00006F1FF36921B2261CDF800A04B4603AAA1
:10B0B00021464046FFF7E6FE01304AD14FF0FF300F
:10B0C00004B0BDE8F087236843F0200323603348D1
:10B0D000782784F84570236831681F0651F8045BAF
:10B0E00002D45F0648BFADB23160D90744BF43F018
:10B0F000200323601DB11023ACE72748E9E723684C
:10B1000023F020032360F6E71646BDE73368256881
:10B110006169181D30602E061B6801D5196002E0B8
:10B120006806FBD51980002323611646BCE7336807
:10B130001A1D32601E68626800213046D5F760F83B
:10B1400008B1801B606063682361002384F843308A
:10B15000AAE72369324649464046D0470130ADD080
:10B1600023689B0713D4E068039B9842B8BF184636
:10B17000A6E70123324649464046D04701309DD0DC
:10B180000135E36803995B1AAB42F2DCEBE700257B
:10B1900004F11906F5E700BF8303030894030308CD
:10B1A000B1F90C202DE9F041160705460C4654D4A0
:10B1B0004B68002B02DC0B6C002B48DDE66A002E8E
:10B1C00045D0002312F480522F68216A2B6030D0C2
:10B1D000626DA389590705D56368D21A636B0BB1F9
:10B1E000236CD21A0023E66A216A2846B047431C22
:10B1F000A38906D129681D292BD82A4A0A41D607D6
:10B2000027D400226260D9042269226004D5421C3E
:10B2100001D12B6803B96065616B2F60B9B104F18E
:10B220004403994202D02846FFF79AFA0023636349
:10B230000DE001232846B0470246501CC9D12B68B7
:10B24000002BC6D01D2B01D0162B1ED12F60002045
:10B2500022E043F040031BB21BE00F69002FF6D041
:10B2600093070E6808BF4B690F6018BF0023A6EB59
:10B2700007088B60B8F1000FE9DD216AA66A434632
:10B280003A462846B047002808DCB4F90C3043F0B1
:10B290004003A3814FF0FF30BDE8F0810744A8EBE5
:10B2A0000008E7E7FEFFBFDF38B50B6905460C462F
:10B2B00013B90025284638BD18B1036A0BB9FEF74B
:10B2C000CDFFB4F90C30002BF3D0626ED00704D45C
:10B2D000990502D4A06DFFF72AFA28462146FFF708
:10B2E0005FFF636EDA070546E4D4A3899B05E1D4CA
:10B2F000A06DFFF71DFADDE770B50C46B1F90E1031
:10B30000002996B015461E460DDAA38913F0800F6A
:10B310004FF0000114BF40234FF4806300203160E0
:10B320002B6016B070BD6A4600F048F80028ECDBD0
:10B33000019901F47041A1F50053594259414FF46C
:10B340008063EBE78B89F7B59D0706460C4607D56A
:10B3500004F14703236023610123636103B0F0BD5F
:10B3600001AB6A46FFF7C8FF009F054639463046E5
:10B37000FFF762FA48B9B4F90C309A05EED423F01D
:10B38000030343F00203A381E2E7A389206043F0B3
:10B390008003A381019BC4E904075BB1B4F90E10DB
:10B3A000304600F01DF828B1A38923F0030343F0D1
:10B3B0000103A381A3891D43A581CFE738B5074DBC
:10B3C00000230446084611462B60FAF768FB431C2D
:10B3D00002D12B6803B1236038BD00BF5C6F012030
:10B3E00038B5064D0023044608462B60FAF75CFB8F
:10B3F000431C02D12B6803B1236038BD5C6F012070
:10B4000038B5064D0023044608462B6000F03EF890
:10B41000431C02D12B6803B1236038BD5C6F01204F
:10B420002DE9F041804615460C4621B9BDE8F041B2
:10B430001146FFF701BA2AB9FFF792F90024204616
:10B44000BDE8F08100F01AF88542064602D8B5EB57
:10B45000500FF4D829464046FFF7EEF9074600287A
:10B46000ECD0B5422A46214628BF3246FFF769F99B
:10B4700021464046FFF774F93C46E0E751F8043CAA
:10B48000181F002BBCBF0B58C0187047044A116826
:10B49000034609B9034911601068034413607047FB
:10B4A0006C6F0120706F0120F8B500BFF8BC08BCBC
:10B4B0009E467047F8B500BFF8BC08BC9E46704772
:10B4C00000112233445566778899AABBCCDDEEFF84
:10B4D00000112233445566778899AABBCCDDEEFF74
:10B4E000FF1FFF1F01E001E000000000B70C000893
:10B4F0006D180008000000001D1500088200820081
:10B500004A0200004E6F0A64617461001018100155
:10B510000204080102040862696E0000E79F000847
:10B520007BA0000807A1000800010203040506072C
:10B5300008090A0B0C0D0E0F101112131415161713
:10B5400018191A1B1C1D1E1F202122232425262703
:10B5500028292A2B2C2D2E2F3031323334353637F3
:10B5600038393A3B3C3D3E3F4041424344454647E3
:10B5700048494A4B4C4D4E4F5051525354555657D3
:10B5800058595A5B5C5D5E5F6061626364656667C3
:10B5900068696A6B6C6D6E6F7071727374757677B3
:10B5A00078797A7B7C7D7E7F8081828384858687A3
:10B5B00088898A8B8C8D8E8F909192939495969793
:10B5C00098999A9B9C9D9E9FA0A1A2A3A4A5A6A783
:10B5D000A8A9AAABACADAEAFB0B1B2B3B4B5B6B773
:10B5E000B8B9BABBBCBDBEBFC0C1C2C3C4C5C6C763
:10B5F000C8C9CACBCCCDCECFD0D1D2D3D4D5D6D753
:10B60000D8D9DADBDCDDDEDFE0E1E2E3E4E5E6E742
:10B61000E8E9EAEBECEDEEEFF0F1F2F3F4F5F6F732
:10B62000F8F9FAFBFCFDFEFF001122334455667762
:10B630008899AABBCCDDEEFF0055AAFF00FF8080F1
:10B6400080818182828384858687898A8C8D8F918F
:10B65000939597999B9EA0A2A5A7AAADAFB2B5500E
:10B660004C54450074455874004948445200745283
:10B670004E5300624B4744007A5458740069545842
:10B68000740074494D4500704859730067414D413D
:10B69000006348524D0073524742006943435000D3
:10B6A000494441540049454E440001000301020051
:10B6B000040000000800000008000000080000006E
:10B6C000040000000400000002000000020000006E
:10B6D0000800000008000000040000000400000052
:10B6E0000200000002000000010000000000000055
:10B6F0000000000004000000000000000200000044
:10B700000000000001000000000000000400000034
:10B710000000000002000000000000000100000026
:10B720000000000000000000963007772C610EEE4C
:10B73000BA51099919C46D078FF46A7035A563E988
:10B74000A395649E3288DB0EA4B8DC791EE9D5E0AF
:10B7500088D9D2972B4CB609BD7CB17E072DB8E7AE
:10B76000911DBF906410B71DF220B06A4871B9F303
:10B77000DE41BE847DD4DA1AEBE4DD6D51B5D4F43C
:10B78000C785D38356986C13C0A86B647AF962FDA1
:10B79000ECC9658A4F5C0114D96C0663633D0FFAEE
:10B7A000F50D088DC8206E3B5E10694CE44160D5F4
:10B7B000727167A2D1E4033C47D4044BFD850DD2DE
:10B7C0006BB50AA5FAA8B5356C98B242D6C9BBDBF1
:10B7D00040F9BCACE36CD832755CDF45CF0DD6DCEC
:10B7E000593DD1ABAC30D9263A00DE518051D7C893
:10B7F0001661D0BFB5F4B42123C4B3569995BACF1E
:10B800000FA5BDB89EB802280888055FB2D90CC63E
:10B8100024E90BB1877C6F2F114C6858AB1D61C1B7
:10B820003D2D66B69041DC760671DB01BC20D298D6
:10B830002A10D5EF8985B1711FB5B606A5E4BF9F63
:10B8400033D4B8E8A2C9077834F9000F8EA8099656
:10B8500018980EE1BB0D6A7F2D3D6D08976C6491C1
:10B86000015C63E6F4516B6B62616C1CD8306585DA
:10B870004E0062F2ED95066C7BA5011BC1F40882B7
:10B8800057C40FF5C6D9B06550E9B712EAB8BE8BF8
:10B890007C88B9FCDF1DDD62492DDA15F37CD38C81
:10B8A000654CD4FB5861B24DCE51B53A7400BCA37F
:10B8B000E230BBD441A5DF4AD795D83D6DC4D1A4B1
:10B8C000FBF4D6D36AE96943FCD96E34468867AD88
:10B8D000D0B860DA732D0444E51D03335F4C0AAA27
:10B8E000C97C0DDD3C710550AA41022710100BBE2A
:10B8F00086200CC925B56857B3856F2009D466B971
:10B900009FE461CE0EF9DE5E98C9D9292298D0B0A5
:10B91000B4A8D7C7173DB359810DB42E3B5CBDB752
:10B92000AD6CBAC02083B8EDB6B3BF9A0CE2B603D3
:10B930009AD2B1743947D5EAAF77D29D1526DB0488
:10B940008316DC73120B63E3843B64943E6A6D0DD3
:10B95000A85A6A7A0BCF0EE49DFF099327AE000A1E
:10B96000B19E077D44930FF0D2A3088768F2011EB1
:10B97000FEC206695D5762F7CB67658071366C1948
:10B98000E7066B6E761BD4FEE02BD3895A7ADA1069
:10B99000CC4ADD676FDFB9F9F9EFBE8E43BEB7174A
:10B9A000D58EB060E8A3D6D67E93D1A1C4C2D838D4
:10B9B00052F2DF4FF167BBD16757BCA6DD06B53F3A
:10B9C0004B36B248DA2B0DD84C1B0AAFF64A033679
:10B9D000607A0441C3EF60DF55DF67A8EF8E6E31F8
:10B9E00079BE69468CB361CB1A8366BCA0D26F2541
:10B9F00036E2685295770CCC03470BBBB91602228E
:10BA00002F260555BE3BBAC5280BBDB2925AB42BA2
:10BA1000046AB35CA7FFD7C231CFD0B58B9ED92CB7
:10BA20001DAEDE5BB0C2649B26F263EC9CA36A751C
:10BA30000A936D02A906099C3F360EEB85670772D3
:10BA400013570005824ABF95147AB8E2AE2BB17B3A
:10BA5000381BB60C9B8ED2920DBED5E5B7EFDC7CC1
:10BA600021DFDB0BD4D2D38642E2D4F1F8B3DD6818
:10BA70006E83DA1FCD16BE815B26B9F6E177B06F13
:10BA80007747B718E65A0888706A0FFFCA3B066600
:10BA90005C0B0111FF9E658F69AE62F8D3FF6B618D
:10BAA00045CF6C1678E20AA0EED20DD75483044E2F
:10BAB000C2B30339612667A7F71660D04D476949BD
:10BAC000DB776E3E4A6AD1AEDC5AD6D9660BDF40D0
:10BAD000F03BD83753AEBCA9C59EBBDE7FCFB24783
:10BAE000E9FFB5301CF2BDBD8AC2BACA3093B35368
:10BAF000A6A3B4240536D0BA9306D7CD2957DE5471
:10BB0000BF67D9232E7A66B3B84A61C4021B685D49
:10BB1000942B6F2A37BE0BB4A18E0CC31BDF055AC2
:10BB20008DEF022D10000000110000001200000037
:10BB300000000000080000000700000009000000ED
:10BB4000060000000A000000050000000B000000D5
:10BB5000040000000C000000030000000D000000C5
:10BB6000020000000E000000010000000F000000B5
:10BB700000000000000000000000000000000000C5
:10BB800001000000010000000200000002000000AF
:10BB90000300000003000000040000000400000097
:10BBA000050000000500000006000000060000007F
:10BBB0000700000007000000080000000800000067
:10BBC00009000000090000000A0000000A0000004F
:10BBD0000B0000000B0000000C0000000C00000037
:10BBE0000D0000000D000000010000000200000038
:10BBF0000300000004000000050000000700000032
:10BC0000090000000D0000001100000019000000F4
:10BC10002100000031000000410000006100000030
:10BC200081000000C100000001010000810100004E
:10BC300001020000010300000104000001060000F1
:10BC400001080000010C00000110000001180000B4
:10BC500001200000013000000140000001600000F0
:10BC600000000000000000000000000000000000D4
:10BC700000000000000000000000000000000000C4
:10BC800001000000010000000100000001000000B0
:10BC9000020000000200000002000000020000009C
:10BCA0000300000003000000030000000300000088
:10BCB0000400000004000000040000000400000074
:10BCC0000500000005000000050000000500000060
:10BCD0000000000003000000040000000500000058
:10BCE0000600000007000000080000000900000036
:10BCF0000A0000000B0000000D0000000F00000013
:10BD00001100000013000000170000001B000000DD
:10BD10001F000000230000002B0000003300000083
:10BD20003B000000430000005300000063000000DF
:10BD30007300000083000000A3000000C3000000A7
:10BD4000E300000002010000706E670089504E475A
:10BD50000D0A1A0A00EF808C0000210020000A085A
:10BD60000B080D300C300E380F38640063000000F3
:10BD70002564005375004D6F0054750057650054DD
:10BD8000680046720053610073BD020876BD020868
:10BD900079BD02087CBD02087FBD020882BD020891
:10BDA00085BD0208E8B40208215101080000000026
:10BDB0000000000000000000C300C300041C0000DD
:10BDC000EF819300EF8194002564202573004A6180
:10BDD0006E75617279004665627275617279004DA7
:10BDE0006172636800417072696C004D6179004A4C
:10BDF000756E65004A756C790041756775737400DE
:10BE000053657074656D626572004F63746F62652F
:10BE100072004E6F76656D62657200446563656D94
:10BE200062657200CEBD0208D6BD0208DFBD020801
:10BE3000E5BD0208EBBD0208EFBD0208F4BD020833
:10BE4000F9BD020800BE02080ABE020812BE0208BE
:10BE50001BBE0208E8B40208F95101080000000006
:10BE6000000000000000000064202B000000000023
:10BE7000323032330A323032320A323032310A3220
:10BE80003032300A323031390A323031380A323009
:10BE900031370A323031360A323031350A323031F8
:10BEA000340A323031330A323031320A32303131F1
:10BEB0000A323031300A323030390A323030380A02
:10BEC000323030370A323030360A323030350A32CA
:10BED0003030340A323030330A323030320A3230C5
:10BEE00030310A323030300A313939390A31393992
:10BEF000380A313939370A313939360A3139393561
:10BF00000A313939340A313939330A313939320A87
:10BF1000313939310A313939300A313938390A3150
:10BF20003938380A313938370A313938360A31392F
:10BF300038350A313938340A313938330A31393829
:10BF4000320A313938310A313938300A3139373922
:10BF50000A313937380A313937370A313937360A31
:10BF6000313937350A313937340A313937330A3103
:10BF70003937320A313937310A313937300A3139F4
:10BF800036390A313936380A313936370A313936D5
:10BF9000360A313936350A313936340A31393633D1
:10BFA0000A313936320A313936310A313936300AF6
:10BFB000313935390A313935380A313935370A31AD
:10BFC0003935360A313935350A313935340A31399E
:10BFD00035330A313935320A313935310A3139359B
:10BFE000300A313934390A313934380A3139343781
:10BFF0000A313934360A313934350A313934340AA0
:10C00000313934330A313934320A313934310A3171
:10C010003934300A313933390A313933380A313950
:10C0200033370A313933360A313933350A31393346
:10C03000340A313933330A313933320A3139333141
:10C040000A313933300A313932390A313932380A52
:10C05000313932370A313932360A313932350A311B
:10C060003932340A313932330A313932320A31390C
:10C0700032310A313932300A313931390A31393104
:10C08000380A313931370A313931360A31393135E7
:10C090000A313931340A313931330A313931320A0E
:10C0A000313931310A313931300A313930390A31D7
:10C0B0003930380A313930370A313930360A3139B6
:10C0C00030350A313930340A313930330A313930B8
:10C0D000320A313930310030310A30320A30330A15
:10C0E00030340A30350A30360A30370A30380A30F0
:10C0F000390A31300A31310A31320000E8B402081D
:10C100009153010800000000000000000000000042
:10C110006420D12700000000256C6400E8B4020808
:10C120005D550108FF54010800000000195F010877
:10C1300064200401C0080000E8B40208217101086D
:10C140000000000000000000F1710108040104017A
:10C15000010400006162630041424300312300EFAB
:10C16000808D00EF849C00456E74657200EFA2A282
:10C1700000EF959A002B2F2D000001000100010017
:10C180009201010001000100920101000100010083
:10C19000020001000100010001000100360037002B
:10C1A0003800390030002E002F002A003D00250005
:10C1B00021003F003C003E005C00400024002800BD
:10C1C00029007B007D005B005D003B002200270012
:10C1D00057005900550049004F0048004A005A00D6
:10C1E000580056004E002C003A0071007700700095
:10C1F0006A007A00760062006D000000D5C0020877
:10C20000F9C002082100030863C10208E90203081B
:10C21000D6FF0208E30003089CC1020855BD0208CE
:10C22000E90203089EC10208A0C10208A2C10208D7
:10C2300071C10208E902030875C10208A4C102081D
:10C24000A6C10208C0BD0208C4BD0208EA02030874
:10C2500001020102010201020102010201020102C6
:10C2600001020102820092010102010201020102A7
:10C2700001020102010201020102010201020102A6
:10C280000102010201020102010201020102010296
:10C290000102010201029201820006008200920165
:10C2A000D5C00208F9C0020821000308D6FF020821
:10C2B000E30003089CC102089EC10208A0C1020855
:10C2C000A2C10208A4C1020871C10208E902030860
:10C2D00054C10208BF01030877C10208A8C10208BF
:10C2E000AAC10208ACC10208AEC10208B0C102086E
:10C2F000B2C102085DC10208B4C10208B6C1020899
:10C30000E9020308B8C10208BAC10208BCC10208A8
:10C31000BEC10208C0C10208C2C10208C4C10208ED
:10C32000C6C10208C8C10208CAC10208CCC10208BD
:10C33000CEC10208E902030863C10208C0BD0208B9
:10C3400076030308C4BD020855BD0208EA020308CB
:10C35000950104020402040204020402040204021D
:10C36000040204020402870096010302030203028E
:10C370000302030203020302030203028700810295
:10C380008102010201020102010201020102010215
:10C3900081028102810292018200060082009201E4
:10C3A0005CC1020868030308D0C1020863030308E4
:10C3B0006CB60208A3B60208D2C10208D4C10208B2
:10C3C000D6C10208D8C102089EB6020871C102088F
:10C3D000E902030854C102088FB6020871B60208C8
:10C3E00076B602089203030881030308DAC1020843
:10C3F000DCC10208C2010308730203086DC1020810
:10C40000E902030850FF020877C10208DEC10208F2
:10C41000E0C102085AC10208E2C1020899B6020846
:10C42000E4C1020894B60208A6C10208E6C10208E7
:10C43000E8C10208E902030863C10208C0BD02089E
:10C4400076030308C4BD020855BD0208EA020308CA
:10C45000950104020402040204020402040204021C
:10C46000040204020402870096010302030203028D
:10C470000302030203020302030203028700810294
:10C480008102010201020102010201020102010214
:10C4900081028102810292018200060082009201E3
:10C4A0005CC10208EAC10208ECC102087DBD0208B5
:10C4B00083BD020867B60208EDBD020874BD02081C
:10C4C0002303030877BD0208EEC1020871C1020808
:10C4D000E902030858C1020886BD0208CCBD020863
:10C4E00071BD0208A30303084ABD020880BD02080B
:10C4F000F0C1020882020308870203086DC1020826
:10C50000E902030850FF020877C10208F2C10208DD
:10C51000E5FF020856C10208F4C10208F6C102088C
:10C5200019B50208F8C10208A6C10208E6C102084E
:10C53000E8C10208E902030863C10208C0BD02089D
:10C5400076030308C4BD020855BD0208EA020308C9
:10C55000A8FF0208117C0108000000000000000094
:10C56000000000006420322001040000E8B402084A
:10C57000157F01080000000000000000157D010883
:10C580001A001A008002000080000308000000006A
:10C59000000000000000000000000000000000009B
:10C5A000000000008CFF02080000000000000000F6
:10C5B000000000000000000000000000000000007B
:10C5C000E8B40208000000000000000000000000C5
:10C5D00000000000C300040100000000E8B40208ED
:10C5E000000000000000000000000000000000004B
:10C5F0000000000000000000E8B402080000000095
:10C60000000000000000000000000000000000002A
:10C6100000000000E8B40208000000000000000074
:10C62000000000000000000000000000000000000A
:10C63000E8B4020800000000000000000000000054
:10C64000000000000000000000000000E8B4020844
:10C6500000000000000000000000000000000000DA
:10C66000D127D12700000000E8B40208317F01087B
:10C670000000000000000000000000006420D1273E
:10C6800000000000E8B40208497F01080000000033
:10C6900000000000000000006420D127000000001E
:10C6A000E8B4020807810108F580010800000000D5
:10C6B000000000006420D12780020000E8B40208D6
:10C6C0006D7F0108297F01080000000000000000C4
:10C6D000C300040140060000E8B4020851830108C9
:10C6E00039830108000000006D830108000000008C
:10C6F000C0030000E8B402080000000000000000D1
:10C7000000000000000000006420642040020000DF
:10C71000E8B4020800000000000000000000000073
:10C72000000000000401D127800300007801030805
:10C73000858D01080000000000000000818E0108C6
:10C74000000000004107000054FF0208D98F0108D3
:10C7500000000000000000000000000000000000D9
:10C7600000000000E8B40208CD90010869900108BB
:10C77000000000008592010864206420000300008E
:10C78000E8B402085D940108000000000000000009
:10C79000000000000000000080020000E8B4020871
:10C7A0006D93010800000000000000000000000080
:10C7B0000000000080020000E8B40208D5940108DF
:10C7C0000000000000000000000000006420642061
:10C7D00040020000D5960108A99601081000030048
:10C7E00000FF0100F0C70208000000000000000088
:10C7F00098DA0208A8D5020804D5020808C8020879
:10C8000010000228FC02002018C8020863D40208A5
:10C81000C5D302083D310000000100000000000007
:10C820000001000002000000000200000000000003
:10C8300000000000000000000000010000000000F7
:10C84000000000000000000000010A0006FB0000DC
:10C850000000F4F3020B0504F7020B0109020700C4
:10C86000000000000000000000000D02FE000000BB
:10C870000000000000000000000400F900000000BB
:10C8800000FC04040000FE00FE0200FE00FEFFFCAF
:10C8900000000000FE0000FDFD0000FE00FC0000A6
:10C8A00000000000000000FEFE00FD00FA00E500B0
:10C8B00000FC0004070000FC02020704FC04000066
:10C8C000F30000000000000000000000F80000007D
:10C8D0000000000000000000000000FAFDF500F775
:10C8E000FE00000000000900F9FEFF0100FC00004E
:10C8F000FEEF0000000000000000000000EEFE0956
:10C90000000000000000000000000000F700000030
:10C91000000000000000000700020000FC00000012
:10C9200000000000000000000000000000000902FC
:10C9300001000000000000000000000000000000F6
:10C9400000000000000000000000000000000000E7
:10C950000000000000000000F800000000000000DF
:10C9600000000000000000000000000000000002C5
:10C97000040207FE000004FEF9E102060400FD00C7
:10C98000080007000700EB00FD070007FE04020097
:10C990000001FE0000FC120012000700090304075A
:10C9A000000000F80000000001FE0002FCFDFC0297
:10C9B00000FE000000F70000000000000000000082
:10C9C00000F1000000000000000000000000000076
:10C9D0000001F400F200000000FE0016FDFD02025E
:10C9E000FE00FD020000F400000000000000000056
:10C9F0000000EA000200000000000000000000004B
:10CA000000F2000D0000F8000700F1EAF1FC070059
:10CA100000F10003FB00FD0000000000000000002A
:10CA20000000000607E50000000000000000000014
:10CA300000000B000200000000000202FDFC00FFED
:10CA4000FFFE0000FE000000FC00FE00FBFC00FA00
:10CA5000F9F9FC00FC00FC00000000FE00000200F0
:10CA600002FE000100000002FE000000FE0202FFC4
:10CA7000000000FC00FF0000000000010003FE00B9
:10CA8000FD00FC0000FE00070000FE0000000000AA
:10CA9000FF01FEFE0000FE00FE000000000000009E
:10CAA0000000FFFF00FEFD0000000000010000FE8E
:10CAB00000FEFEFE000000000000000000FF00007D
:10CAC0000000FEFD00FD00F9FEF9040000FC020478
:10CAD0000600FAFFFD00FFF502FE02F4020000016D
:10CAE000F400F4FEEDFE00F5000406000300000073
:10CAF000000000FCFD00F9000000FE000000FE0048
:10CB000000000000FFFF00FFFD000000000000002B
:10CB1000FEFE00FEFDFE0000FE0000000000000022
:10CB200000000000FEFE00FD00FE00FC020000FD13
:10CB3000010202000000000000FE000000000002F0
:10CB40000000FE00FEFEFD000000000000000200EC
:10CB5000FE00000000FEFD00FC0007FE01F90000E1
:10CB600006F5F4F7FC0200FEF1FC00FC00FC03FCFF
:10CB7000F200FA000001FF02FE000200F9F700F5E2
:10CB8000FBFBFBF9FDFA00FCFA01000100FE0000CE
:10CB9000000200020000000000000000000000FE93
:10CBA00000FF00FFFE00FCFBFBFF00F9000000009F
:10CBB0000000FE0000000001FF0000000200000075
:10CBC00000000000000B0000000000000200000058
:10CBD000FE0000000000000000000000FC00020059
:10CBE000000000000000000000000000FE00000047
:10CBF000FC00000000F5F9000000FDF50000FE0259
:10CC000000FA00000000000000000000FC0000FC32
:10CC10000000000000000000000000000200FC0016
:10CC2000000000030002FCFC00FEFEFD000000000E
:10CC30000000F900FE00FDFE00FBFAF9FE00FC001A
:10CC4000F900000000120000010000FD000200F6E3
:10CC50000000000000EBFC0707FEF70002FD00F5F6
:10CC6000FFFD02F0FE030003F8FDF8F9F70000F302
:10CC7000000D0000FF000000FFFFFEFAF900EB00CE
:10CC800000000000000000000100000000000000A3
:10CC9000000000000000000000FE00FFFEFD00009C
:10CCA000FC00FE000000000000000000000000008A
:10CCB0000000FF00FC000004FF0300FB02FEFFFA7F
:10CCC000FE00FDFEFE00FDFC0000FEFFFEFCFD0080
:10CCD00000FE0002FE00FB000000FC00FC00FCFC6B
:10CCE000020000000000000000FC0200FD00FEFD4C
:10CCF000F9FEFEFEFFFEFDFF0000000000FEFEFE4E
:10CD00000000000003FE00FE000000FEFDFEFEFD30
:10CD1000FE000209FF00FA00FE0400FEF7FD03001A
:10CD200000F5FC02FC0200FEFEF900FD010000FC23
:10CD30000000000202FCFC00FCFEFDFEFE00FC0107
:10CD4000FCFC0700000000000000000002000000E2
:10CD500000000000000000000000000000000000D3
:10CD600000000000FC0000000000000000000000C7
:10CD700000000000000000000000000000000000B3
:10CD800000000000000000000000000000000000A3
:10CD9000FE00000000000000000000000000000095
:10CDA0000000000000000000000000000000FEFE87
:10CDB000000000000000000000000000FD0000FD79
:10CDC0000000FEFE00000000FE00000000FF00006A
:10CDD000000000FE00000000FD00FC000000F90063
:10CDE00002FB0400FEF50000FBFE00F7FAFA00006B
:10CDF000F6FEF7F7F500FA00020FFD00FBFEFFFE5E
:10CE0000FCFAFCF8F7FBFE0000FE00010000F0FE5B
:10CE10000705FBF80001F900F5FEFE04EBFD01003B
:10CE200000F1FDF4FEF00000F0000D0100FE000036
:10CE30000000FFFEF7FE00F100000000F900FE0018
:10CE4000FFFAF50000FFFDF9FE00FE00000000F60D
:10CE5000FEF9F9FEFCFAFEFC00FCFEF9FD00FDFC0B
:10CE6000FEFC000100FEF9000400FC0000000003CD
:10CE70000002FC0900FEFEFD000000000000F900B9
:10CE8000FE00FDFE00FBFAF9FE00FC0209000000B6
:10CE900000120000010000FD000200000000000080
:10CEA0000000000000000000FEFC0000000000FF89
:10CEB000000000FEFE0000FCFE0000FC0004FF007D
:10CEC00000000000000100000000030402FE00F961
:10CED000FC0007F9F9FCFC090402EDFE04FE00FE6B
:10CEE00002FEF800FE02FDFEF9FE0000070400FA53
:10CEF00000F4FD06FDF701FDF9F9FE090200FD0051
:10CF0000FA000207FBF8F7FA070001F0FE02FCFE48
:10CF1000FB00FBF8FDFDFE0000FBFBFE000705FE2D
:10CF2000F400F4FD00F8F3FFF9FCF9FA060000FD47
:10CF300000FCFE00FEFC0004F9020000F400FEFB11
:10CF4000FCFEF9FAF9FB00F9FEFBFCF9FE0000011A
:10CF50000BFC00F9FE00FEFCFBFAFAF7FDFC0400F6
:10CF6000FD00F5FD0104F9F8FCF907FE01EBFC04F6
:10CF7000FBFCF800F9F7FDFEFEFEFBF9FF000007E1
:10CF800006FEF100F3FB05F7F1FCF8F7F5F90400F4
:10CF9000000000FD000002FD0402FC040000F9FF97
:10CFA00000FF000101FE000000000000FE00000084
:10CFB0000002070000FD00000000FEFEFD00000072
:10CFC0000102000000000200FE000900040101FD52
:10CFD000000400000002000000000000000000004B
:10CFE0000007000600000000000000000000000034
:10CFF0000000F300FE04000700001603FCFC020220
:10D00000FE01F500000BF30000000000000000002E
:10D010000000F1091F0000000000000000000000F7
:10D0200000F300000000000000000000000000000D
:10D03000000000000000000000000000FC0000FCF8
:10D04000FE000000000000000000000000000000E2
:10D0500000000000FE00FA0000010000021DFCFEBE
:10D060000706FA0200000202FD00000000000000B6
:10D0700000000000E30600000000000000000000C7
:10D0800000000000000000FA000000FA00000000AC
:10D09000FBFF000000FB00FD00F5000000000000A9
:10D0A0000000000000F1000000000100000000008E
:10D0B00000FE0000FC00FD00FA000000FC02FD0084
:10D0C00000FAFEFB0000FA00FE00F500FE0000EE94
:10D0D000FCF7FEF80000F100FAFF0000000000007D
:10D0E0000000FDFCFEFC00000000FB00FB03FE0452
:10D0F00000FEFBFEFCFC00FDFFFE02FAFF0000004C
:10D10000ECFEFD00FB00FEF5FE0000FEFE00000050
:10D11000000200FEFCFE0400000000000000000011
:10D1200000000000000000000000000000000000FF
:10D1300000000000000000000000000000000000EF
:10D14000000003000000000000FB00FE000000FCE7
:10D1500002000000FAFEFC0000FA00FE00F50000EC
:10D160000000EA00FCF8F50000F100FEFD00000000
:10D170000000000000FEFDFFFD01000004FD0007AF
:10D180000BFEFEF9030B0405FA030903060506006E
:10D19000000000000000000000000E0BFCFE00FE7E
:10D1A000120A12000000020000080000FC0000004B
:10D1B000000000000000FE0000000000000000036E
:10D1C00000000000EDFDFEF7F50000F1000000009A
:10D1D00000000000000000000000000000FC000053
:10D1E00000000000000000FE000000000000000041
:10D1F0000300000000EDFDFEF7F50000F700000061
:10D20000000000000000000000000000000000001E
:10D21000FE000000FB0200FE020402F90000FE0214
:10D22000000200000000FA00FEFEFC00FEF7000E07
:10D23000FE00FBFE00FEFC00FEFAFCFD000000FC10
:10D24000000000000000000000FE000000000000E0
:10D2500000000300000000EDFDFEF7F50000F10006
:10D2600000000000000B00000000000000000000B3
:10D27000FC00F9FDFE07FEFEF701FF01FEFA0005C6
:10D2800000020102FBF7FD00F7FCFAF7F700FCFCD7
:10D29000FDFDFEFEFDFE00FEFF030003FE00070095
:10D2A0000000000000000000000000FEFEFE000084
:10D2B000FA00FF00FC000000000000000000000079
:10D2C000F30000000000000000000000FEFE00FD72
:10D2D00000000000FE0000FCFE0200FCFCFE00FA64
:10D2E000FEFBFEFD00FC000000000000000000004E
:10D2F00000F100070000FC00000000FD00FE00003F
:10D30000FF0000FE00FB000009FDF9F90202020027
:10D31000FA020302070207FEFA0000F70000F9FA1A
:10D320000000FC00FDFC00FD00FD00FE0300FEF916
:10D33000FE080000FE00FC000003FB0002FE0200ED
:10D3400000F900FEFF00FE02FE000000F7FDFB00FA
:10D35000F90000F50008FE00FC000100FE00FEF9E7
:10D3600000FE0200000000FE000002FD010000FDC2
:10D37000FE00FD00000000000000000000000000B2
:10D3800000000000F200050000FE000000000000A8
:10D39000FEFE0000000400050000000000F2F301A2
:10D3A0000A0704F70209000800040000000000005A
:10D3B00000000000000C0000000000000000000061
:10D3C000000000000000000102000304050206073F
:10D3D00008090A090A0B0C0D0E0F10110C12131478
:10D3E000151500000016171819171919191719190A
:10D3F0001A1919191917191719031B1C1D1D1E1F9E
:10D40000202122230024002526272727002726283D
:10D410002926262A2A272A272A2B2C2D2E2E2F2E64
:10D420003000002309310900000000000000000066
:10D4300000000000000000000000000000000000EC
:10D4400000000000000000000000000000000000DC
:10D4500000000000000000000000000000000000CC
:10D46000000000000001020003040502060708098D
:10D470000A090A0B0C000D0E0F101112130C1414D4
:10D480000000001516171819161A1B1C1D1D1E1F4B
:10D49000201D1D1621222303241E25252627282989
:10D4A0002A2B002C002D2E2F303132332D343435E1
:10D4B000302D2D2E2E36373839333A3A3B3A3C2927
:10D4C0000000093D0900000000000000000000000D
:10D4D000000000000000000000000000000000004C
:10D4E000000000000000000000000000000000003C
:10D4F000000000000000000000000000000000002C
:10D5000000000000200000005F000100000000009B
:10D510000000000000000200B0000000F3F760000F
:10D520002CD50208000000003E0003000000721F1E
:10D5300051EF58EF5BEF5CEF5DEF61EF63EF65EF8D
:10D5400069EF6CEF71EF76EF77EF78EF8EEF93EF97
:10D5500098EF9BEF9CEF9DEFA1EFA2EFA3EFA4EF5D
:10D56000B7EFB8EFBEEFC0EFC1EFC4EFC7EFC8EF42
:10D57000C9EFCBEFE3EFE5EF14F015F017F019F07A
:10D5800030F037F03AF043F06CF074F0ABF03BF170
:10D5900090F191F192F193F194F1D7F1E3F13DF231
:10D5A00054F2AAF412F7F2F70000000000000000A5
:10D5B0000000C003000000000000C003030A0000D8
:10D5C0000F008005050500051C00D0090A0A0000AF
:10D5D0004E00B008090F00FE9200D00B0C0A0000AC
:10D5E000CE00A0090A0B00FF0501F00203050005AB
:10D5F0000D01B004040E01FD2901C004040E00FD5C
:10D600004501A0050606000557012008080700028D
:10D6100073013003030500FE7B0160050503000371
:10D6200083013003030300008801F004070EFFFFAD
:10D63000B9015009090A0000E6013005040A00009A
:10D64000FA011008080A000022020008080A000077
:10D650004A0260090A0A00007C021008080A000059
:10D66000A402A008090A0000D1026008080A00000C
:10D67000F9020009090A00002603A008080A0000B0
:10D680004E033003030800005A033003030B00FD70
:10D690006B032008080800018B032008080600021D
:10D6A000A303200808080001C3030008080A0000BB
:10D6B000EB03800E0E0D00FD4604400A0C0AFF002D
:10D6C0008204A00A090A0100AF04200A0A0A000025
:10D6D000E104900B0A0A010013056009080A010021
:10D6E0003B05E008080A01006305D00A0A0A0000A9
:10D6F0009505600B090A0100C2055004020A0100E9
:10D70000CC053007070AFF00EF05100A0A0A0100DE
:10D7100021065008080A01004906600D0B0A0100A5
:10D720008006600B090A0100AD06C00B0C0A000060
:10D73000E906200A090A01001607C00B0C0D00FDBE
:10D740006407300A090A01009107B008090A0000BD
:10D75000BE073008090A0000EB07100B090A010098
:10D760001808F0090B0AFF004F08C00F100A00004C
:10D770009F0870090A0A0000D10810090B0AFF006F
:10D7800008093009090A00003509B004040E01FD3A
:10D790005109F004070EFFFF8209B004040E00FDDA
:10D7A0009E09300807060102B3090007070100FFC0
:10D7B000B709600805020109BC09600808080000F3
:10D7C000DC099009080B0100080A0008080800009D
:10D7D000280A9009090B00005A0A9008080800005E
:10D7E0007A0AF004060B00009B0AB009090B00FD41
:10D7F000CD0A9009080B0100F90AE003020B0100B1
:10D80000040B0004050EFEFD270BA008080B010009
:10D81000530BE003020B01005E0BD00E0D0801005C
:10D82000920B900908080100B20BE00809080000FB
:10D83000D60B9009080B01FD020C9009090B00FDA5
:10D84000340CC00505080100480C0007070800005B
:10D85000640CD005060A0000820C8009080801004B
:10D86000A20CD0070908FF00C60C900C0D080000A0
:10D87000FA0CC007080800001A0DD007090BFFFDBD
:10D880004C0D500707080000680DF004050E00FD60
:10D890008B0D3004020E01FD990DF004050E00FD04
:10D8A000BC0D200808030003C80DE00506050006AE
:10D8B000D70D600404030003DD0D000E0F0FFFFE03
:10D8C0004E0E000E0E0B00009B0E000E0E0D00FF04
:10D8D000F60E000E0E0B0000430FA0090A0B00000D
:10D8E0007A0F000E0E0F00FEE30F000E0E0F00FE6B
:10D8F0004C10C00F100D00FFB410000E0E0F00FEF4
:10D900001D11C00F100B00007511000E0E0F00FE50
:10D91000DE110007070C00FF0812800A0B0C00FF45
:10D920004A12C00F100E00FEBA12000E0E0B0000BD
:10D930000713A0090A0F00FE5213400C0A0E01FE45
:10D940009813400C0D0F00FEFA13400C0D0D00FF54
:10D950004F14400C0D0D00FFA414400C0A0E01FEE4
:10D96000EA14400C0E0DFFFF4515C008090D00FF1D
:10D970008015C008090D00FFBB15400C0D0D00FF00
:10D980001016400C0D0400032A16C00F100B0000E7
:10D9900082168011120F00FE0917C00F110FFFFE33
:10D9A0008917000E0E0D00FFE417400C0D08000152
:10D9B0001818400C0D0800014C188011120B0000C3
:10D9C000AF18000E0E0B0000FC18000E0E0F00FE2C
:10D9D0006519000E0F0FFFFED619400C0D0D00FF4C
:10D9E0002B1A400C0D0F00FE8D1A400C0D0D00FF80
:10D9F000E21A400C0D0C00FF301B000E0E0B000055
:10DA00007D1BC0080A0FFFFEC81B400C0D0F00FE57
:10DA10002A1C400C0D0F00FE8C1CC00F100B0000C8
:10DA2000E41C000E100FFFFE5C1D800A0B0F00FEB1
:10DA3000AF1D8011120D00FF241E8011120A00007C
:10DA40007E1E8011120A0000D81E8011120A0000EA
:10DA5000321F8011120A00008C1F8011120A000070
:10DA6000E61F8011120C00FF5220400C0C0F00FE2C
:10DA7000AC20400C0D0F00FE0E21000E0F0FFFFE1C
:10DA80007F218011120B0000E221800A0B0F00FEA3
:10DA90003522100E0F0A00000EA0D90D90C80C8080
:10DAA000B70A60110B80D91F0991F0881F0880F018
:10DAB00088000000000D203C00000F0069002FFFCF
:10DAC000FFFFF7015C11A610006900C30000880089
:10DAD000D2009FFFFFFFF012C523E22000D203C057
:10DAE0000000F004B0000000700000000E00000014
:10DAF00000E0000019EFEA300CD6E6A702F40E00B1
:10DB0000001F80E000006FEF50000016FFE50000EE
:10DB10000E0AF00100E05F13F85E6EB005CFFE91D3
:10DB200000000E0000000070000008DD3000A700BB
:10DB30004B02D004C0007700D01D20004B03D0A7BB
:10DB4000000007DC34C4CC3000001D2D22D00000C2
:10DB5000A63B00B30005C03A00A3001D200D00D075
:10DB600000A60004CC40004DFC300000F718C000B7
:10DB700001F205D00000BB6E4000005FF30000071B
:10DB8000E6DB03802F301DBAA05F0001DF401FB429
:10DB900048FEC003BFFC40B200000000001F01F0BF
:10DBA0001F00F0000003F10B900F404F007D009B21
:10DBB00000AA00AA009B007D004F000F400B9003BD
:10DBC000F15E000E6008C004F001F300F500E6000D
:10DBD000E600F501F304F008C00E605E000093005B
:10DBE00088A6C209FE404DDDB142935000520000AC
:10DBF0000450000008A0000008A0001FFFFFF3036E
:10DC000039B3300008A0000008A0000103F61E6030
:10DC1000E12C00000003FFF90333100003F52E4050
:10DC200000000E400004E000009A00000E400004D6
:10DC3000F000009A00000E400003F000009A00007F
:10DC40000E500003F000009A00000E500003F00098
:10DC500000004CFE70004FB68F900DB0005F32F4A4
:10DC60000000E74F20000CA4F20000CA2F40000E75
:10DC700070DB0005F204FB68F90004CFE700EFFB5E
:10DC800044CB00AB00AB00AB00AB00AB00AB00ABD8
:10DC900000AB07DFEA108E857EC0010006F10000B0
:10DCA00006F000000D900000CC00001CC00001DB5D
:10DCB00000001DE544427FFFFFF97FFFFFF0244491
:10DCC0005F900000BC000009E100003FD810000494
:10DCD0006DD0000002F4100002F4BD757DD019DF94
:10DCE000EA1000000DA0000000AC00000007E100F9
:10DCF00000004F40100002F600F5001DA000F500E6
:10DD00007FFFFFFFF3133333F730000000F500000F
:10DD10000000F50009FFFFF00AB444400C80000049
:10DD20000E7000000FFFFC4003345CF2000000F7AF
:10DD3000100000F78E856CF108DFFB30002AEFD56C
:10DD4000003FD657400CC0000002F40000004F5BBB
:10DD5000FFA104FE845DD03F80003F30E80003F265
:10DD600006F845DC0005DFE9109FFFFFFD9D4444F8
:10DD7000E99C0004F200000BB000002F400000AD51
:10DD8000000001F6000008E000000E8000006F10A7
:10DD900000019EFE9100BE636EC00F60006F00CC5C
:10DDA000202BC002EFFFE200DC424CD05F20001FBE
:10DDB00055F20002F50ED535DE001AEFEA1003BF6A
:10DDC000EA202FA44BE18E0000E99D0000DD4F7199
:10DDD00029FF07FFFC9E000210AC000002F6076559
:10DDE0008FB00AEFD7002E53F50000000000003F6F
:10DDF00052E42E53F50000000000002E52F60D21D3
:10DE0000D001000000003100006CF2018ED6000F3E
:10DE1000C300000AFB40000017EE70000005C300BD
:10DE20000000001FFFFFF303333330000000000049
:10DE30000000001FFFFFF303333330040000000E27
:10DE4000D71000005CF92000002AF20003AFB106F1
:10DE5000DE82001C6000000000000007DFEA109E68
:10DE6000746EC0010006F0000009C000008E2000A2
:10DE700006F2000008700000000000000B800000A7
:10DE80000C900000006CEFDA4000003DA41016D9A1
:10DE90000001E509EE98CA900A80BD43AFC0D30FD8
:10DEA00013F2000CC0693C06D00007C03B4B06D003
:10DEB0000007C02C3C03F2000CC04A0F10BD439E6B
:10DEC000E3C50A8009EE91CF9001E5000000000053
:10DED000003DA41028000000007CEFD910000000D5
:10DEE0000CF1000000003FD700000000B96E0000F8
:10DEF0000002F20E50000009A007D000001F300001
:10DF0000F400007FFFFFFB0000E733334F2005F0F4
:10DF100000000C900C90000006F18FFFFEC408E397
:10DF2000334BF28E00001F58E00018F18FFFFFF80E
:10DF300008E33337F68E000009C8E000009D8E33F9
:10DF4000347F78FFFFFD700007CFFB4000CF966A5B
:10DF5000F50AE20000301F600000004F20000000C2
:10DF60004F200000001F600000000AE200003001A6
:10DF7000CF966AF50007DFFB408FFFFEA4008E44BA
:10DF800046CF708E000007F38E000000DA8E00008E
:10DF9000009D8E0000009D8E000000DA8E000007BC
:10DFA000F38E4446BF708FFFFEA4008FFFFFF68EF6
:10DFB0004444418E0000008E0000008FFFFFC08EA1
:10DFC0003333208E0000008E0000008E4444428FC8
:10DFD000FFFFF98FFFFFF68E4444418E0000008E54
:10DFE0000000008E0000008FFFFFC08E3333208EB4
:10DFF0000000008E0000008E0000000007CFFC50E3
:10E0000000CF966AF60AE20000201F600000004F71
:10E01000200000004F200000B91F600000B90AE393
:10E020000000B900CF966AF80007DFFC608E0000A0
:10E0300008E8E000008E8E000008E8E000008E8F07
:10E04000FFFFFFE8E333339E8E000008E8E00000A6
:10E050008E8E000008E8E000008E8E8E8E8E8E8EF2
:10E060008E8E8E8E02FFFFC00444BC000009C000EB
:10E07000009C000009C000009C000009C02000BAFC
:10E080000EB58F603CFE808E00004F508E0004F66F
:10E09000008E003F70008E03F800008E2EC000003E
:10E0A0008EECF600008FB07F30008E000AE1008E0B
:10E0B0000000CC008E00001EA08E0000008E00002C
:10E0C000008E0000008E0000008E0000008E000018
:10E0D000008E0000008E0000008E4444408FFFFF41
:10E0E000F28E00000008E8F7000002FE8FF1000049
:10E0F000BFE8DCA0004F9E8D2F300D87E8D09C0636
:10E10000E07E8D01E7E507E8D006FC007E8D000A81
:10E110002007E8D00000007E8E100008E8FC000018
:10E120008E8FF90008E8E6F6008E8E09F308E8E025
:10E130000CE18E8E001EB8E8E0003FEE8E00006F0E
:10E14000E8E00000AE0007CFEB500000CF966BF97F
:10E15000000AE200005F601F6000000AD04F20004C
:10E160000006F04F20000006F01F6000000AD00AF1
:10E17000E200005F6000CF966BFA000007DFEB5013
:10E18000008FFFFD7008E4458FB08E00005F38E01F
:10E190000001F58E00003F48E0014DD08FFFFFB237
:10E1A00008E33310008E00000008E00000000007C4
:10E1B000CFEB500000CF966BF9000AE200005F60E1
:10E1C0001F6000000AD04F20000006F04F20000022
:10E1D00005F01F6000000AD00AE200005F6001DF66
:10E1E000855AFA000008DFFC5000000001EC219481
:10E1F0000000001BFFC10000000012008FFFFD7037
:10E2000008E4458FB08E00005F38E00001F58E0015
:10E21000003F38E0014DD08FFFFFC208E333DA0042
:10E220008E0002F608E00005F3019EFDA200CE6418
:10E230006B702F40000001F800000006FD95000003
:10E24000016AEE500000009F00200005F13FA54745
:10E25000EB004BEFE910FFFFFFFF2444BD444000FB
:10E2600009C00000009C00000009C00000009C00E4
:10E27000000009C00000009C00000009C000000070
:10E280009C00009C00000BA9C00000BA9C00000B81
:10E29000A9C00000BA9C00000BA9C00000BA8E0003
:10E2A000000D94F40003F50CF868FD0009EFE91087
:10E2B0000CB000000AC05F200001F500E900008EEC
:10E2C0000008F0000E70001F6005F10000AD00C9ED
:10E2D000000003F43F3000000CBAC00000005FF5FE
:10E2E00000000000EE00006F10000DB00002F21FF1
:10E2F00060003FF10008D00BB0008BE6000D700607
:10E30000F000E69B002F2001F503F14F108D000077
:10E31000CA09B00E60D800006F0E6009B2F30000A9
:10E320001F9F1004F9D000000CFB0000EF800000DC
:10E3300007F600009F30003F50000DA008F2009D3E
:10E340000000CC04F300002F9E70000006FC0000CB
:10E350000009FE1000004F4DB00001E802F7000B6D
:10E36000D0007F207F20000BD00CB000009C002F3D
:10E3700050002F30009E000C900000E805F10000D6
:10E3800005F3E60000000CFD000000003F40000027
:10E390000002F3000000002F3000000002F3000034
:10E3A0004FFFFFFF9144444AF3000003F6000001D1
:10E3B000EA000000CC0000009E1000006F4000004A
:10E3C0003F7000001ED4444436FFFFFFFC8FF68DE3
:10E3D000318D008D008D008D008D008D008D008DA4
:10E3E000008D008D008D318FF65D000000F2000081
:10E3F0000B8000006D000001F200000B8000006D3A
:10E40000000001F200000B7000006D000001F2003E
:10E41000000B7000006D000001F2BFF325F302F362
:10E4200002F302F302F302F302F302F302F302F344
:10E4300002F325F3BFF300AD00001EC4000885A061
:10E4400000E20E105B00970B5002E0EEEEEEE00BE8
:10E45000C00009B004CFEA100B745DB0000004F0F6
:10E4600004CEEEF21F8214F24F1004F21F703DF240
:10E4700004DFD7F2BA000000BA000000BA000000C2
:10E48000BA8EFC30BFD54BF3BE1000CABA00007E76
:10E49000BA00007EBE1000CABFD55BF3B98EFC3057
:10E4A000007DFD6009F748F42F5000205F00000058
:10E4B0005F0000002F50002009F748F4007DFD6048
:10E4C0000000001F40000001F40000001F4008EFA2
:10E4D000C4F40AF748FF42F50007F45F00002F4537
:10E4E000F00001F42F50006F40AE637EF4008EFC0C
:10E4F0004F40008EFC400AD538F42F20008C5FEE90
:10E50000EEFF5F2111112F70001009F846E4007D25
:10E51000FE80009EE305F44108C000CFFFF029D340
:10E520002008D00008D00008D00008D00008D00093
:10E5300008D000007EFC4E60AF747FF62F50005F65
:10E5400065F00000F65F00000F62F60006F609F7BE
:10E5500047FF5007EFC4F50000003F20CB646EB0CA
:10E5600003AEFD8000BA000000BA000000BA00004F
:10E5700000BA8EFB20BFC56DD0BE0003F2BA00000A
:10E58000F4BA0000F5BA0000F5BA0000F5BA0000D0
:10E59000F5BAA800BABABABABABABABA000AB0009A
:10E5A0009900000000AB000AB000AB000AB000AB5D
:10E5B000000AB000AB000AB000AA064E71DFA0BA94
:10E5C000000000BA000000BA000000BA001CC0BA87
:10E5D00001CC00BA1CD100BBCF6000BFDBE100BDA5
:10E5E00011DC00BA003F70BA0007F3BABABABABA7F
:10E5F000BABABABABABAB99EFA15DFD40BFB45ED6E
:10E60000E64AF2BE0006F6000E7BA0004F2000C9CD
:10E61000BA0003F1000C9BA0003F1000C9BA000330
:10E62000F1000C9BA0003F1000C9B99EFB20BFB4B5
:10E630005DD0BE0003F2BA0000F4BA0000F5BA00E3
:10E6400000F5BA0000F5BA0000F5007DFD60009FFE
:10E65000748F702F50007F05F00001F35F00002FD2
:10E6600032F50007F009F748F70007DFD600B98E4A
:10E67000FC30BFC43AF3BE1000CABA00007EBA0034
:10E68000007EBE1000CABFD55BF3BA7EFC30BA0074
:10E690000000BA000000BA000000008EFC3F40AF4E
:10E6A000748EF42F50007F45F00001F45F00002FBE
:10E6B00042F50007F40AF748FF4008EFC4F40000F1
:10E6C000001F40000001F40000001F40B98E4BFD08
:10E6D00071BE100BB000BA000BA000BA000BA00076
:10E6E00005DFEA13F735A06F000001EE9610016A0E
:10E6F000EF300000D96C646F62AEFD7008D0000886
:10E70000D000CFFFF029D32008D00008D00008D0D7
:10E710000008D00005F551009FE3C80002F3C800CF
:10E7200002F3C80002F3C80002F3C90003F3AB0010
:10E7300007F35F837EF306DFC5F30D90000AA06E3A
:10E740000001F300F5007D0009C00E60003F24F0D9
:10E750000000C8B9000006FF3000000FC000C8006C
:10E7600006F1000D56D000CF6003F01F302F9C0043
:10E770009A00B807B2F10E4005E0D60C74E0000F25
:10E780006F007C990000AFA001FF400005F4000B72
:10E79000E0004F3007E109D02F4000D9D900003FF9
:10E7A000D000004FE10001E7BB000BB01E707E10EF
:10E7B00005F30D90000AA06F0001F300F6007D0044
:10E7C00009C00D60002F34F00000C9A9000005FF4A
:10E7D0002000000EC0000000E5000094AD00001B0A
:10E7E000FC2000005FFFFFA13337F40001E70000C9
:10E7F000CB00008E10004F40001EA33326FFFFFC0D
:10E80000006EA00F9201F4001F4001F4003F303F62
:10E81000C0006F3001F4001F4001F4001F4000FAF7
:10E820002005EA8B8B8B8B8B8B8B8B8B8B8B8B8BCA
:10E830008BBE5002AE0005F0005F0005F0004F10E7
:10E8400000DF104F5005F0005F0005F0005F002A68
:10E85000E00BE40007EC40B41E25DFC0010000001F
:10E8600004CC302B01C05700932B01C005CC3006DF
:10E87000A10FF60BE2000000000000000000000005
:10E8800000027BFB000000049DFFFFD00003AFFFF0
:10E89000FFFFFD0000AFFFFFFFDFD0000AFFFFB664
:10E8A00010ED0000AF9400000ED0000AF10000004F
:10E8B000ED0000AF1000000ED0000AF1000045FD91
:10E8C0000000AF1001EFFFD0179DF1005FFFFC0EBD
:10E8D000FFFF1000AFFD31FFFFE00000010003BDAE
:10E8E000A3000000000050188888888405FABFDD66
:10E8F000DDDDFDAFE47F100000CA4EE04F100000E8
:10E90000C80EFEEF100000CFEFE03FEEEEEEF80E87
:10E91000F68F766666EB6FF8AF100000CC8FE03FA5
:10E92000100000C80EFCDF655555EECFC25FFFFF3B
:10E93000FFF92C57750577777775FFFF1FFFFFFFEE
:10E94000FFFFFF2FFFFFFFFFEFFF0EFFFFFFFE01A7
:10E95000100011111110EFFE0EFFFFFFFEFFFF2F41
:10E96000FFFFFFFFFFFF1FFFFFFFFF68870788888C
:10E97000888668870788888886FFFF1FFFFFFFFF5C
:10E98000FFFF2FFFFFFFFFDFFD0DFFFFFFFD00007B
:10E99000000000015000000000001DF80000000011
:10E9A00001DFFD000000001DFFE22D600001DFFE21
:10E9B00020DFF7001DFFE2008FFF71DFFE2000085F
:10E9C000FFFEFFE20000008FFFFE2000000008FFB6
:10E9D000E200000000007D200000000000000000B8
:10E9E0007F60000BE2EFF600BFF84FFF6BFFD10432
:10E9F000FFFFFD10005FFFE10000BFFFF6000BFF0F
:10EA0000DFFF60BFFD14FFF5CFD1004FF6171000F8
:10EA1000036000000011000000000000FF00000083
:10EA2000006F21FF12F70006FF61FF16FF601FF95C
:10EA300001FF109FF16FE001FF100EF6AF8001FFA4
:10EA40001008FACF6001FF1006FCAF8000AA000892
:10EA5000FB7FD00000000DF71FF80000008FF107CA
:10EA6000FF91002AFF70009FFFEEFFF9000005CF25
:10EA7000FFFD5000000002442000000000000000E4
:10EA8000000000000AFFA0000000000CFFC0000012
:10EA900003D6DFFFFD6D300EFFFFFFFFFFE05FFFDE
:10EAA000FFAAFFFFF51AFFF4004FFFA103FFD000FC
:10EAB0000DFF3004FFF0000FFF404FFFFB22BFFFB0
:10EAC000F42FFFFFFFFFFFF209FEFFFFFFEF9000B3
:10EAD000505EFFE5050000000CFFC00000000004D0
:10EAE0007740000000000003100341000000009F79
:10EAF000F50DF50000001BFDFF8DF5000002DFB1F4
:10EB00002DFFF500004FF83EC2BFF50007FF55FF8F
:10EB1000FE39FE409FE38FFFFFF56FF6AC2AFFFF43
:10EB2000FFFF73E6005FFFFFFFFFF100006FFFD7FD
:10EB30007FFFF200006FFF900DFFF200006FFF906B
:10EB40000DFFF200004FFF700BFFE10000000033EB
:10EB500000000000000BFFB0000000000CFFC00030
:10EB60000000000CFFC0000000000CFFC00000000F
:10EB7000000CFFC00000008FFFFFFFF800002EFF19
:10EB8000FFFFE2000002EFFFFE200000002DFFE289
:10EB90000000799982DE289997FFFFFB22BFFFFFD3
:10EBA000FFFFFFFFFFFFFFFFFFFFFFFAB3CFACCC7C
:10EBB000CCCCCCCCCA0006BBBBBBBA3000004FFFEC
:10EBC000FFFFFFE10000EF30000006FB0009F80046
:10EBD000000000CF504FD0000000002FE1DF844242
:10EBE0000000344BF9FFFFFD0001FFFFFBFFFFFFBB
:10EBF000988BFFFFFCFFFFFFFFFFFFFFFCFFFFFF06
:10EC0000FFFFFFFFFB9FFFFFFFFFFFFFF60000007E
:10EC10000000003300018DFFC600EF004EFFFFFF34
:10EC2000E4DF04FFB3004CFFFF0EF90000008FFF8C
:10EC30006FC00001FFFFFF8E500001DEEEED00000F
:10EC4000000000000022222200000021FFFFFF1030
:10EC50000008F8FFFBBC10001EF4FFFC100001DFF1
:10EC6000C0FEEFE8448EFE10FE1AFFFFFFC100FD5C
:10EC70000028BB940000000002700002EF0002EFC9
:10EC8000FDFFFFFFFFFFFFFFFFFFFFFFFFFFFFFF96
:10EC9000FFFF3447FFF00005FF000005C000000043
:10ECA0000000027000000002EF00000002EFF00020
:10ECB0000DFFFFFF0220FFFFFFF08E1FFFFFFF0091
:10ECC000E7FFFFFFF03F5FFFFFFF08903447FFF0D3
:10ECD00000000005FF0000000005C000000000006B
:10ECE0000000000000000007700000000270000536
:10ECF000FA0000002EF000814F600002EFF001DD0D
:10ED000007F0DFFFFFF0321E80F6FFFFFFF08E27D7
:10ED1000E0B9FFFFFFF00E73F19BFFFFFFF03F54E0
:10ED2000F09AFFFFFFF0890AC0D83447FFF0007F58
:10ED300043F300005FF002F60CB0000005C00000D5
:10ED4000BF10000000000009E30000000000000206
:10ED5000100037888888888873EFFFFFFFFFFFFE69
:10ED6000FE32DFFFFFFFFFF9007FFFFDFFFFFD1019
:10ED7000CFFFA07FFFFFFFFFFA0007FFFFF35FA0B9
:10ED80000000CFFF3003000000CFFC0000000000B7
:10ED9000CFFFCCCCCCCCCCFFAFFFFFFFFFFFF90007
:10EDA000002000000001FA00000006FF1000000D26
:10EDB000FF7000006FFFF10001EFFFFA000BFFFF93
:10EDC000FF605FFFFFFFE0CFFFFFFFF6FEBFFFFF2B
:10EDD000F9FD4FFFFFF9BF49FFFFF53FE52EFFD0DB
:10EDE00006FFFFFD200028BA600004300000311F3C
:10EDF000E00006F91FE0007FFA1FE009FFFA1FE0BC
:10EE0000AFFFFA1FEBFFFFFA1FFFFFFFFA1FFFFF25
:10EE1000FFFA1FE6FFFFFA1FE05FFFFA1FE004FFA3
:10EE2000FA1FE0003EFA0FD00002D70000000000F9
:10EE30000200000000000CFB2000000000FFFF901B
:10EE40000000000FFFFFE6000000FFFFFFFC3000A6
:10EE50000FFFFFFFFF9100FFFFFFFFFFE60FFFFF28
:10EE6000FFFFFFF2FFFFFFFFFFFD0FFFFFFFFFF8B8
:10EE700000FFFFFFFFB2000FFFFFFD400000FFFF9C
:10EE8000F70000000FFFA1000000006A4000000032
:10EE900000001444200144420DFFFF10DFFFF1FF8A
:10EEA000FFF30FFFFF3FFFFF40FFFFF4FFFFF40FF3
:10EEB000FFFF4FFFFF40FFFFF4FFFFF40FFFFF4F87
:10EEC000FFFF40FFFFF4FFFFF40FFFFF4FFFFF4086
:10EED000FFFFF4FFFFF40FFFFF4FFFFF30FFFFF3D3
:10EEE0009FFFC009FFFC001444444444420DFFFF4F
:10EEF000FFFFFFF1FFFFFFFFFFFF3FFFFFFFFFFFF0
:10EF0000F4FFFFFFFFFFFF4FFFFFFFFFFFF4FFFFD7
:10EF1000FFFFFFFF4FFFFFFFFFFFF4FFFFFFFFFFBC
:10EF2000FF4FFFFFFFFFFFF4FFFFFFFFFFFF4FFF5C
:10EF3000FFFFFFFFF39FFFFFFFFFFC000210000039
:10EF4000420FE20003FB0FFE3004FB0FFFF404FB53
:10EF50000FFFFF54FB0FFFFFFAFB0FFFFFFFFB0F3D
:10EF6000FFFFFFFB0FFFFFD6FB0FFFFD14FB0FFFA3
:10EF7000C104FB0FFB0004FB0CA00003FA0000001F
:10EF8000000000000012000000000003FF6000000D
:10EF900000002EFFF500000001EFFFFF4000001D04
:10EFA000FFFFFFF30000CFFFFFFFFE200AFFFFFF80
:10EFB000FFFFE00EFFFFFFFFFFF203999999999978
:10EFC00050058888888888700FFFFFFFFFFFF30FC8
:10EFD000FFFFFFFFFFF40BFFFFFFFFFFD10000006B
:10EFE000000000003F9000003FFC00003FFD1000CB
:10EFF0003FFD10003FFD10001FFD100000CFF4008A
:10F000000000CFF4000000CFF4000000CFF40000B7
:10F0100000CFE0000000A4000000000000CD1000C0
:10F02000001FFD1000003FFD1000003FFD1000001C
:10F030003FFD1000003FFD000008FF900008FF901A
:10F040000008FF900008FF900002FF90000007807A
:10F05000000000000004500000000002FF600000FB
:10F0600000003FF70000000003FF70000000003FB9
:10F07000F7000006999AFFC99980FFFFFFFFFFFF85
:10F080003DFFFFFFFFFFF201113FF71110000003EA
:10F09000FF70000000003FF70000000003FF700059
:10F0A0000000000CD30000006999999999980FFF0E
:10F0B000FFFFFFFFF3DFFFFFFFFFFF200000000067
:10F0C000000000000156640000000003BFFEEFF9DD
:10F0D0001000007FFA1003DFE40008FFA009B41E4F
:10F0E000FF504FFF200BFF26FFE1EFFF09CFFF632B
:10F0F000FFFABFFF09FFFF54FFF61EFF51DFFB09B8
:10F10000FFB003EFE204305FFC10002CFF956AFFB4
:10F110009000000049DFFD920000000000000000A8
:10F12000000000CD20000000000000008FF500145A
:10F13000664000000004EFACFFEFFF910000001CF0
:10F14000FFA1004DFE300000009FF5AB31EFF40051
:10F1500007B105FFFFE17FFE100FFE302DFFF54FD9
:10F16000FF900CFFE000AFF65FFF6002FFF40006C7
:10F17000FFEFFB00004FFD10003EFFC0000002DF6C
:10F18000E85401BFE300000005AEFF6007FF600028
:10F190000000000000004EF600000000000000012A
:10F1A000A10000000000000000000000003ED000B0
:10F1B00000000000000CFF80000000000006FFFFC0
:10F1C000200000000000EFFFFB00000000008FFCAB
:10F1D000CFF4000000002FFB00FFD00000000BFF69
:10F1E000C00FFF70000004FFFD01FFFF100000DFF3
:10F1F000FFE02FFFFA00007FFFFF9BFFFFF3001FE0
:10F20000FFFFB00EFFFFC00AFFFFFE24FFFFFF60FD
:10F21000FFFFFFFFFFFFFFFA06CCCCCCCCCCCCCB62
:10F22000300000000000360000000000007F80DD9C
:10F23000DB00008DEFF8FFFFB007FFFFFD556FF417
:10F240006FF8AFE2000574FF907E2000003FFA00E7
:10F2500000000002EFB2504A00012EFD1DF48FB0F5
:10F26000FFFFD10BFFFFFBFFFE2000CFFFFB1221B2
:10F270000000029FC000000000005B00000007A02B
:10F280000000000008FFB000000008FFFFB0000011
:10F2900008FF95FFB00008FF9005FFB007FF900042
:10F2A00005FFB09F90000005FD0040000000031026
:10F2B0004C20000000B60BFE200000CFF02EFE20F8
:10F2C00000CFF4002EFE20CFF400002EFECFF4007D
:10F2D00000002EFFF4000000002EF40000000000EB
:10F2E0001300000000083000000000000000BFF321
:10F2F00008BBBBBB90000BFFFF39FFFFFFF1008F86
:10F30000CFCFF000000AF100382F948000000AF1FE
:10F3100000002F900000000AF100002F9000000371
:10F320000AF130002F9000001FCBF8F8002FEBBB44
:10F33000BB39FFFFE2001FFFFFFFB09FFD20000071
:10F340000000000008D10037888700000000EFFFB0
:10F35000FFA0000000FFFFFFFDCCCCB6FFFFFFFFCA
:10F36000FFFFFFFFFFFFFFFFFFFFFFFFFFFFFFFFAD
:10F37000FFFFFFFFFFFFFFFFFFFFFFFFFFFFFFFF9D
:10F38000FFFFFFFFFFFFFFFFFFFFFFFFFFAFFFFFDD
:10F39000FFFFFFF900000000000000000001DD1089
:10F3A000000000001DFFD100000001DFFFFD100084
:10F3B000001DFFFFFFD100009FFFFFFFF9000001CC
:10F3C0001CFFC1100000000CFFC0000000000CFF7B
:10F3D000C0000000000CFFC0000079993BFFB3990A
:10F3E00097FFFFB2442BFFFFFFFFFEDDEFFFFFFFA4
:10F3F000FFFFFFFAB3CFACCCCCCCCCCCCA00000022
:10F4000000000200000000000004FFC70000000030
:10F4100000AFFFF0000000001FFFFD00000000062D
:10F42000FFFFC00000000008FFF700000000000C14
:10F43000FF300000000004FFC00000000001EFF3F7
:10F4400000004A3002DFF80005DFFE15EFFB000088
:10F45000EFFFFFFFFA00000BFFFFFFF70000007F48
:10F46000FFFFA200000002BA850000000000048631
:10F470000000001006FFFA0002DFD1EF3CF101DFCF
:10F48000FA0EE0AF21DFFA009FEFF6DFFA00008D01
:10F49000FFFFFB00000006FFFD00000048EFFFF645
:10F4A00000006FFFFBFFF6000EF3CF23FFF600EE28
:10F4B0000AF204FFF609FEFC0004FFF108DA10006E
:10F4C00002620000000000000000006FFFF98700EA
:10F4D0000008FFFF98F708A68FFFF95990FFA8FFD3
:10F4E000FFFCCC0FFA8FFFFFFFF1FFA8FFFFFFFF2C
:10F4F0001FFA8FFFFFFFF1FFA8FFFFFFFF1FFA8F2B
:10F50000FFFFFFF1FFA8FFFFFFFF1FFA7FFFFFFFD5
:10F51000F0FFE3122222210FFFFFFFF90000ACCC25
:10F52000CCCB5000004999999995000EFFFFFFFF41
:10F53000F600FD2222224FF60FC0000001FFF3FC6F
:10F540000000001FFF6FC0000002FFF6FFFFFFFF7B
:10F55000FFFF6FFFFFDCFFFFF6FFFFB005FFFF6F50
:10F56000FFF6000FFFF6FFFFC006FFFF6FFFFFED86
:10F57000FFFFF69FFFFFFFFFFD10CDDDDDDDDDDDD1
:10F580002FFFFFFFFFFFF3122222222222000000A2
:10F59000000000000000000000000FFFFFFFFFFF61
:10F5A000F3DEEEEEEEEEEE200000000000000000C4
:10F5B000000000000DEEEEEEEEEEE2FFFFFFFFFFBB
:10F5C000FF3000000000000037888888888873EFCB
:10F5D000FFFFFFFFFFFEEFFFFFFFFFFFFE1CFFFF30
:10F5E000FFFFFFC1D28FFFFFFFF82DFF64EFFFFE8B
:10F5F00045FFFFFA2BFFB2AFFFFFFFD3553DFFFFE3
:10F60000FFFFFFBBFFFFFFFFFFFFFFFFFFFFAFFF9E
:10F61000FFFFFFFFF9000000000001FFFFF0000402
:10F62000FFFFD00006FFFF800008FFFF30000AFF49
:10F63000FFAAA60CFFFFFFF80EFFFFFFE10BDDDFC7
:10F64000FF6000004FFD0000007FF3000000BFA03E
:10F65000000000FF10000003F800000003C00000DD
:10F660000000200000000455EFB5520000FFFD1F10
:10F67000FFB0000FFFFFFFFC0000FFFF533320002F
:10F680000FFF97FFFB5700FFF8AFFFC6F80FFF8A89
:10F69000FFFC4AA1FFF8AFFFE3220FFF8AFFFFFF45
:10F6A000F4FFF8AFFFFFFF4FFF8AFFFFFFF4355273
:10F6B000AFFFFFFF40000AFFFFFFF400007FFFFFE6
:10F6C000FE20000001100000000000AF000000005C
:10F6D000018FFA30000002EFFFFF500000BFFFFF74
:10F6E000FF10001FFFFFFFF50003FFFFFFFF70008B
:10F6F0005FFFFFFFF90008FFFFFFFFC000DFFFFF14
:10F70000FFFF209FFFFFFFFFFD0EFFFFFFFFFFF248
:10F71000022222222221000008FFC000000000096E
:10F72000A20000005BBBBBBBBBBBBBA3FFFFFFFFDB
:10F73000FFFFFFFBFC0C30E11D0D11FCFC0B30E06A
:10F740001D0D10FCFFFEFFEFFEFEEFFCFFF15A085F
:10F7500070A05FFCFFF37B2992C27FFCFFBFCBBB95
:10F76000BBBFCBFCFC0B2000000D00FCFFCFCCCCC2
:10F77000CCCFCCFB9FFFFFFFFFFFFFF60000000098
:10F7800000000200000000000005DFB000000000E3
:10F7900007EFFFD000000018FFFFFF70000029FFF7
:10F7A000FFFFFF00003BFFFFFFFFF8000AFFFFFF26
:10F7B000FFFFF1000FFFFFFFFFFFA000049AAAAFB9
:10F7C000FFFF20000000000EFFFB00000000000E05
:10F7D000FFF400000000000EFFC000000000000E5B
:10F7E000FF5000000000000DFD00000000000004BC
:10F7F000B300000035555502000FFFFFF2F400FF83
:10F80000FFFF2FF40FFFFFF2FFF3FFFFFF32221F76
:10F81000FFFFFFFFF7FFFFFFFFFF8FFFFFFFFFF877
:10F82000FFFFFFFFFF8FFFFFFFFFF8FFFFFFFFFF5F
:10F830008FFFFFFFFFF8FFFFFFFFFF8FFFFFFFFFBF
:10F84000F88AAAAAAAAA30000000245531000000B4
:10F850000003AFFFFFFFC7000002BFFFFEDEFFFF98
:10F86000F6005FFFB51000038EFFB0DFD30000008D
:10F8700000008FF5180005AEFEC81004600002DF1E
:10F88000FFFFFFF80000000CFF95347DFF400000F3
:10F8900002A20000007700000000000296000000B5
:10F8A000000000000DFF500000000000000EFF608F
:10F8B00000000000000005DA000000005BBBBBBBDD
:10F8C000BBBBBBBA20FFFFFFFFFFFFFFFF90FC1297
:10F8D00022222222220FF7FC5FFFFFFFFFFF2CFAFC
:10F8E000FC5FFFFFFFFFFF21FAFC5FFFFFFFFFFF51
:10F8F00027FAFC2666666666661FFAFEBBBBBBBBC4
:10F90000BBBBBFB1AFFFFFFFFFFFFFFF5000000019
:10F910000000000000005BBBBBBBBBBBBBBA20FF51
:10F92000FFFFFFFFFFFFFF90FC1222222221000FAA
:10F93000F7FC5FFFFFFFF8000CFAFC5FFFFFFFF82A
:10F940000001FAFC5FFFFFFFF80007FAFC2666667D
:10F950006663000FFAFEBBBBBBBBBBBBBFB1AFFF57
:10F96000FFFFFFFFFFFF500000000000000000004D
:10F970005BBBBBBBBBBBBBBA20FFFFFFFFFFFFFFF7
:10F98000FF90FC1222221000000FF7FC5FFFFFD057
:10F9900000000CFAFC5FFFFFD0000001FAFC5FFFE3
:10F9A000FFD0000007FAFC2666665000000FFAFE42
:10F9B000BBBBBBBBBBBBBFB1AFFFFFFFFFFFFFFFCD
:10F9C000500000000000000000005BBBBBBBBBBBE5
:10F9D000BBBA20FFFFFFFFFFFFFFFF90FC122200DA
:10F9E0000000000FF7FC5FFF300000000CFAFC5F26
:10F9F000FF3000000001FAFC5FFF3000000007FA52
:10FA0000FC2666100000000FFAFEBBBBBBBBBBBBF5
:10FA1000BFB1AFFFFFFFFFFFFFFF5000000000007E
:10FA2000000000005BBBBBBBBBBBBBBA20FFFFFF42
:10FA3000FFFFFFFFFF90FC0000000000000FF7FC3D
:10FA40000000000000000CFAFC00000000000001B3
:10FA5000FAFC00000000000007FAFC0000000000B3
:10FA6000000FFAFEBBBBBBBBBBBBBFB1AFFFFFFF11
:10FA7000FFFFFFFF5000000000000000000000003A
:10FA8000000007B20000000000000ADFFA000000DA
:10FA9000000000A93DF5000000044002E000100055
:10FAA0000000AFF80B600000006C30FFFFFFFFFFAD
:10FAB000FFFFFFF4AFF9000C5000006D400550004F
:10FAC00004C00000100000000000C43EE800000078
:10FAD0000000002EEFFA000000000000004FFA00C6
:10FAE0000000000000000000000000000110000005
:10FAF0000007EFFFB30000AFFD8FFF2004FFFD09FB
:10FB0000FFB00AFEFD12AFF00EF55D2C0EF30FFFF5
:10FB100033129FF50FFFF307FFF60FFFE206FFF624
:10FB20000FFE24137FF50DF57D2C0DF30AFFFD115B
:10FB3000BFF003FFFE0BFFA0007FFEBFFE1000031F
:10FB4000ACDC810000003443000005667FFFF966ED
:10FB500050FFFFFFFFFFFF356666666666501CCCF0
:10FB6000CCCCCCC402FFFFFFFFFF602FF3FB7F6D07
:10FB7000F602FF2FB7F5DF602FF2FB7F5DF602FF85
:10FB80002FB7F5DF602FF2FB7F5DF602FF2FB7F591
:10FB9000DF602FF3FB7F6DF601FFFFFFFFFF5007D4
:10FBA000BCCCCCCC90000000000000012000000084
:10FBB000000004FF500000000002FFFF50000000A2
:10FBC0000439FFFE00000004FF39FFA0000004FF1D
:10FBD000FF39B0000004FFFFFF20000004FFFFFF1B
:10FBE000B0000004FFFFFFB0000004FFFFFFB00003
:10FBF0000004FFFFFFB0000000BFFFFFB0000000E7
:10FC00000DFFFFB000000000FFFFB0000000000982
:10FC1000A8600000000000000017888888888740DE
:10FC20000002EFFFFFFFFFFFF4003EFFFFCFFFCF1B
:10FC3000FFF703EFFFF908F809FFF83EFFFFFE208A
:10FC4000402EFFF8DFFFFFFFE101EFFFF89FFFFF0E
:10FC5000FF80008FFFF809FFFFF902C209FFF800DB
:10FC60009FFFFE4EFE4EFFF80009FFFFFFFFFFFF64
:10FC7000F700008FFFFFFFFFFFC100000000000042
:10FC800003EFFFFFE203FBFBCEBFA4FF1D03A1FABE
:10FC9000FFF1D03A1FAFFFFFFFFFFAFFFFFFFFFFAB
:10FCA000AFFFFFFFFFFAFFFFFFFFFFAFFFFFFFFF09
:10FCB000FAFFFFFFFFFFAFFFFFFFFFFAFFFFFFFFAE
:10FCC000FFADFFFFFFFFF829AAAAAAA800000000C5
:10FCD0000000000300000000000004F10008200004
:10FCE0000001FF100BF70000002FF10CFF944444BB
:10FCF00045FF1BFFFFFFFFFFFFF18FFFFFFFFFFF30
:10FD0000FD007FF70000000000006F6000000000B1
:10FD10000000300000000000E1C6D165C145B0E33D
:10FD2000D8CCC0CBA8AA8869893578F468D348B103
:10FD300059B65175413430D23A5531F329B2190FC1
:10FD40001C5C1BBA13380A3404DC045A03B702B330
:10FD5000057804B40411030C044F03CD034B02686F
:10FD600045083C672BE61AE47D886CE7544533432D
:10FD7000C646ADA59CE483A2FEC6FE05FD44F3E2A3
:10FD8000FD80FD00FC60FB60FC60F3E0EB60E28066
:10FD9000F283E243DA02B9A16A685A0649A5392416
:10FDA000536F42CC3229218773AE630C4208210481
:10FDB000EA8AE38EECD3FE7AFF5DEA0FF312F47663
:10FDC000FDDAFF3DAA37BB59CC9BE5FCF73E7AB87C
:10FDD00093B9B4FBD63DEF3E5B587C399D5BC65D65
:10FDE000EF5E453E65BE965FBEFFE79F2DBE4E1E91
:10FDF00086BFB73FE7BF263B4E9C86FDB75EE7BF99
:10FE000025334DB58658B6FBE79E65CD8630A6B442
:10FE1000CF39EFBD9E6CAEB0C714DF79F7DDD70ADE
:10FE2000DF2EE773F7B8FFDCFF6BFF8EFFB3FFD861
:10FE3000FFFCFE45FEA9FF10FF76FFDCFD24FDA9B7
:10FE4000FE70FF16FF9CFB88FC4CFD52FE77FF5CAA
:10FE50008B6CA44FBD54D679EF5D7C939535B5F886
:10FE6000CEDBEF7EBDF7E71CEF7DF7BEFFDFF206CE
:10FE7000E8EC993661D63A9624BE055E05FA04B1DF
:10FE80004D6A8E09CEE7FF47FE00FCC0FAA47AA9AE
:10FE900063F19CF300003C027804B306EE08280BE3
:10FEA000610D990FD01106143A166C189D1ACB1CCF
:10FEB000F71E212148236C258E27AC29C72BDF2D67
:10FEC000F32F0332103418361C381C3A173C0E3E00
:10FED000FF3FEC41D443B64593476A493C4B084D3C
:10FEE000CD4E8D504652F953A5554B57EA58825A7C
:10FEF000135C9C5D1F5F9A600D627963DD643966F7
:10FF00008D67D9681D6A596B8C6CB76DD96EF36FAC
:10FF100004710C720B730174EE74D275AD767F7739
:10FF200047780679BB79677A0A7BA27B327CB77CFB
:10FF3000337DA57D0D7E6C7EC07E0B7F4B7F827FE7
:10FF4000AF7FD27FEB7FFA7FFF7F202C2E3B3A2DB5
:10FF50005F000000E8B4020851CC01080000000076
:10FF600000000000A1D00108000000000104000012
:10FF7000E8B40208A9DD0108A1D6010800000000CC
:10FF800089DC010804010D0000060000E8B4020845
:10FF900087DE0108000000000000000000000000F3
:10FFA000D127D12744020000E8B4020845E1010846
:10FFB000B9DE01080000000049E9010804018200DF
:10FFC0008503000042746E310042746E3200427448
:10FFD0006E330042746E340042746E3500436865BF
:10FFE000636B20626F780000E8B4020885EE0108B8
:10FFF000BDEE010800000000D5EE0108D127D12791
:020000040803EF
:10000000C4020000EF81B8004F7074696F6E203138
:100010000A4F7074696F6E20320A4F7074696F6E88
:1000200020330000E8B4020847F20108DDF10108BE
:100030000000000081F801080000000080020000BC
:10004000E8B4020879F5010879F20108000000001F
:10005000ADFA01088200D12705040000E8B40208C7
:1000600051FE0108A5FE010800000000D1000208B1
:10007000D127D127C0030000546578740000000028
:10008000E8B40208A5130208BB070208000000003C
:10009000FD0E0208D127D127C0040000E8B40208F1
:1000A000F517020800000000000000001118020807
:1000B000D127D127C00200004F7074696F6E2031C4
:1000C0000A4F7074696F6E20320A4F7074696F6ED8
:1000D00020330A4F7074696F6E20340A4F70746950
:1000E0006F6E203500000000800003080000000053
:1000F0000000000000000000191D020800000000C0
:10010000C0040000E8B402087D1C020800000000E2
:1001100000000000991E0208D1278200C5020000DD
:1001200070FF0208312302080000000000000000F8
:10013000552402080000000085070000E8B402080A
:100140007B2B0208732B020800000000A52B02087D
:1001500034001E0084020000E8B40208D92F02080F
:10016000932F020800000000B9350208D127D127DB
:1001700085030000E280A200E8B40208053D020801
:100180002F380208000000006D43020804018200BD
:10019000040600004553503832363620636D643A09
:1001A0002025730D0A0045535038323636206163DE
:1001B0006B206D6973733A2025730D0A002B2B2B6E
:1001C000004F4B004E6F20455350383236362D319C
:1001D00032462064657465637465640D004154455E
:1001E000310041542B43574D4F44453D3100576931
:1001F00046692063726564656E7469616C73206E14
:100200006F7420636F6E666967757265643B2073F7
:100210006B697070696E67206A6F696E0D004E655C
:1002200074776F726B2074696D652070617273658D
:10023000722070656E64696E673B207573696E67C6
:1002400020736166652064656661756C74207469ED
:100250006D650D00302E312E302D68616C2D6D696D
:1002600067726174696F6E0056506574437562659C
:100270002048414C000D0A5B25735D2025730D0A53
:10028000006F6B006661696C004D5055363035303B
:100290002070726F62653A2025730D0A0055534134
:1002A000525432204553503832363620616E642025
:1002B00055534152543620696E707574205258203F
:1002C00061726D65640D0052544320696E69743A21
:1002D0002025750D0A005553415254362065766528
:1002E0006E743A20256325630D0A004C56474C2056
:1002F000696E69740D004C56474C20646973706CCC
:100300006179206F6E6C696E65004C56474C2069B0
:100310006E69742073637265656E207265616479BD
:100320000D007569006D6F6E69746F720048414C05
:1003300020696E697420636F6D706C6574650D0063
:1003400000000000010203040000000000000000A3
:10035000010203040607080900061016000610161D
:1003600049444C4500546D725100546D72205376CF
:100370006300232D302B2000686C4C0065666745B8
:10038000464700303132333435363738394142430D
:1003900044454600303132333435363738396162BE
:0803A0006364656600000000C3
:0803A80028FEFC7F01000000AB
:0403B000B50100088B
:0403B40091010008AB
:1003B80001FF000050C4020850C3020850C20208DE
:1003C8007AC1020850C4020850C4020850C4020886
:1003D80050C4020800000000A0C40208A0C302081C
:1003E800A0C20208FCC10208A0C40208A0C40208F6
:1003F800A0C40208A0C4020800000000D4C3B2A12F
:100408006F000000F5C40108CDC4010895C40108B7
:100418004DC401087BC301081DC5010845C3010877
:10042800C4FF0208C9FF0208CEFF0208E902030858
:10043800D3FF0208D8FF0208EA0203080024F400E8
:100448000100000010000000AAAAAAAA00000000EB
:1004580003000000206E0120AC0000200000000016
:10046800206E0120886E0120F06E0120000000003F
:100478000000000000000000000000000000000074
:100488000000000000000000000000000000000064
:100498000000000000000000000000000000000054
:0804A80000000000000000004C
:0400000508025AB5DE
:00000001FF
